Month,CHIM,COPX,CROP,CUT,DUST,FLM,FTAG,FTRI,FXZ,GDX,GDXJ,GNR,GOEX,GRES,GUNR,HAP,IGE,ITB,IYM,LIT,MOO,MXI,NUGT,PICK,PKB,PSCM,PYZ,REMX,RING,RTM,SBM,SIL,SILJ,SLVP,SLX,SMN,SOIL,URA,UYM,VAW,VEGI,WOOD,XHB,XLB,XME
2019-05,-0.09813365,-0.12689394,-0.04557969,-0.09403586,-0.04353448,-0.07635516,-0.10168794,-0.01885246,-0.08219895,0.01218324,-0.01076015,-0.06461676,-0.01923077,-0.0459298,-0.0502621,-0.05566489,-0.06871961,-0.02214606,-0.06679679,-0.09284404,-0.04839468,-0.05517774,0.02214765,-0.05874587,-0.03462185,-0.14545455,-0.09632721,0.04073034,0.00990712,-0.06334245,0.07242489,-0.06577852,-0.12810945,-0.06506024,-0.04883227,0.14316392,-0.06984127,-0.05311203,-0.13672496,-0.0642754,-0.08434995,-0.13207547,-0.0408867,-0.0542457,-0.12055477
2019-04,-0.04819277,-0.03789568,0.01076261,-0.0125,0.14718163,0.01569243,0.0602357,-0.01124498,-0.00025793,-0.04872495,-0.04957874,-0.01321204,-0.03252427,-0.02204554,-0.00934298,-0.00083056,-0.00943693,0.07201356,0.01238423,-0.04430599,0.02287893,0.00474079,-0.15591398,-0.0380774,0.06980057,0.00602785,0.0056563,-0.11597779,-0.04767442,0.00782487,-0.01025364,-0.05959246,-0.05561993,-0.05263158,-0.06700532,-0.02496382,0.01700319,-0.05533905,0.01960784,0.01616776,0.01730837,-0.01444154,0.04443874,0.01988283,-0.04599603
2019-03,-0.02547771,0.00459559,0.00531749,-0.01152738,-0.10627781,-0.0234192,-0.04061977,0.00327332,-0.01707633,0.03317972,0.00922392,0.00889878,-0.00657586,0.00329429,0.0126778,0.00478604,0.00319693,0.02293179,-0.00032805,-0.04777927,0.00402576,0.01326595,0.07729995,0.01735429,-0.00324091,-0.06667978,-0.02983607,-0.0175,0.02991202,0.00123422,0.0021254,0.01499423,-0.00225989,0.03389831,-0.00571855,0.00210526,-0.02114165,0.01627339,-0.00853485,0.00252484,-0.00815025,-0.01351141,0.00077882,0.01388381,-0.03917125
2019-02,0.06909548,0.07276303,-0.01757632,-0.00217865,0.03329694,0.03684103,-0.0029301,0.02782462,0.03105756,-0.01462118,-0.01309379,0.01035803,-0.00543971,0.00257922,0.01001252,0.00795003,0.00455581,0.01409278,0.02781828,0.03743501,0.00600454,0.02079639,-0.05680191,0.02546064,0.04977204,0.08265698,0.03376315,0.09246575,-0.00797267,0.02905094,-0.02790698,0.0,0.02555556,0.01208791,0.02297677,-0.05802387,0.01066098,-0.01903251,0.04985063,0.03075113,-0.00458231,-0.03965621,0.04876712,0.02871622,0.01449753
2019-01,0.08333333,0.12582418,0.07067371,0.13251029,-0.21300742,0.07170795,0.07953005,0.10315985,0.10694072,0.07790974,0.08671283,0.09277079,0.10319043,0.08283552,0.09494324,0.09277071,0.10989811,0.12763852,0.05201283,0.05096012,0.08503521,0.07886931,0.2289504,0.11865672,0.09857383,0.14569536,0.08744186,0.06642336,0.08599509,0.0740505,-0.05111977,0.07826778,0.10072816,0.08680143,0.12443311,-0.10880374,0.06659142,0.09012876,0.10347699,0.06974017,0.0933642,0.1504363,0.11793462,0.05063291,0.15239532
2018-12,-0.0839599,-0.08996024,-0.05125786,-0.09988777,-0.27229147,-0.0818,-0.08274721,-0.06602954,-0.11390728,0.09048604,0.12175204,-0.07521719,0.10523385,-0.04286798,-0.06778028,-0.07491389,-0.13388853,-0.08259407,-0.08882834,-0.14131127,-0.09334183,-0.06104746,0.252149,-0.05432878,-0.11532738,-0.14629431,-0.1298338,-0.20375807,0.07989348,-0.09447758,0.08981092,0.0812446,0.03741935,0.10171731,-0.10574949,0.19182283,-0.09025641,-0.08254717,-0.18222839,-0.0938809,-0.09410945,-0.10059824,-0.09461345,-0.08495543,-0.11899932
2018-11,0.00515132,-0.03024194,0.05225893,-0.03621068,0.05114358,-0.0163805,0.01504729,-0.04163127,0.00592513,-0.02465331,-0.055,-0.0530051,-0.04584222,-0.03737972,-0.04225796,-0.02361071,-0.03450459,0.00718301,-0.0064053,-0.0029316,-0.01047711,-0.03950339,-0.0885989,-0.0682202,-0.00521221,-0.034699,-0.02126615,-0.00481348,-0.02775942,0.01334256,-0.04410307,-0.03842905,-0.10419162,-0.09348093,-0.08106134,0.01457919,-0.03131313,0.02631579,-0.02417932,0.00376948,-0.00748396,-0.05565611,0.01147118,0.00953093,-0.07400257
2018-10,-0.135183,-0.13145756,-0.06586064,-0.12536349,-0.10187324,-0.11796958,-0.10469592,-0.06164932,-0.12694175,0.02059621,-0.00256787,-0.09613418,-0.01493333,-0.02214022,-0.07499253,-0.0726333,-0.13335189,-0.11459521,-0.10811085,-0.08801729,-0.06597651,-0.09874514,0.02167183,-0.09782951,-0.12169492,-0.14653429,-0.13317825,-0.12002212,0.01610644,-0.09221103,0.14399093,-0.04082492,-0.09803922,-0.02463054,-0.07490205,0.22496206,-0.09644195,-0.10344828,-0.20840137,-0.11431412,-0.06955336,-0.12149407,-0.11251314,-0.10072564,-0.1111437
2018-09,-0.00991832,0.0653142,-0.00785916,-0.01404405,-0.08666199,0.03924097,0.00388651,0.04292929,-0.01226256,0.0273285,0.00851852,0.04855416,0.01582106,0.02150132,0.04390091,0.03756001,0.01696377,-0.06381282,-0.01691332,0.04014244,0.02637014,0.02561728,0.06876553,0.08239316,-0.03917125,-0.00110314,0.00661473,0.02615122,0.0296457,0.011491,0.02433372,0.0187234,0.01183432,0.03136763,0.07203179,0.03372549,0.01142857,0.06425703,-0.03314917,-0.01172619,0.03383856,-0.02431651,-0.04046243,-0.011044,0.02512107
2018-08,-0.04988914,-0.09498911,-0.01699629,0.00924745,0.41344778,-0.02026667,-0.01132503,-0.01390025,-0.00827032,-0.12142857,-0.12360624,-0.02695977,-0.11534884,-0.00112191,-0.01253056,-0.00749584,-0.02740105,0.00186866,0.00259974,-0.00254858,0.01972735,-0.02416247,-0.35460302,-0.06793394,0.02831446,0.01588474,-0.01239193,-0.07227672,-0.13614458,-0.0047323,0.00057971,-0.09472511,-0.10707071,-0.12289916,-0.06783468,-0.0059312,0.01625239,-0.03358779,0.00057078,0.00060496,-0.00139179,0.03477911,0.01614143,0.00257688,-0.04737589
2018-07,0.03196859,0.01245704,0.00278897,0.0112504,0.09642427,0.04400663,0.02373541,0.03190596,0.03922518,-0.0359745,-0.01956522,0.02080706,-0.02266546,-0.00110865,0.01592649,0.02591549,0.02523836,-0.00632745,0.03777458,0.00538657,0.03809367,0.03483949,-0.11368421,0.0483559,-0.00098555,0.03845422,0.0479033,-0.03285924,-0.03402537,0.03013076,0.00407451,-0.0311174,-0.03992395,-0.04295704,0.06597304,-0.0762902,0.03264095,0.03147128,0.07191011,0.03407155,0.03443329,-0.02268555,0.00229768,0.03411289,0.01340177
2018-06,-0.1085,-0.06891089,-0.02115614,-0.04627093,-0.00082988,-0.02129157,-0.03431555,-0.03330626,-0.03652862,0.0,-0.00306373,-0.02115111,-0.02204586,-0.01401365,-0.01225344,-0.01688913,0.00471829,-0.01145535,-0.01499145,-0.03233679,-0.01099612,-0.03207465,-0.02727637,-0.05906797,-0.02029639,-0.01110693,-0.03379152,-0.10630942,-0.0101983,-0.01069668,-0.00808314,-0.05435863,-0.0390554,-0.04743833,-0.06922909,0.01976744,-0.00585938,-0.03684211,-0.03219373,-0.01548857,-0.01913709,-0.037125,0.00667694,-0.01243738,-0.0531427
2018-05,0.01061142,0.00280561,0.01055807,0.01786834,-0.00497719,-0.02487476,0.0240458,0.02265101,0.04725572,0.00135196,0.00061444,0.02181208,0.01282051,0.01906158,0.01746859,0.01671309,0.03310305,-0.01162791,0.0268119,0.00433705,0.01087673,0.01730104,-0.00396354,0.02123077,0.01709964,0.056245,0.06990741,-0.05163156,-0.00504767,0.0213195,-0.0504386,-0.00066644,0.0101196,0.0,0.00022217,-0.06550374,0.02602603,-0.03458425,0.05040851,0.02636148,0.01985816,0.01138544,-0.00486805,0.02149767,0.08759988
2018-04,0.01852805,0.01977401,0.05069984,0.0316129,-0.02137097,0.06872601,0.02686916,0.04137931,0.00689485,0.00226142,0.00092822,0.05809587,0.03385178,0.01815487,0.05763039,0.04499274,0.10151803,0.0076497,0.03598833,0.02708732,0.02562374,0.03351869,-0.00277888,0.03858318,0.00066291,0.03363914,0.04888467,0.01075714,0.0005596,0.02653302,-0.04976178,-0.00395648,0.03330162,0.0226378,0.07152941,-0.08840146,0.0338809,0.10207469,0.06805169,0.02825225,0.01948755,0.04461313,-0.01382488,0.02344752,0.03975721
2018-03,-0.04264494,-0.03908918,0.01389318,0.02795839,-0.07313541,0.00394407,-0.0188537,0.00600343,-0.02047541,0.01863933,0.0078765,0.00240017,0.02036949,0.00551673,0.00286442,-0.00169972,0.01953987,0.02856394,-0.0363729,-0.01681443,0.00164772,-0.01449925,0.05238095,-0.03719256,0.02337833,-0.01001571,-0.02655786,-0.06604128,0.02091807,-0.02542769,0.05177265,0.03336738,0.00288462,0.03166496,-0.08004269,0.07065824,-0.02295409,-0.06821705,-0.07816556,-0.03052381,-0.01631378,0.04680443,0.01792024,-0.03158625,-0.07771018
2018-02,-0.03481013,-0.03564933,-0.04649828,-0.03391413,0.3172988,-0.06477273,-0.04391774,-0.03718674,-0.03839205,-0.09923664,-0.06692561,-0.06234768,-0.04867257,-0.04127317,-0.05462687,-0.05468543,-0.10302004,-0.10346453,-0.03891429,-0.0725403,-0.03144753,-0.05227209,-0.29497973,-0.04487722,-0.10481752,-0.03566009,-0.04554484,-0.02501813,-0.10507057,-0.0379092,0.0297442,-0.08375157,-0.07906559,-0.08552632,-0.00771208,0.04619673,-0.03636364,-0.09693514,-0.08187287,-0.04100278,-0.03053691,-0.0166135,-0.0880073,-0.03959089,-0.02675862
2018-01,0.09148418,0.00073153,0.00460697,0.03646338,-0.01282639,0.03974966,0.03635709,0.03716216,0.00971312,-0.00253271,-0.04146411,0.03244838,-0.04126316,-0.00662021,0.02359069,0.02849315,0.0039852,-0.02317577,0.02230082,-0.05376066,0.03333333,0.03704238,-0.0507225,0.0301434,-0.01440922,0.01357812,-0.00364095,-0.00473761,-0.00468262,0.00818797,-0.04379977,-0.03797468,-0.04280822,-0.03996367,0.03561095,-0.04943558,-0.00190658,-0.10057655,0.0482731,0.01966416,0.03726708,0.06116078,0.00683995,0.02552978,-0.02141502
2017-12,0.0169144,0.13254036,0.01080923,0.03017097,-0.12523226,0.01787884,0.01587302,0.02716915,0.0436987,0.04191077,0.07502374,0.05477592,0.08772748,0.03428155,0.04296875,0.04126984,0.04136473,0.01330532,0.03084199,0.01204819,0.02158516,0.0374981,0.11622962,0.11349899,0.0087668,0.01053453,0.04564502,0.09076175,0.04476777,0.04278833,-0.04196185,0.05083089,0.07930368,0.06039604,0.11065363,-0.06527137,0.04444444,0.07692308,0.06328012,0.02869893,0.03261649,0.02358491,0.016527,0.02962189,0.14143682
2017-11,-0.04489995,-0.0570969,-0.00807615,0.0023427,0.00073855,0.01508507,-0.00841258,-0.00607112,0.00677146,-0.00045086,-0.0143975,-0.0069867,-0.02857143,0.00958349,-0.00487805,0.0069869,0.00459418,0.0718065,-0.00091884,0.00079702,0.01436634,-0.0028649,-0.02795996,-0.02392658,0.04701244,0.03039392,0.00209518,0.04042105,-0.00392817,0.01308677,0.00768808,-0.0318612,-0.05253456,-0.03188406,-0.00867568,-0.01072578,-0.02366864,0.18251273,-0.00114123,0.00398651,-0.0088968,-0.00379009,0.05735294,0.00451389,0.00129199
2017-10,0.01698302,0.01951827,0.00909891,0.03014553,0.06436421,0.01755329,0.03246753,0.02772809,0.02132937,-0.02505495,-0.04816034,0.01970329,-0.06236372,0.00148313,0.01330229,0.00590667,-0.01433801,0.08315038,0.02240926,0.04075323,0.01903265,0.02792076,-0.09016651,0.01387949,0.05130656,0.01063616,0.01538227,0.03796909,-0.03945946,0.03064721,-0.03292618,-0.03329261,-0.07718696,-0.04722222,-0.00715198,-0.04663738,0.0110999,-0.1011583,0.0471798,0.02350158,0.02449726,0.03707659,0.03298655,0.02760846,-0.03242052
2017-09,0.00251004,-0.0816641,0.00088443,0.026901,0.23036398,0.03174898,0.06206897,0.023766,0.03323812,-0.07321063,-0.07346826,0.02037432,-0.0539761,0.00299625,0.01318013,0.0304971,0.06742671,0.06989089,0.03240741,0.09448575,0.03701016,0.00599464,-0.20741483,-0.04723127,0.05878355,0.07876788,0.0297913,0.08007718,-0.07353677,0.03135498,-0.0585,-0.0610775,-0.10307692,-0.06643357,-0.03225,-0.06664619,0.06344086,-0.04912023,0.06637974,0.03173426,0.03246508,0.0438751,0.04006368,0.03024645,-0.02161654
2017-08,0.09470124,0.05045492,-0.02352249,0.01429095,-0.23175182,0.0007453,-0.01324238,-0.00459559,0.00500395,0.08255659,0.07551693,0.00941801,0.07206406,0.00911854,0.01242236,-0.00183711,-0.03772987,-0.00966608,0.00884163,0.08706043,-0.00926431,0.02276423,0.2170043,0.05536212,-0.00949153,-0.02053747,0.00843334,0.08017103,0.07921867,0.00432856,0.02197241,0.02125148,0.03967611,0.03451408,0.05100671,-0.01792115,-0.03075292,-0.04583921,0.01254875,0.00584893,-0.01089406,0.01172638,-0.01315097,0.00700227,0.04774624
2017-07,0.11326658,0.18700787,0.01469265,-0.00256787,-0.18072651,0.01245048,0.02489796,0.03071017,-0.00629921,0.06415094,0.04498594,0.05082592,0.03519196,0.03792967,0.04974582,0.03255373,0.01935484,0.00149031,0.01469248,0.06295488,0.0232818,0.0452381,0.16851918,0.10445469,-0.00808353,-0.01357466,0.01987084,0.23853211,0.07163658,0.01523372,-0.03070827,0.04846626,0.07161346,0.04229323,0.05270496,-0.03115984,0.03846154,0.07627765,0.027695,0.00580368,0.02584877,0.01013121,-0.00475436,0.00667302,0.0456574
2017-06,0.06108898,0.03762887,-0.00950401,0.01950488,0.04009434,0.01785714,-0.00727861,-0.01342282,0.01310861,-0.02286996,0.06544755,-0.00205181,0.0638198,0.00118765,-0.00943396,-0.00127551,-0.01292825,0.03409091,0.00334641,-0.02870305,-0.00317876,0.00951557,-0.09016641,0.03240178,0.02486188,0.02248442,0.01327731,0.0242915,-0.03107658,0.00604262,-0.02510864,-0.02979462,-0.02605863,-0.01261261,0.0502677,-0.01720311,-0.00441501,0.02717826,0.00756212,0.00916174,-0.00735579,0.01167315,0.01856336,0.00638668,0.03052893
2017-05,-0.03483871,-0.0619255,0.03202957,0.00576258,-0.15237543,-0.01300191,0.01530823,-0.00570342,-0.00859753,0.04626168,0.00320821,-0.00153886,-0.01198709,-0.01797577,-0.00793651,-0.00949668,-0.03336481,0.00312305,-0.00960315,0.03683241,0.0051088,0.00069747,0.121,-0.02839117,-0.03721245,-0.038262,-0.02270091,0.00133511,0.03302961,-0.00074786,-0.00336862,0.03098927,0.04149026,0.03255814,-0.0427838,0.02793142,-0.00221239,-0.02332815,-0.02661392,-0.00629419,0.00509205,0.01709998,-0.00352304,-0.00039162,-0.02374302
2017-04,-0.03018868,-0.0460251,0.01284864,0.03998401,0.09280109,0.03351627,0.01469353,0.01254826,0.01109908,-0.04150284,-0.12019759,-0.00407747,-0.08481589,-0.00232378,-0.00572451,0.00063311,-0.02714242,0.01649746,0.00569701,0.01727375,0.02205456,0.00494875,-0.13580576,-0.02692308,0.02441577,0.02834367,-0.00049644,-0.04330963,-0.04942166,0.01652893,0.02113022,-0.04142341,-0.06032483,-0.05121528,-0.05087051,-0.01554404,0.00221239,-0.12661675,0.00944596,0.01611491,0.02041633,0.02894122,0.02289655,0.01632816,-0.02470389
2017-03,-0.06313891,-0.08308479,-0.0263319,-0.00988142,-0.04725139,0.00650888,0.01269036,0.00585938,-0.0179799,-0.00749559,-0.04381512,-0.01305221,-0.00417188,-0.01575711,-0.01550388,-0.01274479,-0.02315914,0.02390953,-0.00861178,0.06498195,-0.01502187,-0.00805745,-0.068561,-0.05186797,-0.0061665,-0.03187251,-0.04222467,-0.0816568,-0.00741918,-0.01207394,-0.01309408,-0.02707137,-0.08417266,-0.0239521,-0.08793103,0.01086351,0.0,-0.08608059,-0.02068966,-0.01586485,-0.01142632,0.00415088,0.01191796,-0.01292344,-0.08664596
2017-02,0.03393086,-0.06757877,0.00967541,0.00728155,0.09382227,0.00748988,-0.00982486,-0.02661597,0.00107875,-0.04164896,-0.02983892,-0.02242711,-0.05647438,-0.00077549,-0.01894737,-0.01061174,-0.02561083,0.05454545,0.01268073,-0.02851485,-0.00057637,-0.01665498,-0.13815188,-0.04494786,0.00070249,-0.01367814,0.03631799,0.01504212,-0.03652263,-0.01150043,-0.03101504,-0.05718783,-0.08226568,-0.06168831,0.02932705,-0.02912874,-0.04766949,0.00555556,0.02441773,0.00589529,0.00639488,0.02503765,0.044122,0.00059916,-0.02313223
2017-01,0.17697063,0.19706923,0.02485474,0.03069807,-0.28811156,0.02174363,0.05191874,-0.00663507,0.04205476,0.09967396,0.12279653,0.0383917,0.13828786,0.02738095,0.03833516,0.02471117,-0.0206659,0.04489051,0.03885658,0.07090987,0.03827655,0.07056375,0.28847279,0.12168232,0.02037898,-0.01059996,0.01141008,0.10448761,0.10562181,0.04701484,-0.03184713,0.12697938,0.16295707,0.133829,0.06075028,-0.09024848,0.06590909,0.31066461,0.07430088,0.03884298,0.03532835,0.01712856,0.00986842,0.03943251,0.0739507
2016-12,-0.03320755,-0.05885238,0.03106212,0.02035513,-0.13516919,-0.002079,0.03081232,0.04274354,-0.00170891,0.0152484,-0.02967543,0.01279318,0.00926377,0.01672787,0.01010857,0.01683168,0.00555718,0.01834519,-0.00359712,0.01275847,0.02429483,0.00133664,-0.01171494,-0.03697749,0.00326087,0.01580087,-0.00699301,-0.0094086,0.00953516,0.00285845,0.00182315,-0.03557312,-0.05208333,-0.01915709,-0.03454039,0.00330345,0.05035971,0.10572687,-0.00759442,0.00064839,0.01477417,0.04187638,0.0119084,0.00126077,-0.02587065
2016-11,0.04412924,0.21509886,-0.00396694,0.03940887,0.5450656,0.03257821,0.00951022,0.0373444,0.10024984,-0.17104731,-0.18337531,0.04078212,-0.19278557,-0.05388761,0.02906977,0.03260124,0.07794257,0.07420635,0.08851707,0.03268271,0.02984438,0.03137951,-0.47554077,0.11437613,0.13790256,0.23485455,0.1002994,0.09513274,-0.18181818,0.08697801,-0.0685384,-0.17332667,-0.12,-0.17384495,0.21034946,-0.16121356,0.02096178,0.05503731,0.17866602,0.09062468,0.02092415,0.05064881,0.08390692,0.07454258,0.22326531
2016-10,0.00475059,0.04824561,-0.01866752,-0.02379922,0.07235726,-0.01151631,0.01545147,0.00103842,-0.02419843,-0.05520752,-0.06564551,-0.0013947,-0.07759604,-0.00038911,-0.00193798,-0.01621074,-0.02910539,-0.05940959,-0.01701622,-0.02067752,-0.01412013,0.00098445,-0.21226216,0.03529958,-0.03740157,-0.03061224,-0.04358655,0.00073529,-0.05860291,-0.02224895,0.01654646,-0.0759343,-0.08322237,-0.07318895,0.06831858,0.03061013,-0.00367197,-0.05574614,-0.03862957,-0.02187347,0.00263852,0.00941029,-0.06166464,-0.01959489,-0.02850356
2016-09,0.02019386,0.05193951,0.03229028,0.00043085,-0.10083356,0.02810458,-0.02265219,0.01476793,-0.01157614,0.00038462,0.0123397,0.01789264,0.00753296,0.01542112,0.0332,0.01056218,0.03534238,-0.04588441,-0.0120952,-0.00043802,-0.01802362,0.01192369,-0.04201681,0.07267297,-0.0096302,0.03313332,0.00978996,-0.04259777,0.01119403,-0.00381543,0.01507321,0.00047114,-0.01811125,0.01116071,0.03677823,0.01558223,-0.03900709,-0.05351438,-0.01970443,-0.00968617,-0.01298701,-0.00206782,-0.05636208,-0.01579745,0.0240481
2016-08,0.05063291,-0.07352941,-0.00890795,0.02581219,0.68528939,0.02708654,0.05109127,0.02012712,0.01814882,-0.17581334,-0.18000416,0.0054582,-0.17605858,-0.0345092,-0.01465347,0.00861475,0.03064884,0.00069759,0.00091455,-0.00788436,0.0461039,0.00889788,-0.46557327,-0.02544031,-0.02982849,0.02467811,-0.04787868,-0.00895934,-0.19028974,0.00443805,-0.01191489,-0.16541658,-0.17152281,-0.14725131,-0.05720265,-0.01119171,0.06415094,0.00160643,0.00541516,0.00635324,0.0362254,0.03063646,0.0,0.00305144,-0.10874277
2016-07,0.01984469,0.10888444,0.01542589,0.05307263,-0.22235577,0.04267458,0.03767821,0.00105042,0.05504587,0.05318404,0.10333567,0.03058549,0.08315863,0.02786499,0.02850261,0.02085506,-0.0094162,0.03848947,0.05334613,-0.00518135,0.02259763,0.05385428,0.11111111,0.09787234,0.04489164,0.0868681,0.10121382,0.0368272,0.03726708,0.04687306,-0.04430894,0.10713472,0.13724227,0.11681548,0.13436893,-0.10329959,0.02022756,-0.03004622,0.1053152,0.05175412,0.0199456,0.055895,0.06895504,0.05030731,0.16069942
2016-06,0.02402135,0.05984138,0.00513875,-0.03278689,-0.52826298,-0.04019435,-0.01898102,0.01498929,0.00576738,0.2196868,0.26223338,0.03061534,0.28272007,0.06160939,0.04616688,0.02003578,0.03346457,-0.00073153,-0.01074538,0.01717305,-0.0202194,0.00814926,0.69501268,0.06107306,-0.00771307,0.01067932,0.01507829,-0.0021322,0.21202532,-0.01014475,0.00528241,0.30761935,0.26033421,0.29489796,0.10537919,0.0052356,-0.03970223,0.0311253,-0.02711208,-0.00622005,-0.01519214,-0.05282689,-0.02357505,-0.0092509,0.11401425
2016-05,0.00807175,-0.14883149,0.01384562,0.0,0.23183542,0.00198151,3.88292683,-0.05633803,-0.01205966,-0.11048839,-0.10909598,-0.05924238,-0.14924782,-0.02888527,-0.05772293,-0.03450656,-0.02059202,0.0252259,-0.01492939,0.06353722,-0.00128783,-0.04946061,-0.35268554,-0.13469985,0.02659786,-0.03470214,-0.02929027,-0.01003584,-0.12031835,-0.01246791,0.0081666,-0.07530648,-0.10686427,-0.10564663,-0.15867707,0.02027667,-0.04245283,-0.08284457,-0.03225047,-0.00761267,0.01217313,0.01478702,0.00543642,-0.00695535,-0.1052185
2016-04,-0.02449694,0.23048048,-0.00417391,0.02242991,-0.58226074,0.0403115,0.04166667,0.12696629,0.03722167,0.28333333,0.36241108,0.11723479,0.59150531,0.05694564,0.1218638,0.09859689,0.13056058,-0.01869858,0.05151128,0.06111111,0.04594839,0.08431329,0.99284211,0.16420455,-0.0028135,0.09773957,0.081616,0.07807571,0.29003559,0.05351821,-0.05153846,0.38309637,0.57243816,0.40377358,0.17094389,-0.10352981,0.02300242,0.03225806,0.10427037,0.04487316,0.05100095,0.02490942,-0.0126506,0.04102203,0.19583968
2016-03,0.07189542,0.13682432,0.06693489,0.0777332,-0.31567272,0.08682927,0.04292528,0.06565064,0.09565857,0.07553366,0.11435832,0.07147696,0.07437458,0.05815538,0.06341694,0.05597459,0.09395712,0.07782258,0.0605371,0.10579065,0.02505219,0.07324614,0.14376997,0.13218391,0.0938884,0.15223771,0.09255939,0.06620808,0.0754352,0.06368808,-0.05611511,0.18492509,0.33594976,0.17378498,0.23786143,-0.12254758,0.05436157,0.13487973,0.12156511,0.06733968,0.02480545,0.08874724,0.07047743,0.04890765,0.20925926
2016-02,0.071,0.20957447,0.00149477,-0.00510986,-0.65964494,0.00601805,0.00271297,0.01715686,0.06682673,0.32338654,0.31952663,0.07179867,0.29191489,0.04516756,0.07283058,0.05503413,0.01940178,0.01513877,0.06668879,0.04553625,0.01804186,0.05729032,1.07277628,0.1174743,0.02079482,0.01716418,0.02802429,0.10735586,0.34728033,0.09411041,-0.07394137,0.26020408,0.35582822,0.32270169,0.11293375,-0.14325003,0.02503294,-0.01886792,0.1325771,0.06406894,0.01866801,-0.01802024,0.01659329,0.07381083,0.20988593
2016-01,-0.10554562,-0.12705667,-0.01355422,-0.08973173,-0.10296248,-0.03423161,-0.0496124,-0.02690058,-0.06639314,0.00865801,-0.03582888,-0.05332869,-0.04830508,0.0004878,-0.0460333,-0.03229763,-0.04660856,-0.07448861,-0.08822192,-0.09145346,-0.04316877,-0.07734412,-0.02624046,-0.10775296,-0.0538662,-0.0973481,-0.07589766,-0.1088314,0.05631244,-0.095325,0.10071174,-0.04338154,-0.04536489,-0.05484461,-0.08103448,0.18777354,-0.09845789,-0.08234363,-0.17795368,-0.08592322,-0.04110251,-0.09420452,-0.08957055,-0.09287849,-0.07142857
2015-12,0.00720072,-0.07248764,0.00821202,-0.06313993,-0.03786617,-0.05617978,-0.17577002,-0.11156602,-0.05582694,-0.0224475,-0.00110072,-0.05806033,-0.01035375,-0.02600473,-0.06633348,-0.05893609,-0.11575778,-0.0637925,-0.04837566,-0.00695187,-0.02540875,-0.05001111,-0.12748644,-0.06166868,-0.06579469,-0.07064555,-0.05191693,-0.10189573,0.0,-0.04787513,0.05678827,-0.063593,-0.04061896,-0.08503401,-0.08715833,0.08572334,-0.06063947,0.01761409,-0.09527458,-0.05253623,-0.02399631,-0.07059306,-0.06812447,-0.05005821,-0.0776699
2015-11,-0.03231293,-0.16491228,0.00763359,0.01789612,0.20063355,-0.02197071,-0.1531001,-0.17458946,-0.0148532,-0.08395904,-0.07600208,-0.04638854,-0.08073541,-0.0295203,-0.04797209,-0.03635015,-0.02852459,0.04148148,0.00157255,-0.03410853,-0.00773652,-0.03287908,-0.27386935,-0.11378205,0.03651452,-0.0311673,0.0115105,-0.04027885,-0.09764603,-0.00340671,-0.01152416,-0.07110439,-0.09581882,-0.06907895,-0.08353109,-0.01129681,-0.02285092,-0.07294833,0.0023298,0.00032192,-0.00414747,0.04137343,0.00541465,0.00376559,-0.09863339
2015-10,0.09132841,0.15853659,0.0722449,0.09853659,-0.39787432,0.06679389,0.09108378,0.14400806,0.09474492,0.11544343,0.06674082,0.09716459,0.13165014,0.05960591,0.08593375,0.08718788,0.10929974,0.02763916,0.12538524,0.10334873,0.05925575,0.09512428,0.28518173,0.06789413,0.05947625,0.09678478,0.11759323,0.0765391,0.1165524,0.11016701,-0.11685824,0.08635864,0.188,0.10251799,0.0990364,-0.22418494,0.04493088,0.06969206,0.26536035,0.11797413,0.07665505,0.09462366,0.03182629,0.12164675,0.03900256
2015-09,0.03041825,-0.13304411,0.0180067,-0.0411215,-0.10966868,-0.03708855,-0.13738663,-0.11608775,-0.05850291,0.00374813,-0.00541419,-0.06798317,0.01164875,-0.04039924,-0.04317869,-0.04084839,-0.04768633,-0.03383459,-0.04525593,0.02881152,-0.05776093,-0.04761905,-0.05608247,-0.06847826,-0.04549356,-0.0749616,-0.03799156,-0.11447563,-0.01136364,-0.05710695,0.09472213,-0.02382213,0.046,-0.03304348,-0.11434016,0.08900457,-0.08076514,-0.09963636,-0.10254083,-0.05020872,-0.07385321,-0.05235721,-0.02921414,-0.04437035,-0.1391162
2015-08,-0.1043956,-0.05412371,-0.072,-0.04735013,-0.32174145,-0.01448952,-0.00163506,-0.01878736,-0.02716644,0.06332046,0.08290744,-0.05944363,0.06376812,-0.00823422,-0.05348934,-0.04929831,-0.01576123,-0.01692474,-0.05196288,-0.07272727,-0.05962556,-0.05385097,0.07102273,-0.06276953,-0.00083822,-0.04920814,-0.04157234,-0.09067189,0.06060606,-0.03627822,0.04645208,0.05097614,-0.01119403,-0.01003344,-0.04628821,0.08779412,-0.03420523,-0.00909727,-0.10844287,-0.04746598,-0.07838284,-0.05351522,-0.02740105,-0.04848628,0.0344086
2015-07,-0.176875,-0.16919853,-0.02981229,-0.01740977,0.74528611,-0.01622807,-0.18447108,-0.16212439,-0.03303601,-0.20509781,-0.16636029,-0.06585695,-0.15907274,-0.09105824,-0.07407407,-0.06301824,-0.07864489,0.02830882,-0.06817882,-0.10409797,-0.03417301,-0.05633528,-0.54137235,-0.1085595,0.02161933,-0.06372935,-0.04424089,-0.13351801,-0.20974889,-0.04859398,0.10526316,-0.18776551,-0.18074074,-0.20026008,-0.11102574,0.14275968,-0.03780718,-0.10906863,-0.13749464,-0.05466787,-0.03158737,-0.03236901,0.0181615,-0.0554078,-0.15511111
2015-06,-0.1529219,-0.0456778,0.00820589,-0.02582257,0.29723837,-0.01808786,-0.11238998,-0.04125737,-0.03398525,-0.08837454,-0.05585661,-0.03990731,-0.0439315,-0.04202335,-0.04069767,-0.03972037,-0.0423341,0.0254366,-0.04129196,-0.07608696,-0.02513431,-0.03897799,-0.25781881,-0.10593062,-0.01097509,-0.03681291,-0.02175573,-0.14367542,-0.08918033,-0.03478365,-0.00164204,-0.04984424,-0.05858311,-0.09122807,-0.07163121,0.08069853,-0.00187617,-0.1505432,-0.08128956,-0.03612703,-0.02149277,-0.02223987,0.01689576,-0.03979461,-0.09329099
2015-05,-0.0088741,-0.10439321,0.02714067,0.00083022,0.08036909,-0.01464036,-0.02816282,-0.11415525,-0.00762873,-0.03388973,0.02555366,-0.02943359,-0.01527273,-0.0193769,-0.0313917,-0.02168525,-0.05646679,0.01120556,-0.01765291,-0.02246715,0.01960784,-0.02196007,-0.11362254,-0.04984205,0.02208748,-0.01944652,-0.00152614,-0.06291834,-0.04361371,-0.00935354,0.01882058,0.01341752,-0.0069541,0.01911589,-0.0754717,0.02032289,0.00278552,-0.05700483,-0.03581635,-0.01104813,0.03153693,0.00039659,0.01961933,-0.0124683,-0.04795804
2015-04,0.29618979,0.1765625,0.04023904,0.01915709,-0.17701572,0.07824296,0.02685624,0.17825189,0.02696405,0.04695838,0.0354139,0.06118649,0.09754163,0.05100402,0.06003752,0.05487603,0.06980098,-0.07881417,0.03208975,0.10669856,0.01025126,0.03453539,0.11933064,0.09161491,-0.01206377,0.00226986,0.00581734,0.09216363,0.06018519,0.03413353,-0.03909953,0.0136,0.02308802,0.05176768,0.14113662,-0.06634582,0.04023553,0.14324768,0.06542642,0.02430243,0.00953566,-0.01281293,-0.05310734,0.03055125,0.07692308
2015-03,0.0296077,-0.05844794,-0.02404033,-0.01672241,0.35497485,0.00091596,-0.12811814,-0.07106274,-0.02544283,-0.12148148,-0.1317292,-0.0596827,-0.10930576,-0.05466361,-0.06267705,-0.04955527,-0.01878201,0.02134707,-0.05171347,-0.06049661,-0.04114108,-0.05527457,-0.35165787,-0.08122551,0.01213172,-0.0176135,-0.03080657,-0.0543835,-0.13075061,-0.05702887,0.0536829,-0.11926606,-0.08502024,-0.125,-0.07352434,0.10157585,-0.07234432,-0.05758355,-0.10140581,-0.04312076,-0.0519429,-0.02344801,0.01362475,-0.05517097,-0.06399412
2015-02,0.04163454,0.15759637,0.03569996,0.04705365,0.11664085,0.08335401,0.06223629,0.15666179,0.07977607,-0.05205479,-0.03560372,0.05160611,-0.06493506,0.03957262,0.04030781,0.02987983,0.0187212,0.08730477,0.06891964,0.07380254,0.0357648,0.06705202,-0.17481452,0.10989011,0.10414658,0.05466068,0.06122449,0.09767442,-0.04382022,0.09471508,-0.07106991,-0.05902307,-0.06188119,-0.05714286,0.05409304,-0.13112885,0.0729064,0.06453362,0.14100065,0.06856084,0.02601626,0.03035112,0.05173445,0.07004067,0.06308411
2015-01,0.00309358,-0.17661098,0.03815514,0.02983725,-0.46321502,-0.04481132,-0.01713923,-0.17192331,-0.0539281,0.17694805,0.11106365,-0.02069146,0.09802432,-0.03042122,-0.01904064,-0.01760104,-0.04262575,-0.01308485,-0.03247175,-0.02650602,0.01178416,-0.00779575,0.53394324,-0.07796984,-0.02686145,-0.08829268,-0.01804124,-0.06170421,0.1910871,-0.00917314,0.02332016,0.08853194,-0.02348578,0.08886256,-0.09787658,0.05933209,0.04826863,-0.1154224,-0.0681445,-0.03029998,0.00947282,0.0227365,0.01405868,-0.01988827,-0.12144344
2014-12,0.02182385,-0.01932139,-0.02079935,0.01412944,0.05836603,0.02636034,-0.06539834,-0.03625378,0.00569705,-0.06174778,-0.12922002,-0.02991128,-0.06758721,-0.02730375,-0.03345196,-0.01095714,-0.01044903,0.01234568,-0.00440016,-0.03975678,-0.01022077,-0.02353834,-0.22711038,-0.03654252,0.01424501,0.04709776,-0.00669687,0.00694789,-0.06709677,0.012977,0.00436681,-0.05234851,-0.04842615,-0.04137931,-0.05248447,-0.00404108,-0.00314465,-0.06605081,-0.01320333,0.00773537,-0.00447518,0.02776038,0.03413718,0.00472228,-0.05602883
2014-11,0.01696222,-0.03383128,-0.01585414,0.01379945,-0.26313485,-0.04392353,-0.00836413,-0.01511628,0.01172529,0.02476959,-0.02736318,-0.01447828,0.03249391,0.00839374,-0.00671853,-0.01453856,-0.06527484,0.0729035,0.01335408,0.00646054,0.03273872,0.01069927,-0.03480562,-0.03988134,0.01315171,-0.03701051,-0.00019406,-0.0320632,0.03015428,0.02775606,-0.05117188,0.01440249,0.00637755,0.00982801,-0.06640182,-0.03216131,0.01149425,0.12827091,0.02602684,0.01753846,0.02442053,-0.00393131,0.06996021,0.02276349,-0.03980404
2014-10,0.00770416,-0.05337195,0.05074875,0.05499276,0.67672235,-0.03140533,-0.02990476,-0.05381658,0.0094181,-0.19575699,-0.2768254,-0.01117318,-0.24028043,0.00534964,-0.02187286,-0.01081917,-0.03682365,0.08100686,-0.00154242,-0.02351375,0.03164012,-0.01362449,-0.52728164,-0.0125847,0.05701537,0.04109928,0.01665687,-0.06652268,-0.21049629,0.00446019,-0.00078585,-0.18127688,-0.21129707,-0.15957447,-0.0115926,-0.01202606,0.00626305,-0.09027778,-0.0089481,0.00728579,0.01542952,0.06247241,0.0675916,-0.00045188,-0.01481705
2014-09,-0.03313697,-0.10850757,-0.04834906,-0.04720835,0.7014365,-0.0621118,-0.1301957,-0.09353575,-0.04848295,-0.17233107,-0.16265383,-0.06343534,-0.17678381,-0.05531609,-0.06986216,-0.0691414,-0.07608449,-0.06204845,-0.02219225,-0.09196321,-0.02557756,-0.06122098,-0.44586278,-0.10554765,-0.06554392,-0.09358639,-0.04773055,-0.15787611,-0.16508539,-0.02035176,-0.000819,-0.201789,-0.2177814,-0.20357751,-0.07941613,0.04457435,-0.05073171,-0.13200157,-0.0458153,-0.02634918,-0.02635783,-0.05154853,-0.06027668,-0.01069402,-0.14622523
2014-08,-0.03620565,-0.04438375,-0.00585252,0.02755722,-0.06915503,0.0226178,-0.02068429,-0.05695912,0.0353208,0.01890508,-0.00127421,0.00985001,-0.02308078,0.01564774,0.0152236,0.02365157,0.03382762,0.08705666,0.03685877,0.01253538,0.02646063,0.00606586,0.044075,-0.02876902,0.06147144,0.06008885,0.06217617,-0.03638254,0.01547117,0.04162317,-0.0232,-0.01703407,-0.02029664,0.01612903,0.00717112,-0.07535295,0.01576355,0.04102977,0.06879419,0.04080186,0.01956788,0.03275156,0.06901408,0.03769752,0.05937993
2014-07,0.11102172,0.03908451,-0.02006947,-0.04818744,-0.00470218,-0.02609223,0.01028037,0.04293893,-0.0524206,-0.01258356,0.00702211,-0.02028796,0.00650325,-0.03377903,-0.02010517,-0.02999167,-0.03865695,-0.11504065,-0.02593874,-0.02261008,-0.03717246,-0.01610715,-0.05613947,0.03258074,-0.07616487,-0.05126498,-0.02276147,0.01470588,-0.01169864,-0.03351392,0.02311436,-0.01190476,0.00623053,-0.0515873,0.01649175,0.04903709,-0.04502814,0.01888309,-0.05134296,-0.02854612,-0.04552529,-0.04738562,-0.10792952,-0.02231058,-0.02154399
2014-06,0.03583333,0.01297765,0.00623782,-0.01010989,-0.42935762,-0.00040437,0.01799903,0.03333333,0.01447907,0.18703704,0.26658081,0.02941176,0.3201581,0.00779037,0.03477141,0.03371758,0.06847698,0.03139584,0.01610265,0.01887567,-0.00040683,0.0216897,0.63504137,0.0278849,0.02798507,0.0557004,0.0232468,0.02817417,0.16267682,0.02692557,-0.02798581,0.25793404,0.31454918,0.21356275,0.03678581,-0.03474243,0.01427212,-0.03286385,0.02828054,0.01964736,0.00590551,0.02322176,0.04095112,0.01187542,0.08440111
2014-05,0.00250627,0.05755118,0.00157233,0.02538531,0.15767655,0.00754948,0.00312397,0.03097574,0.02067183,-0.05420642,-0.04280977,0.00731596,-0.09382423,0.01476945,0.00845804,0.01168566,0.01606715,0.0177259,0.03150631,0.01038206,0.01026062,0.00353294,-0.17085969,0.00572117,-0.01831502,0.00620377,0.03646988,-0.05522955,-0.06005089,0.01723452,-0.02834163,-0.06559264,-0.08102955,-0.08022388,0.00262192,-0.06553205,-0.00285714,-0.01079414,0.06146381,0.02999688,0.02633712,0.03021148,0.00631649,0.03613054,-0.06465853
2014-04,-0.006639,0.02426412,0.00676213,-0.03038309,-0.08255579,0.01395543,0.01444596,0.03940362,-0.01869455,0.01785714,0.01950195,0.0235706,0.00644028,0.00107914,0.02220013,0.01775673,0.04026846,-0.04977188,0.00090803,-0.04820717,0.00576725,0.00903454,0.03911638,0.00571257,-0.04124616,-0.03631795,-0.01986625,0.01331465,0.0164271,0.00329946,-0.01135933,-0.02030735,0.0094697,-0.02954342,-0.01748971,-0.00859462,0.00763359,-0.14056356,0.00160321,-0.00556931,0.0,-0.02530044,-0.05727848,0.00278746,0.00103977
2014-03,0.0025,-0.02021773,0.00402414,-0.01482127,0.29782974,0.02344916,0.00977483,-0.0172144,0.00869285,-0.1023931,-0.13649168,0.01905669,-0.13336714,-0.01663717,0.01720648,0.02779475,0.02196679,-0.06977656,0.01216127,-0.04152249,0.03253243,0.00321371,-0.30224429,0.02220167,0.00132626,0.02551264,0.01393658,-0.00212766,-0.09949098,0.0189087,-0.01011994,-0.08961558,-0.18266254,-0.12130886,0.0472973,-0.0273199,0.03152709,-0.04422764,0.02326064,0.01134573,0.03723849,-0.01966467,-0.03277675,0.01062072,0.01161563
2014-02,0.04878049,0.08688457,0.04904406,0.08495822,-0.31450915,0.0730563,0.03097103,0.06488332,0.10091743,0.11071745,0.16818458,0.07752923,0.16494218,0.07215716,0.08118884,0.07599478,0.07753425,0.09210526,0.09359677,0.15801457,0.05762332,0.08365237,0.32689058,0.09300065,0.09879518,0.08631796,0.092172,0.05945347,0.10328638,0.09330003,-0.05857445,0.165253,0.17728532,0.18522073,0.04020931,-0.1710727,0.06548857,0.19418605,0.19530864,0.09634819,0.04946996,0.08279974,0.11311755,0.09486981,0.07520498
2014-01,-0.04916733,-0.05042669,-0.03690616,-0.02504394,-0.22207729,-0.01694915,-0.03056844,-0.0513089,-0.03014243,0.06604215,0.08212878,-0.04914934,0.10951403,-0.00443459,-0.03454172,-0.04546842,-0.03551983,0.00872093,-0.04124545,-0.03504274,-0.05604167,-0.03496125,0.1899201,-0.05377302,-0.01005944,-0.01818182,-0.02535328,-0.02563202,0.0572372,-0.04163823,0.04846467,0.03622095,0.15212766,0.05703048,-0.07410143,0.08037518,-0.028,0.05633803,-0.08263576,-0.03599914,-0.05612454,-0.01870927,-0.04627007,-0.03965184,-0.064739
2013-12,-0.02859293,0.08010013,0.00856698,0.04144144,-0.10503708,0.04245077,0.00799444,0.07492958,0.05368895,0.0204285,0.02591409,0.03540252,0.00807043,0.01809273,0.02573018,0.0353567,0.02521008,0.09414414,0.04828748,0.02636128,0.03509145,0.04680216,0.02238071,0.04595588,0.06289006,0.0599434,0.04527814,-0.0330494,0.01798144,0.04862398,-0.04756871,0.03466148,-0.01653804,0.01239669,0.06562017,-0.09435462,0.00395257,0.02434236,0.05334821,0.04773644,0.0315877,0.04180134,0.0631859,0.05171544,0.09080622
2013-11,0.03320463,-0.06958175,0.00543689,0.00406504,0.21509939,-0.00389358,0.01277845,-0.05636743,0.01294159,-0.07482699,-0.10714286,-0.00689983,-0.13553114,-0.00812708,-0.00547758,-0.00403101,-0.00598491,0.0371049,0.01450512,-0.01825127,0.0194974,0.00389033,-0.23129857,-0.02343518,0.02083333,0.03177083,0.02233903,-0.05308328,-0.08708861,0.01120046,-0.0186722,-0.0680791,-0.11725453,-0.06433824,-0.00808693,-0.03315343,-0.00587084,0.04338928,0.02675509,0.01510505,0.02714165,0.00193757,0.05255926,0.01532959,-0.01870702
2013-10,0.00703675,0.02727622,0.01816746,0.02452568,-0.15835609,0.04173211,-0.01009421,0.02286018,0.04093567,0.028157,-0.04764498,0.03581943,0.05064855,0.02664165,0.02727273,0.03014916,0.0356091,0.00181818,0.03864877,-0.0355247,0.01323919,0.02350508,0.03988828,0.03722917,0.01176471,0.02336697,0.03967354,-0.04205749,0.03995953,0.05290128,-0.04408818,-0.0008199,-0.00276243,0.01432408,0.060087,-0.07935002,0.00981354,-0.03492433,0.07104492,0.03703704,0.01758148,0.01459377,-0.00947226,0.03728186,0.06938654
2013-09,0.018684,0.02461899,0.02777778,0.06766169,0.27804767,0.08005858,0.01433447,0.00855158,0.05001939,-0.11917858,-0.16217411,0.03344312,-0.21095238,-0.00299401,0.03373232,0.02752294,0.01532148,0.08864542,0.04119099,0.1438646,0.04242003,0.03408648,-0.35844118,0.06740117,0.06296296,0.08396281,0.05014395,0.0353125,-0.09612817,0.03504636,-0.04645243,-0.14793709,-0.11049724,-0.12394797,0.05226881,-0.08391608,0.0798722,-0.03787597,0.08033093,0.04136912,0.04714863,0.04954429,0.07231556,0.03832368,0.01609475
2013-08,0.03881857,0.02513391,-0.01236094,-0.04615385,-0.341571,-0.02957442,0.03648069,0.04169046,-0.02641509,0.07481098,0.21260481,-0.00230179,0.15681944,0.02015504,-0.01015597,-0.00821018,-0.01333333,-0.07667585,-0.00800369,-0.03345725,-0.02457897,-0.00197863,0.13476522,-0.00168124,-0.05042864,-0.04522752,-0.03183825,-0.01021059,0.09384164,-0.00873771,0.00063351,0.17573788,0.17975402,0.14746946,0.01160024,0.01011732,-0.0392562,-0.11278436,-0.01852832,-0.01510169,-0.02991641,-0.04674157,-0.0588033,-0.00852351,0.00956495
2013-07,0.0026087,-0.01284176,0.00374844,0.06850026,-0.33048661,0.03704643,0.08970164,-0.00517837,0.03736089,0.08451883,0.08527802,0.02692003,0.09805116,0.0539436,0.02318624,0.03247863,0.05047868,-0.00774135,0.04992682,0.0043021,-0.02697882,0.04619565,0.18931792,0.06993511,0.03345725,0.05679812,0.04529788,0.01104972,0.08854167,0.05607013,-0.04651163,0.10238305,0.0942029,0.08703704,0.06056742,-0.098458,-0.10009443,0.07391911,0.09861643,0.04671815,-0.02912206,0.06299783,0.01228501,0.0494186,0.06675436
2013-06,-0.10869565,-0.16684229,-0.01971253,-0.02698574,0.69089176,-0.03388142,-0.08172389,-0.13461538,-0.04061896,-0.19348199,-0.27068634,-0.06837186,-0.23834197,-0.08705441,-0.07524272,-0.05977383,-0.04928989,-0.07088285,-0.06475372,-0.09078889,-0.04452493,-0.08529072,-0.51848636,-0.11675291,-0.06287726,-0.03577611,-0.03811122,-0.12288383,-0.2006675,-0.03351595,0.04622111,-0.20598086,-0.20736932,-0.1828125,-0.07322176,0.13229489,-0.06974717,-0.10070108,-0.12732026,-0.0492087,-0.04500818,-0.02948113,-0.03852711,-0.0460251,-0.12478236
2013-05,0.0172144,-0.01611208,0.00495458,-0.01617796,-0.09865306,0.03468807,-0.06022649,-0.01115053,0.05512454,-0.00491746,-0.03053931,-0.0096225,0.01290963,-0.00075959,-0.00800557,-0.00098168,0.03913551,0.01797176,0.0511658,0.01599289,-0.00682594,0.00708383,-0.07692148,-0.00421804,0.05969361,0.06215385,0.05215647,0.06157635,-0.00894378,0.03007395,-0.0609976,-0.03171197,-0.10023678,-0.05155421,-0.02948983,-0.10033317,-0.00086806,0.10275689,0.10214742,0.04301633,-0.01497369,-0.03724863,0.03570179,0.03722012,0.03241442
2013-04,-0.05490483,-0.05539264,0.01033058,-0.00548902,0.55470343,0.01118045,-0.07768517,-0.05240793,-0.00518548,-0.18937709,-0.21776176,-0.00724463,-0.23774689,-0.05233179,-0.01588374,-0.00096618,-0.02791736,0.03175294,0.00944,-0.05175224,0.01041445,-0.00212725,-0.52162874,-0.02207025,-0.00868677,-0.02049427,0.00990589,-0.02438308,-0.20363636,0.00082237,-0.02041429,-0.15712304,-0.20147874,-0.19435929,-0.0131316,-0.03386091,-0.02432886,-0.12017167,0.01210245,0.01130524,0.01624036,-0.00675524,0.02508834,0.01832461,-0.05636568
2013-03,-0.08941486,-0.02788104,0.00654932,0.03153611,-0.09558164,0.00463082,-0.06772908,-0.0542089,0.02577527,0.01992703,0.07243634,-0.01140684,0.0693909,0.01149425,0.00033693,0.00352564,0.02707324,0.05701357,0.02060196,-0.05148741,0.00042176,-0.01969981,0.0388164,-0.04902814,0.07024129,0.04033251,0.02401801,-0.06606044,0.00861498,0.02255764,-0.02038369,-0.00387597,0.02478315,0.00792683,-0.02843861,-0.04630412,-0.02840909,-0.01056444,0.04019384,0.02910467,0.00405515,0.03152324,0.05962459,0.02180318,0.01923613
2013-02,-0.03489848,-0.10517666,-0.00244798,0.01923077,0.38790884,-0.01497006,-0.07684055,-0.10262436,-0.02276295,-0.11420819,-0.17346796,-0.0450755,-0.2327637,-0.02098636,-0.04209512,-0.0421374,-0.02300443,-0.02742149,-0.03869874,-0.02222222,-0.03609084,-0.05001774,-0.31851994,-0.07426004,0.00215401,-0.01787337,-0.02100122,-0.07362558,-0.11033275,-0.02284795,0.03439727,-0.12278057,-0.12414519,-0.11252654,-0.08026673,0.06525698,-0.04111715,-0.0830574,-0.07386066,-0.02491103,-0.03107789,0.01695314,-0.01563068,-0.02556002,-0.08587119
2013-01,-0.01820465,-0.03514891,-0.00082508,0.02917342,0.40173106,0.00227618,0.0189319,-0.03437739,0.02552674,-0.11632021,-0.07989017,0.00756534,-0.11333685,-0.00594406,0.00390625,0.02529244,0.03660662,0.08171941,0.00219058,-0.003342,0.03353016,-0.011533,-0.32552086,-0.02858628,0.05634604,0.03556685,0.03160846,-0.04365079,-0.09802877,0.01688742,-0.00797057,-0.11845274,-0.03016591,-0.09682152,-0.03276699,-0.01080338,0.02478018,0.03981535,0.00672043,0.01262692,0.03740238,0.00476531,0.05549177,0.01385613,-0.05465394
