Week,AADR,COPX,ECON,EDC,EEM,EEMS,FAN,FLN,FM,FONE,FPA,GDXJ,HILO,ICLN,IEMG,KOL,LIT,PBD,PICK,SIL,SLVP,SLX,SOCL,SOIL,TLTE
2019-21,0.00436681,-0.00270416,0.00465549,0.03975293,0.01197306,0.00188235,-0.01086957,0.02645228,0.0056042,0.00345274,-0.02129145,0.01749375,-0.00382263,0.0,0.01283378,-0.00237718,-0.00282372,-0.00587741,-0.00834492,0.02092812,0.01570681,-0.01646542,0.00032227,-0.01346801,0.01042092
2019-20,0.02072193,-0.03518908,-0.00785582,-0.01305031,-0.00423729,0.00333254,0.01497242,0.0197861,0.01106748,-0.00192719,-0.00627396,-0.009487,-0.00229533,0.00507614,-0.0033092,-0.00316957,-0.01775148,0.00847458,-0.004851,-0.00357302,-0.02176697,-0.00873839,-0.01420903,-0.01108647,-0.00490697
2019-19,0.01327036,0.00469729,-0.00091785,-0.02416553,-0.00714638,0.0,0.01260835,-0.01535204,0.00574506,0.00488115,0.01623147,-0.0177717,0.00230769,0.00816327,-0.00695439,-0.00941176,-0.01687117,0.01269036,0.0111576,-0.02207792,-0.02484472,0.01759208,0.00530587,0.00553097,-0.0088835
2019-18,-0.01044614,-0.03896104,-0.02351916,-0.09306344,-0.03070884,-0.01995516,-0.00765697,-0.01429301,0.00348675,-0.0315831,-0.02844712,-0.003861,-0.03118202,0.00198807,-0.03029722,-0.01855976,-0.02545715,-0.00408497,-0.02173197,-0.03663158,-0.02334152,-0.01708959,-0.03009056,-0.00853789,-0.02390892
2019-17,0.00584795,-0.02969392,0.00907912,0.0183984,0.00568569,0.00842572,0.00075758,0.00100857,0.02167733,0.01098686,0.00065725,-0.03103683,0.00432277,0.00988142,0.00623701,-0.00802334,0.01872524,0.00483481,-0.00869285,-0.02097902,-0.02145411,0.00876063,0.00992411,-0.02171665,0.00557
2019-16,0.01411557,-0.04555315,-0.00345572,-0.03047729,-0.00880958,-0.01698976,-0.00378501,0.0,-0.01291449,0.00039139,-0.01215905,0.04005525,0.0,0.0019802,-0.00937734,-0.00794798,-0.03639515,-0.00641026,-0.0311042,0.01600328,0.02524038,-0.02593152,0.01380967,-0.00514933,-0.01464397
2019-15,-0.00611754,0.01085541,0.00648789,0.02797446,0.00974394,0.00217155,-0.00302115,-0.00301356,-0.00864753,0.01281798,-0.01459144,-0.04397026,0.00645161,0.00099108,0.0088429,0.00658376,0.00310666,0.00563607,-0.00431433,-0.0356025,-0.04519774,-0.00837232,-0.00270351,0.01142264,0.00676912
2019-14,-0.01417526,-0.00216263,0.00344828,-0.00534881,-0.0009009,0.00021749,-0.00754148,-0.03573177,-0.00620048,-0.0029756,0.00322373,-0.03562577,-0.00638298,-0.00693756,0.00018748,0.0036523,-0.01052274,-0.00321802,-0.01001517,-0.03824522,-0.04684096,-0.03699312,0.00390977,-0.00519211,0.00182382
2019-13,0.01352826,0.02006242,0.01705291,0.05073591,0.01764841,0.01030476,0.01221374,0.01147705,0.0,0.02318487,0.00258148,0.0301361,0.00354862,0.02538071,0.01656827,-0.00798838,0.01557632,0.02310231,0.01560549,0.0165321,0.01791713,0.01499758,0.02434515,0.01487779,0.01795964
2019-12,0.00909293,0.02725564,0.01255605,0.02637334,0.00917,0.00581135,0.01163693,-0.00151668,-0.00454704,0.01353321,0.00995685,-0.05227001,0.0050578,0.01455301,0.00858202,0.00222222,0.0187185,0.00757576,0.01702128,-0.04727535,-0.04288703,0.02512176,0.00504096,0.01091703,-0.00262861
2019-11,-0.01695652,-0.01204261,-0.02928322,-0.07809137,-0.02594123,-0.03005881,-0.02050114,-0.04738878,-0.01283831,-0.01221001,-0.00524246,0.0228125,-0.026038,-0.02920443,-0.02630074,-0.01235465,-0.02236198,-0.02289452,-0.0192864,0.02525443,0.03748622,-0.03887101,-0.00406504,-0.03361345,-0.0244128
2019-10,0.01955556,0.0094518,-0.00438596,0.04581236,0.0155587,0.01000667,0.01705426,0.02148926,0.01021486,0.01267401,0.01131071,0.00999688,0.0181686,0.01131687,0.01604697,0.00294118,-0.00209205,0.00495458,0.00955834,0.01526135,0.02113459,0.00888325,0.00788644,0.02813853,0.01302378
2019-09,-0.02604509,-0.04757548,-0.01150442,-0.06466395,-0.0213866,-0.00804649,-0.00933126,-0.02437811,-0.01157895,-0.02608696,-0.02188827,0.02768056,-0.01885424,-0.02162719,-0.01875733,-0.03244412,-0.0377551,-0.03802589,-0.02515518,0.00574273,0.01698754,-0.0474063,-0.01176845,-0.03259727,-0.02642429
2019-08,-0.01098191,-0.03374778,-0.01826087,-0.07083432,-0.02366728,-0.00799645,-0.003861,-0.04337464,-0.02371949,-0.01309865,-0.02208,-0.05386699,-0.0240113,-0.01223242,-0.02295772,-0.01920341,-0.02301118,-0.00643087,-0.0198973,-0.06168831,-0.07620042,-0.02069637,-0.01013942,-0.02070393,-0.02137461
2019-07,0.01295849,0.04903347,0.0151044,0.04497117,0.01461575,0.00653006,0.00310078,0.00430005,0.0059151,0.01663508,0.01104972,-0.01397787,0.01822157,0.01034126,0.01530312,0.01516245,0.02938127,0.02402651,0.02444665,-0.0007228,0.02342918,0.03348554,0.00544872,0.01051525,0.01361573
2019-06,0.03414523,0.03476071,0.00313199,0.00381027,0.00166587,0.00754113,0.0166799,0.02594224,0.01763668,0.02220785,0.00864074,0.03486181,0.00445434,0.01479915,0.00217692,0.00961538,0.01307883,0.02401372,0.02853214,0.01669829,0.00776053,0.0293578,0.00259319,0.02065217,0.00673206
2019-05,-0.00563444,-0.01178203,-0.01332149,-0.05056249,-0.01564324,-0.00607151,-0.01799687,-0.04253352,0.01286174,0.00152273,-0.00768974,-0.00431167,-0.01528384,-0.01159115,-0.01534279,-0.04019746,-0.02107081,-0.01017812,-0.02247568,-0.00518903,0.0,-0.02857143,-0.02599049,-0.02222222,-0.01302378
2019-04,0.03534884,0.04575835,0.02178847,0.06965306,0.02394636,0.02184913,0.04560261,0.04206963,0.00711238,0.00964067,0.0229688,0.04987212,0.01846381,0.0371179,0.02411319,0.01582734,0.02778767,0.02453988,0.05291005,0.0438835,0.06682298,0.03954352,0.02457405,0.00106724,0.02720031
2019-03,0.02132701,0.03654661,0.02073733,0.09971671,0.03355376,0.02735562,0.02840434,0.03838485,0.02177068,0.03851382,0.02596953,0.03658537,0.02466368,0.0418552,0.03154253,0.02724595,0.01438849,0.04181818,0.02589571,0.03955954,0.03780488,0.02997347,0.03268194,0.01725998,0.03257847
2019-02,0.01419446,0.03144654,0.03314659,0.08937975,0.02871998,0.00909939,0.0169348,0.01140307,0.01787669,0.02726231,0.01356994,-0.04306688,0.02022472,0.01129944,0.02816033,0.03958178,0.00676157,0.0099728,0.02695991,-0.03961165,-0.04994193,0.03268149,0.05100993,0.01824034,0.0277666
2019-01,0.02075382,0.02186667,0.0316395,0.06943385,0.02388135,0.01389543,0.02592913,0.03247423,0.02187616,0.01810165,0.01912181,-0.00421804,0.01053424,0.03733956,0.02252346,0.02900763,0.01945946,0.03277154,0.01979129,0.0027027,0.00460829,0.02563403,0.01515152,0.01956522,0.02502564
2019-00,0.0339406,0.01583834,0.02749141,0.04326923,0.01612903,0.01554652,0.00527241,0.08121547,0.02868069,0.00234082,0.02030269,0.03507611,0.01605505,0.02905569,0.01463415,0.04458599,0.01037806,0.01055662,0.01853225,0.03916867,0.04316547,0.05051665,0.03411978,0.02480271,0.01397289
2018-51,0.04086413,0.02309859,0.0245491,0.08169207,0.02830189,0.01776156,0.02270663,0.02304666,0.00458891,0.02350684,0.01603281,-0.01472557,0.01079414,0.02746567,0.02672751,0.02363488,0.04181185,0.0239521,0.02894136,0.00200723,0.00977995,0.02837718,0.03721805,0.04122497,0.0271026
2018-50,-0.0594894,-0.04329004,-0.00987654,-0.03152279,-0.00925926,-0.00864969,-0.05102041,0.00784314,-0.02620741,-0.05751015,-0.02818937,0.01153443,0.0015444,-0.04970414,-0.00960717,-0.04478764,-0.06314663,-0.04972376,-0.02615101,-0.00204165,0.00123001,-0.02960248,-0.05679012,-0.03699552,-0.00774221
2018-49,-0.00445487,0.01195003,0.02090592,0.0251046,0.00925926,0.01644498,0.00940171,0.01692047,-0.00479882,0.02930403,0.0164054,0.00036193,0.01396431,0.00348028,0.01004059,0.02163833,-0.01267992,-0.00454545,0.02268431,0.03095844,0.02994792,-0.00112139,0.01773296,-0.01416122,0.01066946
2018-48,-0.05185673,-0.06510934,-0.05016256,-0.14212926,-0.04843788,-0.04418498,-0.0248139,-0.01996762,-0.01013391,-0.05313906,-0.04540764,0.03563474,-0.03621582,-0.04120267,-0.04773414,-0.02914798,-0.06715468,-0.03454231,-0.0553803,0.01944685,0.02906209,-0.06750513,-0.04292845,-0.04717949,-0.04103586
2018-47,0.01120769,0.03218884,0.01007194,0.05877034,0.02119606,0.0172822,0.01694915,0.04066438,0.0122449,0.02747989,0.00141844,-0.01489203,0.01219512,0.03376019,0.01844864,-0.00153257,0.02101401,0.07002801,0.01583211,-0.00524246,0.0013587,0.00827991,0.01946472,0.00418848,0.01334976
2018-46,-0.0264574,-0.04115226,-0.00864553,-0.04917546,-0.01509434,-0.00355282,-0.00342173,-0.00599129,-0.00074488,-0.02517513,-0.00570613,-0.01201311,-0.01431801,0.00117371,-0.01504702,-0.05281941,-0.03683181,0.00271248,-0.04900938,-0.02202457,-0.03346203,-0.05844317,0.00432588,-0.0225641,-0.0126634
2018-45,-0.00328731,0.04414894,0.04726368,0.13146448,0.04216244,0.04252199,0.00084674,0.03047091,0.00373413,-0.00066637,0.02592187,0.03633611,0.02760736,0.01175088,0.04214147,0.02857143,0.02385686,-0.0258467,0.01464946,0.0568487,0.04138852,0.02309237,0.03528988,-0.011,0.04222689
2018-44,-0.02046414,-0.040857,-0.0441655,-0.08684619,-0.02752976,-0.01938993,0.0474934,-0.04781705,-0.01172161,0.01607575,0.00898957,-0.04051173,0.00745156,0.0215311,-0.02682071,-0.00561798,-0.00322165,-0.00357462,-0.02606952,-0.03026482,-0.03575832,-0.02827702,-0.03538928,0.01706827,-0.01772616
2018-43,0.04598718,0.1237402,0.09132653,0.23198041,0.07425214,0.06760204,0.03636364,0.05327414,0.03612167,0.0548041,0.06060606,0.00612613,0.04031008,0.05505762,0.07330076,0.04595997,0.09317862,0.0625,0.07664497,0.02275655,0.01756587,0.07887909,0.09210526,0.07327586,0.06495764
2018-42,-0.0607055,-0.06099436,-0.02803287,-0.10666667,-0.03568717,-0.03652968,-0.02802102,-0.01000527,-0.00150716,-0.04945295,-0.0513181,-0.0363886,-0.03370787,-0.03506651,-0.03494001,-0.03263889,-0.03114421,-0.0347667,-0.05222109,-0.0410069,-0.03909953,-0.05161134,-0.03321799,-0.08635918,-0.02997106
2018-41,0.00431389,-0.0385566,-0.00293255,-0.01724138,-0.0048383,-0.00192077,0.00794351,-0.00052854,-0.01037806,0.01134342,0.00423878,-0.00539629,0.00377074,0.01101591,-0.00296296,0.0070373,-0.01343635,0.0,-0.01974565,-0.00402253,-0.00581395,-0.01424777,-0.03018996,-0.01277014,0.0014547
2018-40,-0.03045382,-0.02280446,-0.00859189,-0.05340472,-0.01489203,-0.03008396,-0.03842869,-0.0196281,-0.01791473,-0.03592046,-0.03835709,0.0515687,0.00300526,-0.02380952,-0.01648465,-0.00907821,-0.05576801,-0.02770331,-0.02669271,0.0350803,0.036452,-0.02370336,-0.02048909,-0.0407197,-0.02456706
2018-39,-0.04655493,-0.03551661,-0.04820373,-0.14290793,-0.04847482,-0.04343932,-0.03199344,0.02854007,-0.01845935,-0.04512343,-0.0394822,0.00843727,-0.0620155,-0.01652893,-0.04701023,-0.01907357,-0.02717727,-0.0466497,-0.02831079,-0.00505051,0.01108374,-0.01820696,-0.04190296,-0.01123596,-0.03912454
2018-38,0.02692895,-0.01329056,-0.00090621,0.01080043,0.00403705,-0.00288632,-0.00967742,0.02333333,-0.01125572,-0.00222492,0.00194301,-0.01944544,-0.0132128,-0.00701754,0.00494071,-0.0122449,-0.02221546,-0.0124792,0.00285081,-0.01115242,-0.01320528,0.00746965,0.00188442,-0.00561798,0.00252869
2018-37,0.03172414,0.0901034,0.03391384,0.11886204,0.03979492,0.01272037,0.01301871,0.04145372,0.03882784,0.01995064,0.01391586,0.02008032,0.01932713,0.02860548,0.03539644,0.04061625,0.04818124,0.02214651,0.07827855,0.02478992,0.03217822,0.04546554,0.02298117,0.0093985,0.02982107
2018-36,0.02916331,0.0268083,0.0134073,0.05740666,0.0199852,0.01669298,-0.01050081,-0.0022779,0.0,0.0143213,0.02439024,0.01329282,0.02119883,-0.00238379,0.01881391,0.02631579,0.03173554,0.00865801,0.02750696,0.01303215,0.01020408,0.02702703,0.0254101,0.01550388,0.01684717
2018-35,-0.02830006,-0.01731816,-0.00907441,-0.05505825,-0.01822542,-0.01622096,-0.01605136,0.01380104,0.00623853,-0.03175554,-0.04368622,-0.01037037,-0.01083815,-0.01061321,-0.01847804,-0.01873699,-0.0220136,-0.01618399,-0.01504274,-0.00893617,0.0,0.00298063,-0.04802432,-0.02571429,-0.01657566
2018-34,-0.0096463,-0.0361949,-0.0343075,-0.05571273,-0.01868943,-0.00747384,-0.01182033,-0.04027927,-0.02403676,0.01315257,-0.01891551,-0.04079498,0.00769769,-0.00577367,-0.01476793,-0.01540522,-0.01230284,0.00340136,-0.02030789,-0.04055118,-0.04022989,-0.02214892,-0.01840309,0.0047259,-0.01153119
2018-33,0.01377838,0.02239533,0.00956522,0.06455513,0.022983,0.01441678,0.01784266,-0.00327869,-0.00140647,0.02191894,0.00576369,0.0140896,0.01708185,0.00468384,0.02103592,0.00340136,0.00940642,0.03141361,0.00839208,0.01673469,0.02497027,0.00578174,0.0248062,0.01168452,0.02061054
2018-32,-0.02280634,-0.05197216,-0.01209503,-0.02393203,-0.00621266,0.00526894,-0.00406835,-0.01687534,0.01211258,0.00062189,0.00711284,-0.07002039,-0.01079137,-0.01288056,-0.00515362,-0.01285521,-0.00032436,-0.01034483,-0.02413223,-0.0441989,-0.05797101,-0.01916627,-0.02581233,0.00294695,-0.00135685
2018-31,0.00152584,-0.01353791,-0.03052805,-0.04904721,-0.01550208,-0.01959545,-0.01515152,-0.06555724,-0.03197279,-0.01382395,-0.00573066,-0.01647287,-0.01736111,-0.02265006,-0.01611047,-0.00854701,-0.00317158,0.00769231,-0.02393872,-0.01429646,-0.01914894,-0.03541238,-0.00030048,-0.02445908,-0.01352621
2018-30,-0.0083113,-0.03753236,-0.01175041,-0.02991058,-0.00909918,0.00293747,-0.01014832,0.01530612,0.00068493,0.00654798,-0.01193093,-0.00760697,-0.00069396,-0.01664817,-0.00812547,-0.01360985,0.01048951,-0.01006711,-0.01865672,-0.00407257,0.00210526,-0.02213369,-0.0003023,0.02502406,-0.00926612
2018-29,-0.0046322,0.0311804,0.01727684,0.06989189,0.02347745,0.03056393,0.0,0.04051173,0.01453287,-0.00426309,0.01697086,0.00697306,0.02066999,0.01812005,0.02335006,0.05241661,0.0205854,0.03006873,0.04642857,-0.00475668,-0.00623053,0.0300478,-0.05825776,0.00486855,0.02724328
2018-28,0.00240296,-0.0101277,-0.01053912,0.02098819,0.00814711,0.00192143,0.00788644,0.03734212,0.00906555,0.00814498,0.00222646,-0.00591532,-0.00213371,0.00798176,0.00733308,0.00478796,-0.00346021,-0.00253807,-0.00742894,-0.01069519,-0.02215509,0.00978565,-0.00574398,0.00686275,0.00379795
2018-27,0.00405306,-0.03868797,-0.00441767,-0.02404957,-0.00780891,0.0012728,-0.00704777,0.01,0.00069493,0.00966482,-0.00345477,-0.02938531,0.0129683,-0.00899888,-0.00744133,-0.02382528,0.00185816,-0.01429773,-0.02838428,-0.03386931,-0.0311284,-0.01660601,-0.00488202,-0.01072125,-0.00752021
2018-26,0.01980198,-0.00472509,0.02964509,0.03122507,0.01182872,0.00625,0.02597403,0.03647944,0.02292264,0.01324364,0.00509068,0.03540373,0.00444774,0.01740139,0.01118524,0.02251023,0.0117237,0.01381693,0.01579626,0.02899576,0.02997003,0.02222748,0.02487423,0.0049456,0.00710718
2018-25,-0.01480385,0.00042553,-0.00453983,-0.00418917,0.0,-0.01035065,-0.00400641,-0.00229095,-0.02600068,0.00165975,-0.0104551,0.00556242,-0.00575954,-0.01934016,0.0,-0.01002004,-0.00188798,-0.0152027,0.00571066,-0.00279623,-0.00986193,-0.00559963,-0.01358846,-0.00488759,0.00037857
2018-24,-0.02249956,-0.02724359,-0.00883179,-0.03532303,-0.01051909,-0.01751494,-0.00941176,0.00172216,0.00407609,-0.0186,-0.01205909,0.00215054,-0.01137171,-0.0045045,-0.01136364,-0.02294455,-0.01256898,-0.00487409,-0.01759709,-0.00412797,0.00487805,-0.00917842,-0.01326964,-0.00671785,-0.02031107
2018-23,-0.03067797,-0.05465511,-0.00985804,-0.06691176,-0.02381477,-0.0187363,-0.00619195,-0.01126126,-0.03333333,-0.01176932,-0.04091559,-0.00943396,-0.02592087,-0.00557414,-0.02210449,-0.02515337,-0.01461814,-0.01115538,-0.04370478,-0.0240481,-0.01434034,-0.03527375,0.02357085,-0.01509434,-0.02723599
2018-22,0.01661813,0.03477921,0.00118343,-0.03168545,-0.01004148,-0.01295896,-0.01454824,-0.04343164,0.02583026,0.00972608,-0.00057703,-0.00030647,-0.00752909,-0.01847826,-0.0081448,0.01057872,0.00845411,-0.014377,0.01561119,-0.0003349,0.00096154,-0.0028169,0.00826674,0.02332362,-0.00645612
2018-21,0.01530343,0.02893236,0.02319902,0.06075039,0.02162649,0.02849117,0.02096273,0.0233463,0.00756014,0.0040008,0.0172619,0.0052356,-0.02038043,0.00749465,0.02148328,0.04953765,0.01706485,0.00397141,0.03343558,0.00801871,0.00380952,0.03130631,0.04561404,0.008867,0.01770703
2018-20,-0.02159973,-0.04915572,0.01414141,0.00336578,0.00176328,0.00158604,-0.04020468,-0.00369588,-0.02938263,-0.00118647,-0.01013318,-0.00697816,0.01939058,-0.02466598,0.00182983,-0.02798982,-0.04064801,-0.0155521,-0.04167864,-0.00493746,0.0038059,-0.03609118,-0.00377907,-0.02838221,-0.00192915
2018-19,0.01235839,-0.00188608,-0.03095611,-0.08565401,-0.02927879,-0.00907477,0.0,-0.04170905,-0.01074569,-0.01549931,-0.01665709,-0.02126385,-0.03683858,-0.01028807,-0.02630166,0.0254902,0.00900901,-0.01389961,-0.00833094,-0.01044727,-0.00943396,0.00589846,-0.01154068,0.00674374,-0.01776168
2018-18,0.00957021,0.04163394,0.00472255,0.07734453,0.0270031,0.01152394,-0.00731529,0.00555275,-0.01566997,0.0129948,0.01999412,0.01537071,-0.0013541,0.0062435,0.02496787,0.03885481,0.00941677,-0.00694981,0.03935116,0.0187747,0.02207294,0.02402597,0.02488152,0.0098912,0.01860628
2018-17,-0.0134182,0.01028888,-0.01317319,-0.03241223,-0.01045069,-0.00509404,0.00588668,-0.04380952,-0.0174618,0.01375683,-0.00088002,0.03214838,-0.02427512,-0.00416667,-0.01065559,0.02081888,0.01644431,-0.00395257,0.01674787,0.00926845,0.00577478,0.0153711,-0.01388889,0.00993049,-0.00896397
2018-16,-0.00700137,-0.0218894,0.00775795,0.02154648,0.00806276,-0.001168,0.02800908,-0.00515947,-0.01441276,0.00080241,0.01172677,0.00673813,-0.0046729,0.02008457,0.0068654,-0.03691496,-0.0088848,-0.00938233,-0.02275414,0.005923,0.00477555,0.00065631,-0.01899474,0.01196411,0.00552677
2018-15,0.0075111,0.03358063,-0.00984848,-0.0243136,-0.00772201,-0.01033097,0.0,0.02082347,-0.01617735,-0.024073,-0.01610121,0.0009009,-0.01048493,0.0116649,-0.00800142,0.01470588,0.01075269,-0.00933852,0.04432895,0.02473615,0.02380952,0.04675853,0.02261232,0.00498008,-0.00462012
2018-14,0.02585459,0.03602882,0.00609756,0.02674161,0.00932148,0.00774293,0.00752445,0.02250958,-0.00828157,0.00921569,-0.00144175,0.03605844,0.00065531,-0.00105263,0.00989031,0.02792916,0.02517306,0.007109,0.0403944,0.04513064,0.04003906,0.0427189,0.00448699,0.00502513,0.00618982
2018-13,0.00648895,0.01089588,0.0127907,-0.02230204,-0.00711054,0.00684932,0.02265625,-0.00188235,0.00119119,-0.00372768,-0.00493039,-0.00278465,-0.00330469,0.02516411,-0.00483784,-0.00479452,0.01625239,0.01462226,-0.00506009,-0.01121002,0.00393701,0.00235294,-0.00446694,0.01437372,0.00189394
2018-12,-0.01032848,-0.0120952,-0.00981873,-0.01155257,-0.00253271,0.00621118,0.00076982,-0.00231803,0.0071535,-0.01348016,0.00085592,-0.02469512,0.00456919,-0.02006336,-0.00122915,-0.00606469,-0.02189781,-0.02012384,-0.00434243,-0.00654664,-0.01077375,0.00842302,-0.03861111,-0.0160804,0.00474335
2018-11,-0.03586322,-0.04025826,-0.03292181,-0.11171952,-0.03672613,-0.03210832,-0.01472868,-0.00471476,-0.01680168,-0.04389881,-0.04061625,0.03293224,-0.0019544,-0.0192926,-0.03533322,-0.02488231,-0.04256577,-0.02846154,-0.03267176,0.03001364,0.03166496,-0.04978404,-0.05771277,-0.019,-0.03552189
2018-10,-0.02183053,0.00074488,-0.03202591,-0.03961236,-0.01311207,-0.00890995,-0.00308166,-0.02851969,-0.00088705,-0.00678028,-0.00608407,-0.01790763,-0.01532567,-0.00642398,-0.01230349,-0.02249357,-0.00774083,-0.00687023,-0.0011951,-0.01919894,-0.01398601,-0.02812027,-0.00929512,-0.03062201,-0.00926079
2018-09,0.03555181,0.01101824,0.02292052,0.09690255,0.03221704,0.01424172,0.01898734,0.0171217,0.02519496,0.03489475,0.02257973,-0.0028427,0.00909682,0.01530055,0.03089689,-0.02697616,0.05613179,0.02270948,0.0030175,0.01655405,0.01632653,-0.00992021,0.03311966,0.02534113,0.02264278
2018-08,-0.03908795,-0.0620294,-0.032097,-0.11974065,-0.0409202,-0.02059539,-0.03156274,-0.0328977,-0.0209625,-0.02280374,-0.02365887,-0.02259362,-0.02506427,-0.02250804,-0.03788651,-0.05958702,-0.06501283,-0.00996169,-0.06435224,-0.03110675,-0.03532875,-0.04665023,-0.0204461,-0.02995169,-0.03864971
2018-07,0.01907581,0.02737158,0.02119883,0.05166766,0.01777499,0.01498559,0.00625489,0.02226345,0.01224612,0.01150307,0.01918122,0.00985692,-0.00765306,0.00108578,0.01743679,0.03052503,0.03065569,-0.0053313,0.01657941,0.0,0.00201005,0.00907556,0.01284453,0.02775025,0.01976881
2018-06,0.04115014,0.07047244,0.04018025,0.15475307,0.05070423,0.03880244,0.02481986,0.03204209,0.0381869,0.03380783,0.03436123,0.02568167,0.04313725,0.05353075,0.04722422,0.0527307,0.02078522,0.0408,0.05368926,0.04177898,0.03343465,0.08505386,0.05970572,0.02553626,0.0383693
2018-05,-0.02178423,-0.04550669,-0.02122115,-0.072925,-0.01921002,-0.01412319,-0.00241935,-0.01292484,0.0210728,-0.00986193,-0.02796195,-0.05400372,-0.04375396,-0.01934016,-0.01795332,-0.04110429,0.00990396,-0.01358913,-0.00030312,-0.06169581,-0.07072692,-0.00229148,0.02621502,-0.02419355,-0.02751055
2018-04,-0.03714424,-0.05255631,-0.04166667,-0.12693032,-0.0436255,-0.03752277,-0.02945619,-0.01761518,-0.02893891,-0.01733458,-0.03069818,-0.03831188,-0.00692695,-0.02577873,-0.04220671,-0.02026636,-0.07368703,-0.03365744,-0.0670562,-0.04659162,-0.04413146,-0.06284039,-0.0197058,-0.04855275,-0.03187759
2018-03,0.00382592,0.0125854,0.01302262,0.08017861,0.02678751,0.01904762,-0.01186064,0.04477612,-0.00258695,-0.01325723,0.01314708,0.00815376,0.01314143,-0.00426439,0.02535684,0.0263789,0.01483279,-0.00592593,0.00615729,0.0033732,0.00829493,0.01263158,0.02461103,0.01315789,0.02733301
2018-02,0.01510476,-0.00462963,0.01391788,0.0666104,0.02278848,0.0128972,0.00525526,0.02336671,0.00728651,0.01132356,0.00359513,-0.03305085,0.00317058,0.00106724,0.0222721,0.00183262,-0.04170958,0.00825206,0.01391255,-0.01979604,-0.01983769,0.0091431,0.01889535,0.00474383,0.01992032
2018-01,0.01516881,0.02161383,0.00695652,0.023066,0.00769391,0.0114554,0.00765111,0.01501938,0.02618904,0.00540742,0.00502372,0.02900266,0.0044843,0.01291712,0.00831169,0.02583026,-0.00998502,0.01059002,0.0336758,0.03634669,0.02338634,0.02973262,-0.00057274,0.00093897,0.00582363
2018-00,0.02217406,0.00877835,0.01910152,0.06806442,0.02340924,0.02244389,0.0,0.02227723,0.02217431,0.03932584,0.01486139,-0.01887332,0.00259403,-0.00650759,0.02159674,0.03592423,0.02093564,0.01150307,0.00731636,-0.02380952,-0.02452316,0.02448253,0.0199765,0.02097235,0.0121519
2017-52,0.00205409,0.03735409,0.01235914,0.04167364,0.01407212,0.0319936,0.01421801,0.01439589,0.00283197,0.00369434,0.02359882,-0.00498096,0.0167336,0.01907969,0.01539025,0.01006711,0.010155,0.01652242,0.02187982,0.0046729,0.0,0.00512343,-0.01080757,0.01771654,0.0248765
2017-51,0.01158769,0.04236253,0.01701183,0.0318076,0.01088405,0.01410437,0.01443464,-0.06002928,0.01048618,-0.00690052,-0.01768116,0.0487115,0.02247956,0.0,0.01222449,0.0348675,0.00266312,0.00633914,0.03152866,0.01698718,0.01542912,0.03082524,-0.00711744,0.013,0.00176585
2017-50,0.00088121,0.03386198,0.00074794,0.0,0.0,0.00964103,0.00161812,0.00449326,-0.00126382,0.00861057,0.01204819,0.03642384,0.01241379,0.01495972,0.0003746,0.03104693,0.01217151,0.00963855,0.01786305,0.02679169,0.03245436,0.0004985,-0.00454408,0.00916497,0.00196956
2017-49,0.02789426,-0.02255319,-0.01883309,-0.00171295,0.00022578,-0.01425662,0.00903862,-0.00794834,0.01143947,-0.00452934,-0.00560142,-0.03114965,0.0,0.03080569,-0.00244269,-0.01291248,-0.02770986,-0.00724055,-0.00564035,-0.02314815,-0.02602603,0.00201918,0.02440571,-0.00915565,-0.00839136
2017-48,-0.02182012,-0.03564113,-0.01746089,-0.07392507,-0.0249283,-0.00725806,0.01236603,-0.02572816,0.00096,-0.0235876,-0.00557675,-0.02379481,-0.01087695,-0.00920598,-0.02172312,0.02496329,-0.01268834,-0.00713154,-0.01259947,-0.00936088,-0.00980392,0.00595392,-0.0560332,0.01434426,-0.01410935
2017-47,0.01475293,0.03963287,0.00036062,0.04038462,0.01388583,0.01428571,0.01163757,0.02253797,0.02465483,0.02480292,0.02224859,0.01265422,0.01800554,0.00686499,0.01214351,0.0171131,0.02550336,0.00950119,0.02942171,0.03367448,0.03115578,0.02932629,0.01938562,0.0102145,0.01523742
2017-46,0.01127618,-0.03613007,0.02411874,0.03893587,0.01347104,0.01033485,-0.00895765,0.01488095,0.01276024,0.0007764,0.00177725,0.01607818,0.00558659,-0.010181,0.01254917,-0.00737463,-0.02041885,0.00239044,-0.03365226,0.01488095,0.02121212,-0.0157563,0.0380774,-0.01008065,0.00391529
2017-45,-0.02167074,-0.0141844,-0.01464665,-0.03633451,-0.01217353,-0.0138634,-0.03464567,-0.02523047,-0.01789857,-0.00077146,-0.01045904,-0.02114618,-0.00554401,-0.02970297,-0.01035886,-0.01810282,0.0198232,-0.01254902,-0.01838117,-0.03580482,-0.04238921,-0.03703704,-0.01967415,-0.01783944,-0.00123762
2017-44,0.00017637,0.01389456,-0.00222635,0.03214799,0.01063108,0.01178904,-0.01172791,-0.02034884,0.00264725,0.01442403,0.02395927,-0.01083591,-0.00969529,-0.00661521,0.0109558,0.01634473,0.00489263,0.00316206,0.02441472,-0.03069214,-0.02694899,-0.0033121,0.0053009,0.01002004,0.00931232
2017-43,-0.01218239,-0.03125,-0.00621345,0.01574381,0.00542373,0.00724488,-0.01085271,-0.01080319,0.00595041,-0.01097394,-0.00029647,-0.0291882,-0.01243094,0.01681614,0.00623347,0.0,-0.01287208,-0.00551181,-0.01315789,-0.04528986,-0.03361345,-0.00424152,0.03217503,0.00201207,0.00446269
2017-42,-0.0048951,-0.0303263,-0.02254315,-0.02563229,-0.00800712,-0.00718096,-0.00231125,-0.00728266,-0.00461741,-0.01145631,-0.00059506,-0.01984009,-0.00615174,-0.00112233,-0.00725987,-0.0036846,-0.01193634,0.0,-0.01583199,-0.00933735,-0.01016636,0.00571429,-0.02060568,-0.0059761,-0.00335748
2017-41,0.0104833,0.01884523,0.01792757,0.07058931,0.02319763,0.02410901,0.01626646,0.01099908,0.0053068,0.02222222,0.01657625,-0.01006036,0.0281294,0.01925255,0.02283105,0.00967982,0.01988017,0.01516361,0.02897574,0.0,-0.00540541,0.04963617,0.01551615,0.02453988,0.01797268
2017-40,0.01716971,0.04609635,0.02609335,0.0512943,0.0180472,0.01076858,0.0,0.02607076,0.00530504,0.008,0.01130461,0.02931499,0.00780142,0.00795455,0.01701141,0.02053232,0.03597527,0.0064154,0.01895735,0.02535125,0.02037037,0.00306513,0.01313682,-0.00504541,0.01795529
2017-39,0.02641369,0.02229846,0.0,0.00928164,0.00465008,0.01312675,0.01268834,-0.00140121,0.01465077,0.01268672,0.00834621,-0.03882657,-0.01539538,0.00114416,0.00563983,0.00996169,0.03911765,0.00488998,0.01527247,-0.02658303,-0.03173164,0.01895236,0.02010547,0.00101215,0.00699429
2017-38,0.00915751,-0.01404959,-0.00432588,-0.02467474,-0.00793471,-0.01158461,0.00474684,-0.00319489,0.00201681,0.00545234,-0.01822528,-0.0058292,-0.01430518,0.0,-0.00795605,-0.00601956,-0.04079956,-0.0024077,-0.01378615,0.00669507,-0.00367309,-0.03464725,-0.00414277,-0.00201005,-0.00787543
2017-37,0.01003158,-0.04480571,0.00691412,0.00582825,0.00227998,0.00811823,-0.01859024,0.01520737,0.00235452,0.01455216,-0.00180126,-0.01790711,0.00274537,0.00896861,0.00247619,-0.04025881,0.05241461,0.0180624,-0.0313828,-0.02438316,-0.02884615,-0.01844467,0.00319795,0.01354167,0.00594273
2017-36,0.01433212,-0.02646944,0.00444609,0.02100678,0.00721434,0.00910053,0.00868878,0.0108593,0.01028454,0.0018595,0.00365742,-0.01182478,0.02758133,0.00453001,0.00719285,0.00657414,0.02078086,0.01096121,0.00330251,-0.00790291,-0.00854701,-0.0027666,0.01382488,0.02486486,0.00567662
2017-35,0.0286215,0.02811881,0.01453055,0.02477606,0.00857077,0.01690201,-0.00935308,0.08217771,-0.00479616,0.02427286,0.00914634,0.02880776,-0.00422535,0.01942857,0.00930593,0.01747997,0.03262956,0.00679117,0.02916527,0.00288934,0.01869991,0.04139547,0.03686168,0.00977199,0.01567109
2017-34,0.0064884,0.04431438,0.01161484,0.07304454,0.02508282,0.02100197,0.01104101,0.02953586,0.01464946,0.01542086,0.02204284,0.00118624,0.03050109,0.01276102,0.02415842,0.03539157,0.03395978,0.00855432,0.03517938,0.00845411,0.01499531,0.04468665,-0.00067272,0.01425439,0.02301018
2017-33,0.00395883,0.01862278,-0.00337079,0.01650648,0.00717532,0.00794527,-0.003125,0.01178361,-0.0066156,-0.01627907,-0.00277606,0.01034063,0.00363901,-0.00114679,0.0068,0.00304414,0.00431894,-0.00679117,0.00458231,-0.00876928,-0.00469925,-0.00081301,0.00406366,-0.01294498,0.00323563
2017-32,-0.02863392,-0.05938144,-0.02673993,-0.09090909,-0.03023201,-0.03376344,-0.01472868,-0.0225959,0.00536481,-0.02718971,-0.03128797,0.04399376,-0.00720981,-0.0259301,-0.0307361,-0.0260223,-0.03766234,-0.02008368,-0.03869863,0.0366005,0.02980769,-0.04347826,-0.03807615,-0.03444676,-0.02723373
2017-31,0.01141692,-0.00621891,0.00259163,0.01184091,0.00355198,0.00216497,0.01178319,0.02166847,0.00179662,-0.0031185,0.0021348,-0.0367713,0.00877835,0.00803674,0.00395804,0.01447068,0.04861349,-0.00168067,-0.00417246,-0.05412522,-0.0541028,-0.00821192,0.00410818,0.0021164,0.00357009
2017-30,-0.00989899,0.06657609,0.00407558,-0.00232629,-0.00023702,0.00043403,-0.00078493,0.00271887,0.01226109,-0.01713936,-0.00364853,0.0359022,0.00146735,0.0034642,0.0,0.01167315,-0.00239808,0.00762712,0.03353992,0.03109903,0.02682701,-0.00268097,-0.01768435,0.0,-0.00319249
2017-29,0.01091658,-0.0063234,0.00711344,0.02718589,0.00959923,0.01121126,0.01499605,0.0054615,-0.01005747,0.00492106,0.01044868,0.01166002,0.00745712,0.02240566,0.00983541,0.01826847,0.0038115,0.00853242,-0.01013025,0.01137044,0.01848429,-0.01199041,0.01402668,0.0031881,0.00626662
2017-28,0.03143585,0.05577299,0.0411012,0.142147,0.04596553,0.02283412,0.02329317,0.04420207,0.01532847,0.01628053,0.03672048,0.01066165,0.03458878,0.02536232,0.04357798,0.04315353,0.02963227,0.02617801,0.04066895,0.02467208,0.01913876,0.03052164,0.04906877,0.03402854,0.03877791
2017-27,0.00042863,-0.00639764,-0.0158179,-0.03512881,-0.01195815,-0.00291414,-0.0039968,0.00351494,-0.00328707,0.00357068,-0.00412437,-0.02749141,-0.02039275,-0.00361446,-0.01060071,-0.01401484,0.01091703,-0.01037165,-0.00038402,-0.03865031,-0.03947368,-0.01226994,0.0003614,-0.01208791,-0.0039185
2017-26,0.01090513,0.05669291,-0.02126852,-0.03454982,-0.01212871,-0.00357542,0.00564972,-0.00117786,-0.00256975,-0.03329949,0.00031636,-0.01072386,0.0,0.0,-0.00971677,0.01870748,-0.01082642,-0.00172712,0.04940305,-0.01584507,-0.00993677,0.05371531,-0.02279102,-0.00879121,-0.00039193
2017-25,-0.02584918,0.00157812,0.0045977,0.0041376,0.00150188,-0.00201432,-0.01281025,-0.02170088,-0.01094092,-0.00855049,-0.0069335,0.05357696,-0.00989346,0.00614251,0.00146138,0.00258398,-0.00827041,0.01496479,0.0,0.04901065,0.04793233,0.01488909,0.01998572,-0.01199564,-0.00411361
2017-24,-0.00582776,-0.05236657,-0.00689655,-0.01214234,-0.0040282,-0.00157233,-0.01103231,-0.00116686,-0.00402341,0.00227414,-0.0056872,-0.01677149,0.0,-0.0036855,-0.00356843,-0.00772532,-0.00644007,-0.00088339,-0.03804565,-0.0330339,-0.02702703,-0.046811,-0.00651702,-0.01849837,-0.00335107
2017-23,-0.01161072,0.04338735,-0.02050708,-0.01006672,-0.00224831,0.00426774,-0.00856698,-0.00406268,0.00145613,0.01826765,-0.00312891,0.02225008,-0.01134644,-0.01452785,-0.00249896,0.00780572,-0.00106157,0.0,0.02320847,0.00689655,0.01165919,0.02299881,-0.02210526,0.00328947,-0.0027408
2017-22,0.00959284,-0.03169014,0.0026296,0.01579385,0.00577164,0.00679964,0.00628437,-0.00632911,-0.00543281,0.01138716,0.01458928,0.01245211,0.00304878,-0.00120919,0.00586265,-0.01459227,0.00141293,0.00974314,-0.01593625,-0.00200976,-0.00178571,-0.02083945,0.00141093,-0.00109769,0.0088635
2017-21,0.01457351,-0.0005,0.02012913,0.03727085,0.01340754,0.01097143,0.0015674,0.03850782,0.00617733,0.00964158,0.00961538,-0.03671117,0.00915332,0.01719902,0.01075496,-0.00085616,0.02384393,0.00355556,-0.00988924,-0.01988401,-0.01722653,0.00356083,-0.00314795,0.0,0.01012708
2017-20,-0.03362211,0.01840491,-0.00644672,-0.03856071,-0.01176176,-0.02005795,0.00632411,-0.08324266,-0.00216998,0.00445104,0.00719189,-0.00460264,-0.03244838,-0.02043269,-0.01127349,0.00518583,-0.0010846,-0.00445236,0.01782098,0.02050698,0.01509769,-0.00825959,0.018385,0.01550388,-0.01217596
2017-19,0.02185445,0.02231668,0.03475513,0.0785054,0.02593361,0.00862069,0.00159109,0.05241935,0.01658069,0.0116229,0.01364847,0.07363184,0.01739788,0.00981595,0.02239931,-0.02695872,0.01557864,0.00269784,-0.00082001,0.07206378,0.06628788,-0.00060295,0.00700332,-0.00670391,0.01853344
2017-18,0.00985433,-0.07643928,-0.00196464,-0.008257,-0.00258598,-0.00383487,0.02333065,-0.00623583,0.00965466,0.00438596,-0.00806452,-0.03400706,0.00304183,0.02219482,-0.00150538,-0.04987932,-0.00515654,0.01270417,-0.03194006,-0.01579261,-0.01860465,-0.04249857,0.01998492,-0.00442478,-0.00401043
2017-17,0.00064309,0.00686948,-0.00628684,0.01610971,0.00522876,0.00524037,0.0231405,-0.0039886,-0.00258207,0.01221408,0.00203321,-0.04355609,-0.00152788,-0.00618047,0.00652458,-0.01513944,-0.00220994,0.00734619,-0.0074539,-0.0168235,-0.02758007,-0.01440678,0.04014308,0.01569507,0.00846433
2017-16,-0.0010917,-0.02684564,-0.0063593,-0.01984505,-0.00658588,-0.00478905,-0.01748543,-0.03944444,-0.00036969,0.00545083,-0.0087927,-0.04422809,0.0,-0.01719902,-0.00503723,-0.02419984,-0.00111899,-0.00278552,-0.00396354,-0.04622413,-0.04614094,0.01759015,0.01634655,-0.01677852,-0.00805964
2017-15,-0.01763553,-0.05034325,0.00567951,-0.0039019,-0.00186022,-0.00091743,-0.00168067,-0.032382,0.00369686,-0.00067705,0.00648907,-0.00218639,0.01409554,-0.01108374,0.00022095,-0.03921569,-0.02232796,0.0,-0.04130019,0.03635362,0.02827763,-0.06347898,-0.00574006,-0.00555556,-0.00284437
2017-14,-0.00217155,0.0162715,0.00406339,-0.01874831,-0.00604945,-0.0025,0.00419815,-0.01407688,0.02301018,-0.01350155,-0.01274313,-0.00192097,-0.00695518,-0.00616523,-0.00503172,0.0393391,0.02365753,-0.00652985,0.00115385,0.01390047,0.0078125,-0.00435256,-0.01097561,-0.00553097,-0.00543369
2017-13,0.00853952,0.01701323,-0.00970481,-0.02623829,-0.00787402,0.00137457,0.01100762,0.00493692,-0.00985595,0.00554816,0.00536553,-0.02612245,-0.01299694,0.00995025,-0.0078637,0.00724055,0.03954581,0.01124649,0.01672501,-0.01413134,-0.01126516,0.01870702,-0.000409,0.01114827,-0.00463243
2017-12,0.00283719,-0.04096171,-0.0123506,-0.0108881,-0.00339071,0.00320146,0.00254885,-0.02653928,-0.00640301,0.0,-0.00200133,-0.01746248,0.01395349,-0.02065614,-0.0039071,-0.00398406,-0.00505247,-0.01021356,-0.04174295,0.01229274,0.01341682,-0.07240854,-0.00245801,-0.00663717,-0.00259585
2017-11,0.01522274,0.05755732,0.02689284,0.07457677,0.02460124,0.02403959,0.01293103,0.00763359,0.01266795,0.0220605,0.02480193,0.00361513,0.02299762,0.01101591,0.02542754,0.04649197,0.02327448,0.01416431,0.04738059,0.02846975,0.02299908,0.03663393,0.0120282,0.00890869,0.0191634
2017-10,-0.01625835,-0.06511001,-0.00542571,-0.01761194,-0.00518135,0.0,-0.00172563,-0.03113258,0.00579598,0.00576568,0.00627178,0.03789474,-0.01182965,-0.00735294,-0.0052166,-0.02655602,-0.00725806,-0.00378072,-0.04465291,-0.00391331,-0.00654818,-0.05097025,0.00335008,-0.00223464,-0.00374532
2017-09,0.01661801,0.00879894,-0.00540091,-0.01354535,-0.00461706,-0.00308642,0.01305483,0.00213333,-0.00194326,0.00945572,-0.00931356,-0.01968941,-0.01094605,0.00121655,-0.00316599,0.0033389,0.01507128,-0.00561272,0.01194476,-0.01918736,-0.02789887,-0.00830816,-0.0045738,0.00223214,0.00187149
2017-08,-0.0215859,-0.05299918,-0.00456053,-0.02569563,-0.0085906,-0.00237192,-0.0220339,-0.03250774,-0.01367781,0.00370542,-0.00068776,-0.01724988,-0.00858704,-0.0202864,-0.00693357,-0.02196908,-0.01907032,-0.01297498,-0.05786874,-0.01715623,-0.02081665,-0.05973025,-0.00990099,-0.03125,-0.00207125
2017-07,-0.0042241,-0.05758539,-0.00126689,0.00058789,0.00108696,-0.00143575,0.00512383,0.01493333,0.00495238,0.0,0.00069857,-0.00048709,0.00630915,0.01595092,0.00090477,-0.003314,-0.01963094,0.00948767,-0.02278304,-0.01525941,-0.01569859,-0.01311953,0.02637176,-0.01896733,-0.00561798
2017-06,0.0102296,0.05240733,0.01801029,0.04306072,0.01494189,0.0144043,0.01038062,0.02820796,0.00490566,0.00470478,0.01206958,-0.01140956,0.01518785,0.02151899,0.01381534,0.01524132,-0.00901961,0.01356589,0.03001112,-0.00921315,-0.01077752,0.06076017,-0.00847458,0.00429185,0.01079594
2017-05,0.02331487,0.01381096,0.02095155,0.03967365,0.01285994,0.02822178,0.01740644,0.00999445,0.01757738,0.02557298,0.02207745,0.06867305,0.00966184,0.02432778,0.01445558,0.00673968,0.00993246,0.01461988,-0.00986482,0.05940323,0.05668359,-0.01131579,0.02175805,0.01074114,0.01418745
2017-04,-0.0031927,0.05248991,0.00961959,0.03961368,0.01381449,0.00601353,0.0095986,0.0,0.01506955,0.02652259,0.0131291,-0.02808691,0.00808407,0.00381679,0.01079559,0.02649573,0.0155193,0.0097371,0.02895323,-0.02586434,-0.01972062,0.01483989,0.00129032,0.01400862,0.01190219
2017-03,-0.00139018,0.00459137,-0.00487157,-0.01994302,-0.00653781,-0.00400701,0.00706714,0.00848416,-0.00393236,0.00570578,-0.01155652,-0.02360117,-0.00488599,-0.00757576,-0.0049763,-0.00936968,0.01172665,-0.00097371,0.00758438,-0.01104526,-0.01174497,0.00692226,-0.00610022,0.00326797,-0.00262123
2017-02,0.02342816,0.08313077,0.01349528,0.0655154,0.02147417,0.02510889,0.00625559,0.03260225,0.03568499,0.01309612,0.02579439,0.01956947,0.01744186,0.01423027,0.02129204,0.04565408,0.03689884,0.00391389,0.07218167,0.02233531,0.02014011,0.06029868,0.01322168,0.01219512,0.02336449
2017-01,0.02483403,0.03638201,0.00995475,0.0418441,0.01441176,0.01661475,0.00631769,0.01627486,0.03080169,0.012003,0.01402046,0.05228563,0.01173512,0.01851852,0.01569397,0.02146691,0.02648441,0.01881188,0.00775827,0.047804,0.05297398,-0.00139978,0.04465116,0.01818182,0.01373255
2016-52,0.00737351,-0.00775595,0.0200747,0.05117872,0.01694915,0.01136063,0.01657459,0.02182891,0.00818613,0.0,0.00076923,0.06370722,0.01199657,0.00398936,0.01637692,0.0,0.0,-0.00298211,-0.00041719,0.03524804,0.04276986,-0.03103159,-0.01205378,0.00805524,0.01910976
2016-51,0.01738905,-0.00258665,-0.00841515,-0.02232855,-0.00694235,-0.0078637,0.00559701,0.0182704,-0.00386764,-0.00024576,-0.0038373,0.00671853,-0.00689655,-0.0106383,-0.00752823,-0.01604278,-0.01464255,0.0,-0.00457952,-0.00566478,-0.00728408,0.00427472,-0.01017576,0.02251185,-0.00787584
2016-50,-0.01981937,-0.09070191,-0.02938517,-0.068865,-0.02170725,-0.01289657,-0.0027907,-0.03218256,-0.00429369,0.01216485,-0.02609993,-0.12716584,-0.00761421,-0.01726428,-0.018591,-0.04074703,-0.02164686,-0.00200602,-0.06982068,-0.09750975,-0.09474672,-0.04958897,-0.02286996,-0.02739726,-0.01658337
2016-49,0.01391348,0.02389878,0.02387511,0.06684441,0.02142857,0.01754845,-0.00645756,0.01891253,-0.00553427,0.03367609,0.01976435,-0.03955979,0.0248927,0.00795756,0.02007435,-0.01985112,0.03052769,0.01314459,0.01987529,-0.04221252,-0.03825137,0.01198083,0.01794527,0.04255319,0.0162844
2016-48,-0.02992827,-0.01624462,-0.02308737,-0.02376878,-0.00744491,-0.00700571,0.0,-0.04726225,-0.01443737,-0.01168699,-0.00190114,0.0078219,-0.01859679,-0.02480418,-0.00792864,-0.01327801,0.01648107,-0.01309164,-0.01376869,0.02201071,0.02147526,-0.01458671,-0.02815662,0.01581509,-0.00457457
2016-47,0.01440485,0.08035251,-0.00364133,0.02768987,0.00935425,0.00156658,0.00841121,-0.00525394,-0.00250104,0.01150307,0.01036468,-0.041429,-0.00425532,0.01754386,0.00677201,0.04238754,0.01360544,0.01952724,0.05835765,-0.04312115,-0.04625347,0.07443082,0.00221337,-0.00362757,0.00161663
2016-46,0.02715529,-0.0309119,0.01772388,0.02537438,0.00829493,0.00315292,-0.00842697,0.01702128,0.01305263,0.0175255,-0.00690979,-0.01241672,0.01212121,0.00405954,0.01073894,-0.04797353,0.01437848,0.00206825,-0.04489796,-0.01813857,-0.00938086,-0.03603344,0.01412301,0.00741656,0.00798122
2016-45,-0.04796044,0.11474469,-0.09243697,-0.20588235,-0.07217662,-0.05647176,-0.07394669,-0.10032715,0.00934579,-0.0025974,-0.03905674,-0.13989362,-0.07753797,-0.07768187,-0.06872933,-0.00409836,-0.03733333,-0.03781095,0.07177455,-0.13533058,-0.14470493,0.08186196,-0.01748252,0.02515723,-0.04252004
2016-44,-0.02679006,-0.00717274,-0.04265997,-0.09618493,-0.03263337,-0.03449975,-0.03231293,-0.05815832,-0.00128755,-0.02630248,-0.01579721,0.02211814,-0.03557312,-0.05642257,-0.0321437,-0.0042517,-0.00673854,-0.02465483,-0.02108569,0.01313756,0.01450443,-0.01060305,-0.03287197,-0.03685504,-0.0289823
2016-43,-0.00895884,0.02554517,-0.03149284,-0.06348228,-0.02204856,-0.00956351,-0.00929839,-0.01511063,0.00340861,-0.00902256,-0.02377522,-0.02577454,-0.0188383,-0.02585194,-0.02208275,0.00171233,-0.01996451,-0.02025072,0.00914077,-0.01983514,-0.01615509,-0.00632701,-0.02506266,-0.00245399,-0.01575837
2016-42,0.03986879,0.02924348,0.02268908,0.06151811,0.02059497,0.01486252,0.01284247,0.04131296,-0.00466695,0.00434006,0.00469653,0.08012032,0.01923077,-0.00469484,0.01976661,0.01659389,0.02930403,0.00580833,0.0341394,0.04814815,0.05241265,0.05700036,0.01407249,0.03286979,0.01115076
2016-41,-0.00527506,-0.01449275,-0.03204868,-0.09576372,-0.03181189,-0.03415925,-0.01189465,0.01091954,-0.01533997,0.0,-0.03115156,-0.01452055,-0.01740506,-0.01045296,-0.03067343,-0.00887311,-0.03275786,-0.0179754,-0.03720717,-0.025417,-0.02074689,-0.03431542,-0.03849304,-0.01724138,-0.01884725
2016-40,-0.00425213,-0.01441103,-0.0040783,-0.00352707,-0.00055897,-0.00169205,-0.01998335,0.00349854,-0.00373134,0.00024931,-0.01045661,-0.12521274,-0.00472441,-0.01160093,-0.00069767,0.0411985,-0.01319842,-0.0094162,0.0,-0.10878362,-0.11351755,-0.00035398,-0.02673583,-0.00611995,0.00285652
2016-39,0.01575203,0.01458465,0.00871369,0.02878739,0.01023309,0.01370869,-0.00498753,0.01451906,0.01257334,-0.005455,0.01235004,-0.01274186,0.00965406,-0.00692042,0.01087728,0.03222656,0.02011623,0.00376648,0.02570205,-0.01598703,-0.01450326,0.03071298,0.00566802,0.00618812,0.01044212
2016-38,0.03982301,0.04123037,0.02262254,0.06502463,0.02262314,0.01620427,0.01342282,0.02980535,0.01793339,0.04998698,0.02404019,0.02240229,0.02905569,0.0174216,0.02000476,0.05015353,-0.00663423,0.01320755,0.05817452,0.02973802,0.04002965,0.05453149,0.0368355,0.00246305,0.0206047
2016-37,-0.01537673,-0.01294498,-0.02105698,-0.04205607,-0.01226119,0.00198364,-0.0231405,-0.02707475,-0.01646264,-0.01462288,-0.01989343,-0.05618744,-0.00325998,-0.04176072,-0.01043891,0.0,-0.00044072,-0.01872659,-0.03636364,-0.06251405,-0.05583039,-0.0527881,0.00504414,-0.03117506,-0.01093018
2016-36,-0.03085345,-0.03089533,-0.04854755,-0.11497599,-0.0394374,-0.03337335,-0.0122449,-0.05492639,-0.00385604,-0.01289181,-0.02562327,-0.09972121,-0.04439252,-0.02219756,-0.03664439,-0.0406746,-0.0387729,-0.0174954,-0.0354067,-0.0767258,-0.0761523,-0.06168026,-0.02975207,-0.02206736,-0.03027003
2016-35,-0.00100125,-0.00949968,0.00487805,0.02819818,0.00995733,0.00789539,0.0108969,0.07687577,0.0078329,0.00841193,0.00428725,0.0229079,0.00399042,0.00803674,0.00949893,0.02878465,0.0185022,0.01329535,-0.01065891,-0.00179695,0.00426743,-0.01249554,0.01806452,0.02145411,0.0015559
2016-34,-0.00622975,-0.03361858,-0.01966292,-0.02739075,-0.00909091,-0.00935961,-0.00167504,-0.01869159,-0.01921435,-0.00861414,-0.00213828,-0.07778738,-0.02650039,-0.008,-0.00782918,-0.00321888,-0.00438404,-0.00378788,-0.02298851,-0.08199458,-0.07875579,-0.03181336,0.00130208,-0.02810304,-0.00422692
2016-33,-0.00495909,0.00795594,-0.01144436,-0.02139037,-0.00695797,-0.00580552,0.00507185,-0.025,-0.00211775,0.00203097,-0.01225919,-0.01805354,-0.01003086,0.01148106,-0.00743322,-0.03215768,-0.00737527,0.00759734,0.01151079,-0.03315676,-0.02983219,-0.01243523,-0.01743197,-0.01664685,-0.00654879
2016-32,0.00929882,-0.00183824,0.0199187,0.04914873,0.016,0.00589536,0.0042735,0.00428397,0.00894378,0.00180134,0.00460177,0.01685985,0.01100629,-0.0194508,0.01572927,-0.01644399,-0.00689953,-0.01225259,-0.01569187,0.02821762,0.03696498,-0.04226312,0.04198646,0.00970874,0.01252236
2016-31,-0.00025082,-0.01102941,0.00955943,0.04077802,0.01341499,0.01527291,0.00687285,0.04795396,0.00684346,0.00753051,0.00427503,-0.02993141,0.01199041,0.00698487,0.01410506,0.02010582,0.01927289,0.00858779,0.01810176,-0.02169065,-0.0104712,0.02999651,0.01932812,0.01886792,0.01645338
2016-30,0.0,0.05934907,0.01216443,0.0494398,0.0168689,0.01210898,0.01829268,0.03298836,0.01070205,0.00920568,0.0335175,0.1447241,0.01624695,-0.00116686,0.0162762,0.03264418,0.00043422,0.00577478,0.04984741,0.11348006,0.11847988,0.06334183,0.01354507,0.00248447,0.01836355
2016-29,-0.00651956,-0.024,0.00589226,-0.00310078,-0.00117062,0.0088855,0.00611354,0.00255754,-0.02627189,-0.00105988,-0.0010981,-0.06039539,-0.00644641,0.0129717,0.0,-0.00756757,-0.0290404,0.0,-0.03079179,-0.04580958,-0.04,-0.03056922,0.00234632,-0.01444043,0.00462
2016-28,0.00570096,0.04881182,0.0226087,0.07375806,0.02481089,0.0069213,0.00879507,0.03893443,0.01923899,0.02835903,0.02528302,-0.01958697,0.01818182,-0.00353357,0.02395361,0.05040092,0.02068966,0.00389484,0.04910486,-0.01459854,-0.01434426,0.05331842,-0.0075365,0.04447268,0.01986755
2016-27,0.00679916,0.0155091,0.02150538,0.04534314,0.01645452,0.01460235,0.00720721,0.02325581,0.01295337,0.01169916,-0.00653595,0.05707814,0.01361702,0.02442002,0.01496388,0.03610108,0.00610288,0.02224469,0.02767227,0.04913619,0.05128205,0.04408818,0.02476931,0.02210663,0.01185006
2016-26,0.03006919,0.11883408,0.09841575,0.24008549,0.0765206,0.07229581,0.07203791,0.09111617,0.04436557,0.05340376,0.06753458,0.08614137,0.07430618,0.07692308,0.07334963,0.09702458,0.08834586,0.07120085,0.0994152,0.15083945,0.14382979,0.13436123,0.06214689,0.04078947,0.06575273
2016-25,-0.01862197,-0.05187713,-0.02643573,-0.09404001,-0.02823087,-0.02585752,-0.04192685,-0.00518135,-0.01348999,-0.02812242,-0.02527216,0.02340094,-0.03009458,-0.03345725,-0.0274223,-0.0139417,-0.04700302,-0.03972195,-0.05576408,0.01885776,0.02189142,-0.06722689,-0.01183432,-0.02366127,-0.02226027
2016-24,-0.00724249,0.00635145,0.00185615,0.01568368,0.00610344,-0.0026738,0.01642336,0.01005414,0.01096972,-0.01007557,-0.00748326,0.00634249,0.00087873,0.01032258,0.00506937,0.02393617,0.00396301,0.00101215,0.01741573,0.00385356,0.00089047,0.01924686,0.00351229,-0.02096178,0.00175
2016-23,-0.02705488,-0.04551539,-0.0331565,-0.06147135,-0.02078164,-0.01380928,-0.00354925,0.01227936,-0.04691358,-0.01551443,-0.00655611,0.03315977,-0.01628106,-0.04659498,-0.01833678,-0.02067183,-0.00345572,-0.04459203,-0.04117647,0.02835271,0.03302752,-0.01501014,-0.03034901,-0.0167264,-0.01094891
2016-22,0.00052798,0.03684971,0.03264368,0.06679764,0.02309173,0.01737503,0.02293578,0.0424,0.01351351,0.01285634,0.01266324,0.12308174,0.02218279,0.02236025,0.02208622,0.05710306,0.01292911,0.0146771,0.01748449,0.1032197,0.10285132,0.05344523,0.00101937,0.0,0.02184832
2016-21,0.03667745,0.01224784,0.03785338,0.08717459,0.02874133,0.01444535,0.03444976,-0.00708661,0.01581873,0.03396226,0.0149314,-0.09125475,0.01170117,0.01139241,0.02566903,0.03623188,0.02299908,0.01191658,0.01997717,-0.0710675,-0.06423778,0.01616524,0.03759398,0.0136646,0.02261048
2016-20,0.00910064,-0.01417434,-0.02000931,-0.04291553,-0.01365854,-0.00352208,-0.0038059,-0.04609665,0.00600601,0.00620201,-0.01117318,-0.03170189,-0.01068566,-0.01498127,-0.01078167,-0.01849218,0.00324525,0.0020202,-0.0228158,-0.03213773,-0.03863845,-0.03883072,-0.00267523,-0.01481481,-0.01856964
2016-19,-0.00134264,-0.00144718,0.00237417,-0.01597592,-0.0042609,-0.00243704,-0.00760456,0.01207547,-0.01285898,-0.0089153,-0.00757576,0.0652108,-0.03149606,-0.00878294,-0.00271739,-0.01282051,0.02739068,-0.00805639,-0.00737798,0.08031746,0.07560484,-0.01993932,0.01816181,0.00124844,-0.00177395
2016-18,-0.01864496,-0.09409594,-0.04089888,-0.12733645,-0.04273769,-0.03146944,-0.01955307,-0.03777619,0.00388098,-0.03591954,-0.03771429,-0.00613839,-0.02640545,-0.02986858,-0.03863988,-0.05739796,-0.00189663,-0.03554275,-0.08735969,-0.01809691,-0.02094718,-0.07320699,-0.00542594,-0.04363208,-0.03413217
2016-17,-0.00608788,0.0941255,0.01086957,0.00465658,0.00216651,-0.00441903,0.01812977,0.04927134,0.01178525,-0.02185637,-0.01652893,0.15670693,0.0042517,0.00357995,0.00102907,0.01965924,-0.01222379,0.00193611,0.0343261,0.12894907,0.13645621,0.05238468,-0.00163399,-0.01629802,-0.00291829
2016-16,-0.00130548,0.07272727,-0.00888889,-0.01626472,-0.00550459,-0.00902527,-0.00664767,-0.00546822,0.00745287,0.00309336,-0.00705533,0.03282418,-0.00252951,0.00472255,-0.00559796,0.03466667,0.016,-0.00095785,0.04249872,0.07079343,0.07534984,0.0233627,-0.00646552,0.02380952,0.0
2016-15,0.00855844,0.07525213,0.03400735,0.07239911,0.02262017,0.01472909,0.01949318,0.04332386,0.02376682,0.00621118,0.01558935,0.00163239,0.03141361,0.02055623,0.02247778,0.06231884,0.03942116,0.01573255,0.0832396,0.02578594,0.03611738,0.07807309,0.02392877,0.01349693,0.02727498
2016-14,-0.00399361,-0.03760553,-0.01954545,-0.03530128,-0.01070192,-0.00079239,-0.00775946,-0.02379236,-0.01411557,-0.01410835,-0.00190331,0.10277136,-0.00950735,-0.01317365,-0.00943149,0.00301205,-0.00857719,-0.01277014,0.0122164,0.08350223,0.07253886,0.03675482,-0.00664452,-0.02784504,-0.00969908
2016-13,0.01700405,-0.02274395,0.02772643,0.06198176,0.02031101,0.0220608,0.04919679,0.01344657,0.00395952,0.00285959,0.00304298,0.0515748,0.01835664,0.02045728,0.02009519,0.01049475,0.01486417,0.021,0.01851852,0.01199041,0.01923077,0.03279425,0.01575689,-0.00361882,0.02601667
2016-12,-0.02535362,-0.05882353,-0.02434626,-0.0640423,-0.02149533,-0.01525914,-0.03228963,-0.03305204,-0.00221828,-0.02852349,-0.01388889,-0.05243585,-0.02568493,-0.03521127,-0.02104443,-0.03628447,-0.03086112,-0.02821012,-0.05271829,-0.05607828,-0.05269608,-0.01554865,-0.00610094,-0.02009456,-0.02251918
2016-11,0.02142663,0.04115523,0.03831599,0.09462087,0.03321509,0.02539168,0.02421796,0.03267974,0.00848593,0.0161748,0.02625483,0.08579522,0.01923077,0.02270012,0.03008327,0.01762115,0.02959502,0.01688183,0.03356086,0.08722613,0.05151915,0.06329114,0.01010101,0.01542112,0.0227447
2016-10,0.01205149,-0.02970297,0.00474608,0.03313583,0.01134522,0.01464208,0.01230769,0.03453453,-0.00132159,0.0103211,0.01202483,-0.04362416,0.01151461,0.00848485,0.01323966,-0.02148997,0.00577428,0.0160804,-0.03508772,-0.00242817,0.0,-0.03022102,0.00170746,0.01438849,0.02096816
2016-09,0.03967129,0.23306948,0.08633094,0.25735496,0.08231173,0.06406205,0.05280172,0.1120332,0.02950522,0.0334628,0.05699057,0.04402772,0.05057252,0.06371912,0.08008154,0.14089347,0.07277937,0.03653445,0.15900131,0.0634278,0.04539007,0.20124717,0.03397774,0.04113111,0.07602339
2016-08,-0.00505618,-0.03571429,-0.04311199,-0.08920308,-0.03015764,-0.02362653,-0.01502146,-0.01792991,0.00136426,-0.01021635,-0.0177205,0.0226087,-0.01142857,0.00919842,-0.02879954,-0.045,-0.00287853,-0.00210526,-0.03935484,0.00322581,0.01020408,-0.03923767,-0.01222352,0.01174935,-0.0214168
2016-07,0.05743825,0.06232023,0.01966874,0.02232269,0.00885897,0.01676964,-0.00107875,0.04031551,0.00415321,0.03924647,0.00995438,0.08414691,0.00392157,0.02038043,0.00943396,0.03057554,0.01637356,0.02420242,0.0333565,0.07879088,0.08818898,0.01132976,0.02829028,0.03794038,0.01503546
2016-06,-0.01153735,-0.02857143,-0.01091476,-0.03132319,-0.00968784,-0.01641747,-0.01216814,-0.01297578,-0.00093197,-0.02235516,-0.00295608,0.09645853,0.00199601,-0.0405954,-0.01071429,-0.01096892,-0.00803958,-0.00789177,-0.0171184,0.06713781,0.05714286,0.00123305,-0.01822753,-0.02018843,0.00287356
2016-05,-0.01290323,0.09574468,-0.0115636,-0.03446404,-0.00911961,-0.01455895,-0.02286902,0.00851789,0.00937647,-0.02457002,-0.02165033,0.10758472,0.0029383,-0.04375,-0.00988947,0.0455408,-0.00059916,-0.03858186,0.04038179,0.09297052,0.12757974,0.04542587,-0.10727969,-0.00263505,-0.01404494
2016-04,0.00654525,0.0815402,0.07944176,0.18403756,0.06042741,0.02985948,0.0536105,0.07699358,0.03524229,-0.01245718,0.01917466,0.06308962,0.05338809,0.05858855,0.05602923,0.09034908,0.01151515,0.03336921,0.04703161,0.1183355,0.08842105,0.10734072,0.03513825,0.04109589,0.05393586
2016-03,0.02359452,0.04426788,0.01395598,0.04394924,0.01544686,0.00757135,0.00217865,-0.01098901,0.01172447,0.03862247,0.00629459,0.03593556,0.02408377,0.00923483,0.01428137,0.05042017,0.00718133,0.01722282,0.0269438,0.03942896,0.02350427,0.01229508,0.01573427,-0.036,0.00143802
2016-02,-0.02408948,-0.05920344,-0.03161222,-0.10906475,-0.03528988,-0.04895303,-0.04421053,-0.05308964,-0.04558011,-0.04312752,-0.03224473,-0.07119387,-0.01970954,-0.08009709,-0.03861004,-0.04790419,-0.01362559,-0.04383282,-0.03797468,-0.0937682,-0.06949807,-0.0482399,-0.03103837,-0.03741935,-0.03501401
2016-01,-0.01488095,-0.11517367,-0.05766387,-0.16810139,-0.05766621,-0.04351351,-0.04004004,-0.05354201,-0.03785211,-0.04125219,-0.0495283,0.01336898,-0.0433925,-0.06397306,-0.05441795,-0.07608696,-0.07185629,-0.05932203,-0.0978975,-0.00667408,0.0,-0.10229885,-0.05423907,-0.06998814,-0.05680317
2016-00,0.00345377,-0.01401051,-0.02069614,-0.05093946,-0.01750405,0.00212314,-0.01077375,-0.02568218,-0.00606586,-0.01606539,0.01375246,-0.00981997,-0.01509434,-0.00662252,-0.01375034,-0.01060071,-0.00322061,-0.00184843,-0.01522843,-0.0106383,-0.03928571,-0.01392758,-0.00255102,-0.01274623,-0.0048768
2015-51,0.03408169,0.07255814,0.01234568,0.05347938,0.01868852,0.01258367,0.03118712,0.01891447,-0.01315789,0.01779564,0.01974724,0.03495358,0.02512077,0.00885936,0.01607192,0.03429603,0.03327787,0.01303538,0.07645875,0.05299145,0.01838235,0.06950935,0.00770812,0.03353293,0.02074151
2015-50,0.01162476,-0.00564972,0.01109503,0.05505226,0.01850606,0.02921536,0.02895553,0.0221857,0.00352578,0.00845728,0.02156225,0.02202146,0.0097371,0.05405405,0.01818182,0.0037037,0.04405797,0.04509804,0.0033761,-0.00403691,-0.02003643,-0.01676301,0.00775595,0.00958084,0.02096047
2015-49,-0.01070496,-0.02760463,-0.06863197,-0.15281777,-0.05309162,-0.06052632,-0.04408818,-0.01177394,-0.01796407,-0.04102707,-0.03291536,0.00877674,-0.05627306,-0.04723502,-0.05294276,-0.08067227,-0.04980843,-0.05461394,-0.05319823,-0.01741023,-0.01916376,-0.03364589,-0.03136065,-0.032,-0.05122324
2015-48,0.0033916,-0.00756303,-0.01344688,-0.00928433,-0.0031736,0.01000263,0.01512097,0.00941915,0.02673566,-0.01844206,0.00116279,0.06478873,0.01485608,0.03391813,-0.00211138,-0.02511774,0.00053505,0.01509434,-0.02169982,0.04831705,0.04416961,-0.03210772,0.00100251,-0.00445434,0.00351582
2015-47,-0.01168224,-0.00254022,-0.03415478,-0.07363506,-0.02449612,-0.00468628,0.01644399,-0.03448276,-0.03037975,-0.00656455,-0.00424056,0.00457404,-0.03027605,0.00116959,-0.02040816,-0.01846154,-0.01735016,0.00189753,-0.00834824,0.02399554,0.01061947,0.00206718,-0.00200904,0.0,-0.01275761
2015-46,0.040043,0.0,0.03809951,0.07836103,0.02712934,0.02033272,0.00924025,0.05640244,-0.01361386,0.01065919,0.02254747,-0.02753304,0.02617329,-0.00233645,0.02521671,-0.0029985,0.00796601,0.01148325,0.02270012,-0.01855895,-0.01058201,0.00564682,0.04597701,0.01122334,0.02533233
2015-45,-0.01272872,-0.09615385,-0.02264654,-0.07743485,-0.02569727,-0.01405836,-0.02138493,0.01376147,-0.02595296,-0.03900709,-0.01684293,-0.00496141,-0.0197664,-0.0496614,-0.0237722,-0.04499274,-0.01063264,-0.04221388,-0.05048213,-0.01409978,-0.01584507,-0.03489531,-0.01560874,-0.00223964,-0.03208292
2015-44,0.00528402,-0.02947368,-0.00130321,-0.02041841,-0.00758265,-0.00435786,-0.01086957,0.01759755,-0.00856095,-0.00243902,-0.00306044,-0.07756377,0.00088106,-0.00110742,-0.00683371,-0.01123596,-0.00775194,0.00091996,-0.04059829,-0.07917297,-0.06907895,-0.03179877,0.01090909,-0.01523395,-0.01087219
2015-43,-0.00341476,-0.02929155,-0.01992204,-0.08655706,-0.03029394,-0.02002027,-0.002,-0.02587519,0.00986842,-0.01007625,-0.02169847,-0.07028599,-0.03116883,-0.02307692,-0.02782652,-0.08947368,0.0,-0.01469238,-0.05209397,-0.07233443,-0.05546995,-0.00964785,0.00476443,-0.02473118,-0.02568982
2015-42,0.01880204,0.0292887,0.01680672,0.03256115,0.01142514,0.00813835,0.01725888,0.01388889,0.01400679,0.00136724,0.01248581,0.05062035,0.01211073,0.00880088,0.01233635,0.00130378,0.00369783,0.00549954,0.01953728,0.03107075,0.00453172,0.00330657,-0.00637281,0.00432432,0.00936824
2015-41,0.0021575,-0.03994845,0.01329198,0.04389125,0.016329,0.02030848,0.0040282,-0.02001483,0.0012621,0.03074753,0.0188172,0.03475281,-0.00085616,0.01874311,0.01441214,-0.02503129,0.0085699,0.01110083,-0.02696078,0.04723666,0.09365079,-0.00136364,0.03738318,0.01314348,0.01549637
2015-40,0.0223202,0.1693787,0.02708804,0.11913747,0.03962559,0.01874024,0.04162331,0.1130363,0.01501502,0.05673759,0.0159409,0.05686475,0.05951307,0.04545455,0.03516541,0.11401099,0.0481523,0.03809524,0.12019491,0.06742126,0.05882353,0.11396152,0.01100715,0.04853273,0.03589232
2015-39,-0.00392157,0.08497854,0.06893156,0.21218439,0.06773315,0.04370972,0.04372197,0.03589744,0.01043478,0.00445236,0.04118616,0.06198118,0.0563654,0.07894737,0.06513735,0.03880597,0.05006031,0.05263158,0.06794949,0.08746518,0.0335097,0.0618839,0.05632115,0.01393728,0.04787376
2015-38,-0.01707048,-0.09658678,-0.03828413,-0.11955073,-0.04024273,-0.02945903,-0.03329753,-0.07461538,-0.03293536,-0.01921397,-0.03427896,-0.01308216,-0.03639672,-0.04098361,-0.03753994,-0.072,-0.01891117,-0.04347826,-0.07505285,-0.00890519,-0.01365188,-0.07322987,-0.04051773,-0.06524064,-0.03866566
2015-37,0.0182226,0.0,0.01168224,0.03329416,0.0116129,0.02109589,-0.0010627,0.02604578,0.01123596,0.0020438,0.01364366,0.08700441,0.01461187,0.00117509,0.01268898,0.01075269,0.01822457,0.01568627,0.00369588,0.09860724,0.08711434,-0.01377018,0.02133795,-0.01781971,0.00952626
2015-36,-0.00695991,0.00208044,-0.00326036,0.02927025,0.00845254,0.03636364,0.00956429,0.00475813,0.00203169,0.00410437,0.0199187,-0.02860227,0.01015697,0.00350877,0.01171662,-0.01719577,0.00408401,0.00884086,0.01052078,-0.02798708,-0.04332756,-0.00232234,0.01518692,0.00421053,0.01642764
2015-35,-0.02852441,-0.07901907,-0.04227273,-0.14957983,-0.04883498,-0.04119747,-0.03781513,-0.03074558,-0.0082203,-0.02592047,-0.04836131,-0.04352386,-0.0458221,-0.0385514,-0.04641803,-0.05534591,-0.03921569,-0.02472799,-0.06134969,-0.06037152,-0.06418919,-0.04716117,-0.03231391,-0.03125,-0.04184741
2015-34,0.05550762,0.10458992,0.06631171,0.23855981,0.07922838,0.0873414,0.07023411,0.04196358,0.06337413,0.08486017,0.09329941,0.03613808,0.06660232,0.0776699,0.08357432,0.11095506,0.04381753,0.05306972,0.08820287,0.02667364,0.00674536,0.09136546,0.09028643,0.02051836,0.0473642
2015-33,-0.04683779,-0.0527018,-0.05921053,-0.1958042,-0.06783303,-0.08108795,-0.07866273,-0.03862974,-0.03890895,-0.06210466,-0.07706697,0.00447539,-0.05790838,-0.08580508,-0.07102708,-0.03773585,-0.082397,-0.09872029,-0.06747573,-0.02192564,-0.01987768,-0.08495882,-0.08161045,-0.07163886,-0.07341222
2015-32,-0.02282637,-0.0615289,-0.04450915,-0.11151481,-0.03796729,-0.03951515,-0.00875486,-0.021398,-0.02297508,-0.01597534,-0.03935599,0.04703367,-0.0281457,-0.02079002,-0.03651412,-0.0315534,-0.0381154,-0.01801802,-0.05863636,0.04202532,0.02411576,-0.05614754,-0.01915913,-0.01360544,-0.03042267
2015-31,-0.01536885,-0.00902062,-0.00586019,-0.01707423,-0.00532072,0.00049739,0.00496524,-0.04495913,0.00914513,-0.01952036,0.00842491,0.00681431,-0.00249584,-0.01145833,-0.00247097,-0.01236094,-0.01176471,-0.01801802,0.02635362,0.0,-0.02006689,0.02139738,0.0,0.0110664,-0.00164745
2015-30,0.02086594,0.01993569,0.0215736,0.06053092,0.02016009,0.01547292,0.00198216,0.01873699,-0.01216163,0.02209632,0.02730627,0.02834467,0.02173913,0.00838574,0.01756991,0.039801,0.02313072,0.01537071,0.02842004,0.02300696,0.02159468,0.03813369,-0.01057082,0.01495513,0.00583567
2015-29,-0.00542495,-0.06486797,-0.03942652,-0.10796221,-0.03753501,-0.03374447,-0.00971817,-0.03675048,-0.02694497,-0.01485557,-0.02332257,0.043379,-0.03739061,-0.0251004,-0.03507951,-0.03868699,-0.04411765,-0.03583618,-0.06397157,-0.0118863,-0.01282051,-0.04680851,-0.01165147,-0.025,-0.03349601
2015-28,0.01149726,-0.02335687,0.00398248,0.00240819,0.00111452,0.00817757,-0.00097656,-0.00127714,0.01144601,0.02943674,0.0076225,-0.07426436,0.0023678,-0.01778656,0.00139632,-0.03104213,-0.02076125,-0.00341006,-0.02839931,-0.07611549,-0.06371191,-0.05912495,0.03188709,0.01943635,-0.00572435
2015-27,-0.01957203,-0.02740462,0.00080645,-0.02505695,-0.00585774,-0.00235294,0.03763988,-0.0194114,-0.01429109,-0.02698981,-0.01534618,-0.06070144,-0.01022817,0.02564103,-0.00698649,-0.0409042,-0.0181997,0.00607112,-0.01513186,-0.07622951,-0.06143791,-0.02782194,-0.00527704,-0.01156069,-0.01540832
2015-26,0.00762556,-0.02587519,0.02096774,0.05964953,0.01906604,0.01770115,0.02012072,0.0,0.00676183,0.00432082,0.03015075,-0.0261324,0.01647059,0.00893744,0.01912002,-0.02038736,-0.00423529,0.00505051,-0.02244898,-0.01989444,-0.0302267,-0.03249907,0.00823469,-0.01221805,0.01567262
2015-25,0.00831169,0.0,-0.00898438,-0.02699013,-0.00856302,-0.01059135,-0.01253616,-0.0241838,-0.01374443,-0.02626835,-0.00172891,-0.01019108,-0.00615385,-0.02349624,-0.00803034,-0.02764067,0.00587703,-0.01285141,-0.0613243,-0.02444703,-0.03033981,-0.01186624,-0.01273885,-0.00376648,-0.00889642
2015-24,-0.01002828,-0.01514411,0.00999201,0.02150897,0.0065538,0.01930064,0.0088845,0.01897185,-0.01551533,0.00260213,0.01767409,0.02655246,0.003125,0.00670498,0.00819113,-0.01072125,-0.01218962,0.00812348,-0.00712411,0.00771903,0.00120337,-0.00926916,0.005923,-0.00382409,0.00623388
2015-23,0.01196982,0.00681929,0.01848875,0.01034182,0.00325115,-0.00134862,0.00785083,0.02702703,0.02222222,0.00130005,0.00708215,-0.02349979,-0.00617284,0.0,0.00225734,-0.01510859,0.00089606,-0.00559552,0.01130795,0.00794597,-0.00121065,0.01488306,0.009355,0.00382775,0.00042608
2015-22,-0.02137405,0.00834971,-0.02616166,-0.06508033,-0.02069514,-0.02996743,-0.01443696,-0.02750611,-0.0140325,-0.01117318,-0.02647868,-0.0237599,-0.00614912,-0.01481481,-0.0214412,-0.00927644,-0.02217391,-0.01417323,-0.00596792,-0.01752336,-0.03625731,0.01134752,0.02622464,-0.0206379,-0.01913478
2015-21,0.01314772,-0.02278121,-0.015,-0.06971719,-0.02222222,-0.00604491,-0.00190295,-0.00728155,-0.00333457,0.00815702,-0.01471572,0.01474926,-0.02837939,-0.00991885,-0.02073434,-0.03139013,-0.01579172,0.00472813,-0.0116831,0.01582278,0.02278177,-0.01387925,-0.00401204,-0.00184843,-0.01601643
2015-20,-0.00529367,-0.05214724,-0.00225056,0.00035865,0.00076336,0.00215008,-0.00186916,-0.03583618,-0.01911977,0.00178754,0.00394867,-0.0255489,0.00222222,-0.03955288,0.00149158,-0.00781929,-0.00339847,0.0015625,-0.03383328,-0.0453727,-0.03378378,-0.02090246,0.00595829,0.00183655,-0.00060655
2015-19,0.00863821,0.01851852,0.02359209,0.04712424,0.01638085,0.02581072,0.02887392,0.01821286,0.00325615,0.00986244,0.02504174,0.04989518,0.01867065,0.01749781,0.0182835,0.00862069,0.00726806,0.01904762,0.00417537,0.06291007,0.05588585,-0.00935484,0.01911469,0.01297498,0.01489188
2015-18,-0.0129376,-0.01722653,0.01024279,-0.03698969,-0.01202104,-0.01464255,0.02739726,0.02838934,-0.0053495,-0.00462131,-0.01812884,-0.01618257,-0.00147601,0.00960699,-0.01116024,-0.01516428,-0.00550148,0.00318725,-0.00798889,0.00233645,-0.00472255,-0.00485437,0.00915099,0.00646353,-0.01104861
2015-17,-0.00702988,0.03839205,-0.02634508,-0.05736434,-0.01999506,-0.00324394,0.0029615,-0.01088825,0.00035613,-0.02086476,-0.00715447,0.00427716,-0.02389573,-0.00349956,-0.01604167,-0.00594732,0.02968136,-0.00953895,0.0,0.00316706,0.01331719,-0.00129955,-0.05130687,-0.00277778,-0.01353503
2015-16,0.0,0.04982902,0.02622577,0.08699937,0.02776363,0.01214128,0.02235772,0.04334738,0.01648155,0.01200204,0.02003339,-0.0232358,0.03007519,0.02598566,0.02574003,0.00255102,0.02620877,0.01461039,0.04852557,-0.0172,0.00627353,0.09348138,0.03048476,0.02887392,0.02770367
2015-15,-0.00127259,0.03765903,-0.01887491,0.00313255,0.00152944,-0.0063499,-0.01209677,0.00783133,0.01593049,-0.01464646,0.00473773,0.03126396,0.00449775,-0.00265018,-0.00064309,0.00169492,-0.00813376,-0.01362179,0.02592879,0.01385493,0.01006289,0.01576824,-0.00946215,-0.00753296,-0.00632911
2015-14,0.03323737,0.00405268,0.02130841,0.08104513,0.02653486,0.02772143,0.01327886,-0.00777047,-0.00647948,0.01854714,0.01428086,-0.02101201,0.0183908,0.03391384,0.02628121,0.03012048,0.03045923,0.02467105,0.0003827,-0.02894016,-0.02091021,0.01175174,0.04039358,0.01724138,0.02268431
2015-13,0.0087836,-0.00154639,0.03578451,0.07506105,0.02539854,0.01794454,0.01685985,0.04356182,0.03403141,-0.00284605,0.0079778,0.03878505,0.02288871,0.01879699,0.02409091,0.00699301,0.0124283,0.01950806,-0.01989288,0.00946113,0.00508259,-0.00844967,-0.00209754,0.01371205,0.02329632
2015-12,-0.01069937,-0.04312532,-0.00119379,-0.05524335,-0.01838335,-0.00521204,-0.01979167,-0.01219512,-0.0166605,-0.02037133,0.02136752,-0.04903226,-0.01892744,-0.01606805,-0.01591995,-0.0327304,-0.03373946,-0.01934399,-0.02255639,-0.04141104,-0.03268765,-0.0517547,-0.00627615,-0.02321083,-0.01680856
2015-11,0.027496,0.05312673,0.03683775,0.09852855,0.03392206,0.02305825,0.02272727,0.0435365,-0.00989736,0.02079495,0.03401609,0.09073359,0.02753036,0.02823759,0.02962615,0.03497758,0.00709555,0.03859649,0.03847679,0.07490478,0.07077326,0.03386005,0.04515419,-0.01062802,0.03454504
2015-10,0.00295223,-0.0515625,-0.02365416,-0.06267123,-0.02083912,-0.01776284,-0.01500536,-0.02697495,-0.01658255,-0.01492537,-0.02210946,0.01057692,-0.02301587,-0.02123552,-0.02097413,-0.03892734,-0.02572347,-0.01899827,-0.05088579,-0.0046729,0.0,-0.03443277,-0.01522567,-0.02919021,-0.02094941
2015-09,-0.01284067,-0.06090373,-0.02837998,-0.10053769,-0.0347315,-0.01989235,-0.02617801,-0.05636364,0.0054407,-0.01751223,-0.01256281,-0.10399674,-0.03235747,0.05331992,-0.03060306,-0.0534846,-0.01218962,0.00432152,-0.05878162,-0.09834862,-0.10227273,-0.04245771,-0.00701944,-0.03754579,-0.0308389
2015-08,0.01408451,0.05257732,-0.00155703,0.03212014,0.01187584,0.01450309,0.0149413,0.01413645,-0.01431639,0.0230037,0.01807664,0.03188406,0.00926641,0.02839117,0.01068182,0.01483924,0.01290917,0.01957295,0.01873199,0.03623459,0.03725262,-0.00170765,0.0054615,0.01680672,0.01091465
2015-07,0.00698362,-0.01092896,0.00469667,0.00478908,0.00214247,0.01150252,0.01616379,-0.00610874,0.01311953,0.00976253,0.01672727,-0.01223491,0.00153492,-0.00627615,0.00203344,0.00656814,0.00691563,0.00177148,0.01003584,-0.03785714,-0.03340757,0.0036777,0.01041667,0.02473834,0.00413403
2015-06,0.01597796,0.0323422,0.00915241,0.06691851,0.02268379,0.02565344,0.01433297,0.0105068,0.01266294,0.0255296,0.00769795,-0.00900196,0.02666667,0.02572347,0.02141377,0.01163757,0.024821,0.02003643,0.02752976,0.00693241,-0.00214823,0.03806584,0.00717044,0.02929687,0.01725664
2015-05,0.01371781,0.07709751,0.00638978,0.00475111,0.00246238,-0.00669376,0.00551268,-0.00739827,-0.0166605,0.04138702,-0.00761974,-0.03328173,0.012749,0.01971522,0.00253515,0.02835052,0.02346041,0.01669759,0.04120879,-0.02713704,-0.02962963,0.02993148,0.0316563,0.00492611,-0.00594321
2015-04,-0.02420242,-0.03144301,-0.02742947,-0.12491298,-0.04316547,-0.01906578,-0.00991189,-0.0196195,-0.00701625,-0.01195652,-0.00329308,-0.02218045,-0.04040404,-0.01434879,-0.03678628,-0.02857143,-0.03071017,-0.02851886,-0.0279178,-0.03125,-0.01816239,-0.02088585,-0.02440377,0.0,-0.03758099
2015-03,0.02000564,-0.02040816,0.02873331,0.10137137,0.03390298,0.01570048,0.00338983,0.01466097,0.00928333,0.02451936,0.01608679,-0.08253631,0.02371542,0.02097902,0.03071911,0.01368691,0.02123457,0.00855513,-0.00274402,-0.05206004,-0.03909465,-0.01813656,0.04443162,0.01007049,0.02688291
2015-02,-0.00367439,-0.10377834,0.00528455,0.03936472,0.01395089,0.00533204,0.0011325,0.01168512,-0.00334324,0.00475924,0.01095166,-0.0018423,0.00158479,0.0,0.01151316,-0.01670844,-0.02034884,-0.01034807,-0.04715569,0.0104342,0.00431034,-0.0275767,-0.01696833,-0.00506073,0.0087346
2015-01,0.00710429,0.00538688,0.04298357,0.09575758,0.03139269,0.01879792,0.00675676,0.02338462,-0.00701107,0.02006783,0.0273224,0.05571487,0.01761409,0.02810304,0.02977906,-0.0040783,0.0108321,0.0131951,0.02912254,0.05535191,0.03747073,0.02144587,0.01419648,0.04550265,0.03334867
2015-00,-0.01927313,0.02195122,-0.01508972,-0.03322995,-0.01026352,-0.00345423,0.01333333,-0.01763668,-0.01897601,-0.01144414,0.00665883,0.08985102,-0.00235664,-0.00682594,-0.0084408,-0.01267829,-0.001924,-0.00184672,-0.01235016,0.06230159,0.02676399,-0.01277432,-0.00723428,-0.00521921,0.00135685
2014-51,0.00983875,0.01188119,0.00657084,0.00087393,0.00082781,0.01040119,0.00661521,0.010551,0.02414929,0.01255459,0.00274617,0.05467626,-0.00078247,0.01148106,0.00163743,0.00316957,0.01308774,0.01482854,-0.00292505,0.04045307,0.06068268,0.01841929,-0.00382932,0.01048218,0.00247191
2014-50,0.0375,0.07397692,0.05478261,0.12943445,0.04259043,0.01593323,0.02033898,0.04342508,0.01437451,0.01866516,0.01642628,0.09444985,0.01678657,0.01403509,0.0362923,0.05857741,0.00538951,0.02772467,0.06432749,0.08486622,0.07460733,0.08505338,0.04576659,0.04730473,0.03591549
2014-49,-0.04813413,-0.05204819,-0.05212121,-0.14285714,-0.04816639,-0.02606577,-0.05246253,-0.06877427,-0.04558611,-0.0169863,-0.01542722,-0.042362,-0.03490137,-0.0182025,-0.04520295,-0.05486862,-0.03441773,-0.0202952,-0.05449982,-0.01726784,-0.01336574,-0.07866965,0.00339943,-0.02330508,-0.0429774
2014-48,0.01834109,0.00141376,-0.01099333,0.00559284,0.00216216,0.00531915,-0.00212089,-0.02151694,0.00573066,0.01751026,0.00668765,-0.10904152,-0.00970874,0.01475596,0.00319343,0.01527884,0.00748363,0.00728597,0.00421644,-0.06023664,-0.04827586,-0.00186335,-0.01204819,0.00943396,0.00043745
2014-47,0.00919665,-0.05905006,-0.01852552,-0.04266322,-0.01388161,-0.01106664,-0.01344364,0.0,-0.00561995,0.00879121,0.00391696,-0.11605124,-0.00662252,-0.01625135,-0.01153761,-0.03082437,-0.02065559,-0.02677029,-0.03447133,-0.08336265,-0.03294118,-0.03462441,-0.0010627,-0.02419355,-0.00171233
2014-46,0.01499864,0.02047038,0.02732871,0.1057453,0.03522452,0.01428231,0.02129925,0.05109101,-0.00207972,0.01877277,-0.00309119,0.04726562,0.02020958,0.02911534,0.03088803,0.00573066,0.01179138,0.02493321,0.01004352,0.04256093,0.03356481,0.01362963,-0.01105845,0.01932859,0.01912628
2014-45,-0.00245566,0.02496656,0.01981352,0.0076699,0.00266738,0.00883688,-0.00423729,-0.03293875,0.0038221,0.00167131,0.01281553,0.08973789,-0.00517369,-0.00665188,0.00293255,-0.00071174,0.01644587,-0.00616197,-0.00301609,0.08393866,0.08301405,-0.01194639,0.02149974,0.02279793,0.00172898
2014-44,-0.00055066,-0.01186292,-0.01192308,-0.04067098,-0.01397679,-0.01445498,0.00320513,-0.01533742,-0.03293718,-0.00749792,-0.00999231,0.00497512,-0.01528384,-0.02159827,-0.01315789,0.02095376,0.00646054,-0.01462995,-0.00461437,0.01907357,0.01474201,-0.00879682,-0.03536648,0.00731452,-0.01581197
2014-43,0.03093954,0.01238938,0.05932203,0.10604989,0.03575298,0.01344215,0.01952278,0.07119741,-0.01132201,0.05807783,0.00075988,-0.17253905,0.01925926,0.0521542,0.03107151,0.03338279,0.02946679,0.04185218,0.01157025,-0.11258516,-0.10532276,0.02402059,0.03375068,0.02118644,0.03323131
2014-42,0.0057241,0.00613497,0.01215559,0.01342685,0.00431849,0.00599377,0.03436807,-0.02456499,0.02739263,0.0194378,0.0164751,-0.05757278,0.01194922,0.01687289,0.00477598,0.01260193,0.00742804,0.01610018,-0.0035784,-0.04242625,-0.02262931,0.03217466,0.00594273,0.02027748,0.0111573
2014-41,-0.01224133,0.00968736,0.00609508,-0.01612422,-0.00484914,-0.01140413,-0.01672241,-0.04636408,-0.02643754,0.00519084,0.00545171,-0.01817592,-0.00666667,0.02080925,-0.00589837,0.01978691,0.00524059,0.02790698,0.00332226,0.00578231,-0.01186624,0.00317094,0.032824,-0.00429185,-0.01811907
2014-40,-0.04629113,-0.05153782,-0.03301887,-0.09495081,-0.03136531,-0.0309755,-0.06022845,0.01085348,-0.01983365,-0.06703107,-0.03710716,-0.01143791,-0.02867384,-0.04793028,-0.03236533,-0.05761024,-0.05323869,-0.06598115,-0.07142857,-0.00891327,-0.01752464,-0.0584989,-0.05137712,-0.03444676,-0.01619088
2014-39,-0.01099505,-0.05096308,-0.00279664,-0.02232479,-0.0066313,-0.00667434,-0.02026342,-0.01312468,0.00743134,-0.01528014,-0.01641179,-0.09609423,-0.00503597,-0.02677652,-0.0060241,-0.01473684,-0.01926445,-0.02310231,-0.02731026,-0.07829181,-0.07826982,-0.04267311,-0.01098901,-0.01954733,-0.00597652
2014-38,-0.00948509,-0.00671671,-0.0112534,-0.03049304,-0.00901365,-0.003386,-0.01771654,-0.00685267,-0.00890869,-0.01527778,0.00219058,0.00621311,-0.00915493,-0.0040282,-0.00824116,-0.02899528,-0.01724138,-0.00568643,-0.028633,-0.00542438,-0.00610376,-0.03377349,-0.00464157,-0.00505051,-0.00747043
2014-37,0.0013459,-0.01865672,0.0,-0.00804224,-0.00253036,-0.00379719,0.00492611,-0.01452671,-0.00442758,-0.00410846,0.00508351,-0.05713489,-0.00276817,-0.00988142,-0.00255754,-0.01309758,-0.01182226,-0.0063745,-0.00266115,-0.05849986,-0.05233645,0.00972326,0.0190036,0.00398804,-0.00326331
2014-36,-0.00482962,-0.00723851,-0.02743789,-0.09589536,-0.03357664,-0.02864583,-0.01804368,-0.06321335,0.00031516,0.0008161,-0.01912181,0.00634371,-0.02876254,-0.02728128,-0.03024691,-0.03692115,-0.01912351,-0.00933126,-0.02816092,-0.01228923,-0.01948052,-0.00669975,-0.00049358,-0.01757812,-0.03034483
2014-35,-0.00342827,0.00576784,0.00885282,0.05639817,0.01911296,0.01312049,0.00094429,0.0079646,0.01401274,-0.00298346,0.0088433,-0.02140182,0.01682369,0.01720841,0.01760928,0.00124301,0.00559776,0.01095462,-0.00455192,-0.04340963,-0.04940375,0.01360713,0.00545906,0.00195122,0.01712124
2014-34,0.00912262,-0.00568384,-0.00183284,-0.00285088,-0.00024456,0.00616333,-0.01212687,0.0216972,-0.00952986,0.0115037,-0.01165182,0.04590339,0.00067249,-0.01040681,0.00062163,0.00875,0.01376518,0.00156986,-0.01126443,0.03399209,0.02482877,-0.01068739,-0.0054672,-0.00769971,0.0041958
2014-33,0.00869093,-0.01438092,-0.00878156,-0.0134357,-0.00441501,0.00243794,-0.01211556,0.01916462,-0.00442618,0.00745239,0.01017544,-0.03298655,-0.00672948,-0.00285987,-0.00083368,-0.01592162,-0.00649351,0.01045016,-0.02282728,-0.04629169,-0.00665557,-0.00628779,0.0009985,-0.00288184,0.00460737
2014-32,-0.00108519,-0.01421637,-0.00256881,0.01648563,0.00547809,0.01054994,0.00283822,0.01395117,0.00158983,0.01012658,0.01325215,-0.00404654,0.00543848,0.0146771,0.00528206,0.0,-0.00081699,0.00489796,-0.00222284,-0.02906273,-0.03047314,-0.00587228,0.00857287,0.0,0.00933442
2014-31,-0.00517007,-0.04907563,-0.01900585,-0.05408271,-0.01710461,-0.01270053,-0.02695167,0.0015213,-0.00125786,-0.0193657,-0.0074893,0.02825456,-0.01420839,0.00801603,-0.01557567,-0.00124456,-0.01692866,0.00082919,-0.01707989,0.0303262,0.04418012,-0.00587228,-0.02631579,-0.00585938,-0.01036796
2014-30,-0.02053881,-0.04312316,-0.02682131,-0.06969147,-0.02273839,-0.02241266,-0.0433213,-0.05009634,0.00063674,-0.01882092,0.00035932,-0.03135028,-0.02151984,-0.04275996,-0.02160366,-0.01933874,-0.02829077,-0.04243395,-0.02138603,-0.02300538,-0.04227642,-0.02951764,0.01302083,-0.02963671,-0.02521513
2014-29,0.00777063,0.02789916,0.00920132,0.03115432,0.01044776,0.0080089,0.02121771,0.01102589,-0.00849324,-0.00358225,0.00655499,-0.02823071,-0.00134862,0.008867,0.00929054,0.02652005,0.00831683,0.004,0.02377622,-0.01539589,-0.01138211,0.00925475,0.02416756,0.01154957,0.00974026
2014-28,-0.01003168,-0.01829674,0.00147601,-0.00729367,-0.00149551,0.00516854,0.00550964,-0.01204239,0.00094073,-0.00520833,0.00328827,0.00817844,-0.00871314,0.0039604,-0.00148054,-0.00707851,0.01953748,-0.00318979,0.01999437,-0.00122971,-0.00647773,0.01637311,-0.01540096,0.00095602,-0.00020284
2014-27,-0.01627297,0.01042017,0.00074239,-0.01797146,-0.00549588,-0.00733986,-0.03985828,0.00887574,0.02729045,-0.01386246,-0.00655022,0.08333333,-0.00067114,-0.03724928,-0.00445387,-0.01401274,-0.01586672,-0.0311284,-0.00393701,0.03813769,0.0212766,-0.01370198,-0.02875065,-0.02629108,-0.00284611
2014-26,0.0174557,0.05871886,0.01733233,0.06154224,0.02141764,0.02317655,0.0,0.0079721,0.03629579,0.01849807,0.01738166,0.01499746,0.01565691,0.01044634,0.01988759,0.00960922,0.03383004,0.00926641,0.02683983,0.01484047,0.02085071,0.0367388,0.01714286,0.00093809,0.00902009
2014-25,-0.00582473,-0.01273885,0.01142857,0.01760185,0.00511247,0.00751537,0.0079646,0.0039604,-0.00866956,-0.00359414,0.00707372,-0.03453569,-0.00405132,0.01056676,0.00651466,-0.00064185,0.01174089,0.00389105,0.00820152,-0.00571997,-0.02502085,-0.0012639,0.01483837,0.0037594,0.00794148
2014-24,0.02434406,0.03790412,0.00915332,0.01011189,0.00358331,0.00135471,0.01158645,0.01144279,-0.00166722,0.00808025,-0.00259933,0.06609275,0.00610169,0.03051181,0.00325945,0.00969619,0.00319234,0.01805338,0.0203167,0.08051663,0.09090909,0.01821494,0.01465003,0.02194656,0.00145742
2014-23,-0.0061828,-0.02227904,-0.00226672,-0.00932382,-0.0025413,-0.00694133,-0.02168257,0.00297767,-0.01979566,0.00756726,-0.0033284,0.13368324,-0.00201748,0.01401401,-0.00215843,-0.01266624,0.00160064,0.00555115,-0.01495601,0.08797127,0.04589844,-0.01978189,0.03240223,-0.0094697,0.00041468
2014-22,0.00242849,-0.01189618,0.01424721,0.05874174,0.02082791,0.01603298,0.03306524,0.01534527,0.00476493,0.02265558,0.00933881,0.04636188,0.0213205,0.01015228,0.01852669,0.01946788,0.01887567,0.01462226,0.01512904,0.04324829,0.01923077,0.02426298,0.03021499,0.00570885,0.01963268
2014-21,0.00162162,-0.00291333,-0.0076599,-0.01904023,-0.00493635,0.00810748,0.01086957,0.00825168,0.01303781,0.01859924,0.00941974,0.02651148,0.00069156,0.00512295,-0.00352734,-0.01796023,0.00745342,0.00654664,-0.02652288,-0.01126332,-0.02085402,-0.02523579,-0.00171135,-0.00758294,-0.0027403
2014-20,0.00927948,0.0144498,0.00266667,0.01449893,0.00465718,0.0132589,0.02537594,-0.01615346,-0.00431034,0.01426025,0.01097238,-0.0033732,0.00345066,0.04305705,0.00527473,-0.01265022,0.0168563,0.0297619,0.00732279,-0.01304348,-0.04775023,-0.00127943,0.02846975,-0.00094251,0.00589102
2014-19,-0.0002745,0.0158371,0.00842589,0.04105937,0.01470202,-0.0009348,-0.02125693,0.00303797,0.01188904,-0.01946329,0.01714939,-0.00969403,0.01194659,-0.03049422,0.01337196,0.0,-0.00549915,-0.02257525,-0.0029163,-0.0132108,-0.01229896,-0.00988092,-0.00595593,-0.00753296,-0.00021088
2014-18,-0.00518842,-0.00853375,0.01382853,0.01755718,0.00590763,-0.00140713,0.00660377,0.02965661,-0.00364359,-0.00533491,0.00580046,-0.05362319,0.01005025,-0.03151261,0.00613776,-0.01583281,-0.02212944,-0.02902156,0.00595061,-0.03624614,-0.04120879,0.00078329,-0.03897615,-0.00475737,0.00716457
2014-17,0.00355677,0.00116777,0.00831354,0.0420078,0.01435536,0.00919161,0.02639296,-0.02367758,0.00133645,0.01572898,0.02360346,0.01307578,0.0137881,0.01599147,0.00891021,0.02440591,0.01097509,0.01005025,0.00447895,0.01619778,0.00832562,0.0151912,0.02816058,0.00573066,-0.01287277
2014-16,-0.00814111,0.00116144,-0.02461538,-0.06772321,-0.02235232,-0.01741351,0.00195122,-0.00997506,-0.01694363,-0.0074096,-0.01600312,0.07462226,-0.00789096,-0.00105042,-0.02091768,-0.00762389,-0.01872202,-0.00409836,0.00536513,0.02376181,0.01597744,-0.01156812,-0.0773362,-0.00864553,-0.03171918
2014-15,0.01696801,0.00853375,0.00539499,0.0160162,0.00638808,0.01588785,0.00790514,0.0,0.01294391,0.0,0.0066719,-0.06329849,0.00432277,0.02250804,0.00677048,0.00127632,0.01827243,0.02113271,0.00206125,-0.05229111,-0.04159292,-0.00861196,0.04486087,0.02054795,0.00491873
2014-14,0.00391499,0.00669555,0.01249512,0.02449554,0.00857219,0.0051306,-0.02121504,-0.01231527,0.01649832,-0.00838826,0.01874003,-0.00351597,0.01246334,-0.0238342,0.0095498,-0.00128535,-0.01392301,-0.02042484,0.00568522,-0.00463215,-0.01858407,-0.00433784,-0.0095613,-0.00195312,0.01057402
2014-13,-0.00438116,0.00515873,0.00512013,0.01987204,0.00704416,0.01105102,0.01853659,-0.001997,0.01415257,0.00714073,0.00479042,0.03529063,-0.00436047,-0.01014199,0.00711989,0.00907912,-0.00922583,-0.00080064,0.01840121,0.00795174,0.01544051,0.01212903,-0.04853862,-0.01337154,0.00958188
2014-12,-0.00055264,0.04228856,0.02923264,0.10745253,0.03499859,0.01154124,0.00994036,0.0448,0.01943463,-0.00332126,0.02108309,0.00288934,0.02431835,0.00511247,0.03245823,0.0072896,-0.00121753,-0.00717703,0.04040404,0.00683247,-0.00353357,0.01005025,-0.03380424,0.01269531,0.02590674
2014-11,-0.00687947,-0.01470588,0.0078125,0.00578297,0.00285878,0.00095465,-0.01939864,0.0233463,0.01973448,0.00545124,-0.00490396,-0.06407669,0.00820896,-0.00406504,0.00288739,0.00535834,-0.01178782,-0.01860465,0.00632711,-0.04017857,-0.06532258,0.03204601,-0.01832208,0.0029383,0.00386979
2014-10,-0.00846763,-0.04475248,-0.01426243,-0.06503351,-0.02179451,-0.01332065,-0.03259827,-0.00387597,-0.01333333,-0.0078125,-0.03253012,0.07840083,-0.02063375,-0.03952569,-0.02003339,-0.0259481,-0.04925544,-0.04285714,-0.0278125,0.05285896,0.05258833,-0.01039956,-0.05598543,-0.03339695,-0.01513782
2014-09,0.0166986,0.0163297,0.02235099,0.05406017,0.01919771,0.01361868,0.04378109,0.01952036,0.00725953,0.01177536,0.01129944,0.01306018,0.02198635,0.04179409,0.01930502,0.0132714,-0.00615148,0.05617089,0.01356768,-0.00349476,-0.01995211,0.00432432,0.03503036,0.0364532,0.01643085
2014-08,0.01334059,-0.00942685,0.00657895,0.0008616,0.00112708,0.00389484,0.01976285,-0.00806452,0.00431655,0.0097561,0.00162734,-0.05570552,-0.00667656,0.00820513,-0.00023781,0.00463576,0.08582408,0.02808989,-0.00648012,-0.04893769,-0.03816199,-0.0153806,0.00457666,0.01384768,-0.00516854
2014-07,-0.01675364,-0.01155423,0.0062474,0.00728103,0.00367647,0.00587803,-0.00197824,-0.0038525,0.00036088,0.0093838,0.00081867,-0.01309612,0.00074074,-0.00209644,0.00358081,-0.00199601,0.000858,-0.00163532,-0.00992991,0.00190976,-0.00469484,-0.01398424,-0.02230314,0.01294821,-0.00180587
2014-06,0.0178117,0.05743509,0.04376083,0.10683361,0.0356832,0.02745196,0.02644964,0.02572523,0.00145455,0.01718104,0.05112652,0.10215054,0.02852853,0.01284797,0.03228963,0.02866894,0.02453988,0.02986348,0.0431699,0.09748344,0.09170306,0.05161461,0.0132513,0.01497006,0.0276689
2014-05,0.02125182,0.0504758,0.03553976,0.13173422,0.04371257,0.02814019,0.04352442,0.02830189,0.0348221,0.02938263,0.04598738,0.08378871,0.03379416,0.04279279,0.04013125,0.02428869,0.03051002,0.04301075,0.04860661,0.05995905,0.05086372,0.0575599,0.02603143,0.04158004,0.03701946
2014-04,0.00949914,-0.00770166,0.0109075,0.00651042,0.00262544,0.00050518,0.00835946,-0.00753904,-0.00442152,-0.00032031,0.00087374,0.02969678,-0.020558,0.01560758,0.00494315,0.00407886,-0.01354303,0.01417183,0.00536616,0.0082232,0.02089269,0.01731133,0.06139016,-0.01718908,0.00046544
2014-03,-0.03633361,-0.06025934,-0.05295567,-0.11393714,-0.03747204,-0.02785853,-0.05098039,-0.022211,-0.01266739,-0.02676626,-0.05636743,-0.04526167,-0.03589022,-0.05636743,-0.03850697,-0.0295858,-0.03754693,-0.03946264,-0.04250152,-0.02459243,-0.02864816,-0.04893672,-0.05698272,-0.03491756,-0.03392857
2014-02,0.00979021,0.04849699,0.00122649,-0.00082313,0.0,0.00290416,0.01974334,-0.0050226,0.01476015,0.01896496,0.00251046,0.06008717,0.0,0.02893891,0.00094429,0.01928191,0.02426564,0.02133106,0.03275649,0.04160475,0.04423077,0.01971831,0.0148042,0.029615,0.00066785
2014-01,0.01031503,-0.01427439,0.00732303,0.03913672,0.0131395,0.02035811,0.02217742,-0.0030015,0.00701625,0.0103126,0.01719799,-0.00262123,0.01755618,0.01502146,0.01350391,-0.02379421,0.01537148,0.04385965,-0.02179837,-0.00517032,0.0019685,-0.00978916,0.02180095,0.021,0.00177187
2014-00,-0.00632216,0.0,-0.03247261,-0.0971594,-0.03268149,-0.01490385,0.00728408,-0.01415325,0.01086549,-0.01080051,-0.03770558,0.08458244,-0.03578663,0.03756906,-0.02783482,-0.02414861,-0.00551549,0.02327663,-0.00445236,0.04878049,0.0674974,-0.01938454,0.01905227,-0.00890208,-0.01985326
2013-51,-0.04056204,0.03333333,0.00953516,0.03522727,0.01280654,0.01206302,0.01816239,0.01136925,0.00074794,0.01226202,0.01059927,0.06478034,-0.01694915,0.01354402,0.01133472,0.0175769,0.01329901,0.01559633,0.02611367,0.06112224,0.05513514,0.02704044,-0.00048123,0.00297915,0.00745778
2013-50,0.01762866,0.025,-0.00160321,-0.03148792,-0.00924667,-0.00878906,0.00874317,-0.01082677,0.01552442,0.01144539,-0.00082102,-0.04551821,-0.01343183,-0.00341297,-0.00717095,-0.00377358,0.00217202,0.0140056,0.02273435,-0.03286082,-0.03412616,0.0086536,0.02516356,-0.00201005,-0.00527125
2013-49,-0.01274066,-0.02255947,-0.01895735,-0.07385407,-0.02482648,-0.02373456,-0.00543478,-0.01862745,-0.00075643,-0.01775339,-0.01316331,0.01808973,-0.0114094,-0.00907029,-0.02292849,-0.03997577,-0.02761257,-0.01387604,-0.01682472,-0.00805412,-0.00103093,-0.02723638,0.01676829,-0.01593625,-0.02668963
2013-48,-0.01888889,0.01376721,0.00159681,0.03420375,0.01162791,0.01072386,-0.0267666,0.00492611,0.00532927,-0.00193924,0.00822707,-0.04543841,0.01566757,-0.00886918,0.01220636,0.00803461,0.01253241,-0.01275046,0.0122549,-0.0074506,-0.01652893,0.01749871,0.02414698,0.00395257,0.00521512
2013-47,0.00812325,-0.01290843,0.01392204,0.06097672,0.02025385,0.01065633,0.0,-0.00434573,0.0080429,0.02198163,0.01215559,0.01069161,0.00745257,0.00662983,0.0167739,0.00061652,0.01759789,0.01926606,0.00182593,0.02358052,0.03350254,0.00641026,0.02857143,-0.00098328,0.01022628
2013-46,-0.00252242,-0.01736385,-0.01891892,-0.04266442,-0.01367342,-0.00699976,-0.00527426,-0.02010285,0.00346021,-0.00065381,-0.01741195,-0.0768996,-0.01128818,-0.02345416,-0.01190744,-0.00609756,-0.0293742,-0.01351351,-0.01920804,-0.04710357,-0.05765595,-0.01746071,-0.01412134,-0.01262136,-0.01093951
2013-45,0.01371429,-0.01357642,0.03305119,0.09653278,0.03175472,0.02271044,0.01068376,0.03680079,0.01437451,0.0251088,0.02155348,0.00359604,0.02522154,0.02178649,0.02866465,0.00728155,0.02299349,0.01356239,0.00207469,0.00811594,0.01503759,-0.00124813,0.07275711,0.00878906,0.02545938
2013-44,-0.00824098,-0.01845574,-0.03841721,-0.10854004,-0.03698846,-0.04154863,0.00208986,-0.05229061,0.00193424,-0.0167268,-0.01035857,-0.03317946,-0.03059896,-0.02032086,-0.03378076,-0.00902527,0.0,-0.01777778,-0.00880023,-0.04160888,-0.01733577,-0.00641342,-0.04244306,-0.02105263,-0.02518139
2013-43,-0.01117318,-0.03450808,-0.01520913,-0.03549572,-0.01225235,-0.01990993,0.00636943,-0.0282203,0.01210465,-0.01433692,-0.00277778,-0.11471126,-0.02791878,0.0,-0.01156069,-0.00909642,-0.02564103,-0.00719424,-0.01777389,-0.09020817,-0.08494533,0.01331626,-0.01239029,-0.01160542,-0.00382816
2013-42,0.00140371,0.01333827,-0.00339879,-0.0356031,-0.01140783,0.00567108,-0.01345756,-0.01179138,-0.00270898,-0.02292994,-0.01673803,0.08151261,0.00703775,-0.0375,-0.00906478,0.01656442,-0.0170593,-0.01413428,0.00087489,0.06151762,0.05506217,-0.00685453,-0.03438114,-0.01056676,-0.00590842
2013-41,0.02684758,0.02538462,0.00340136,0.01373959,0.00520427,0.00475624,0.03474484,0.00643382,0.01216163,0.01752109,0.02192108,0.05596556,0.00830671,0.04343105,0.00644588,0.01735896,0.01639344,0.0199456,0.02468393,0.05904486,0.04494382,0.0227154,0.05355304,0.02150538,0.00613887
2013-40,0.00908824,0.00115741,0.01969112,0.07884701,0.02577873,0.0120919,0.01769912,0.01442531,-0.00591017,-0.00422078,0.02323685,-0.09090909,0.02766798,0.02118172,0.02751032,0.0243746,0.01491919,0.0232342,0.01543686,-0.05393506,-0.05829596,0.01894965,-0.00972862,-0.00097752,0.02817824
2013-39,0.00906698,-0.01029748,0.02421875,0.09851001,0.0330033,0.02973513,0.02711864,0.02370792,0.01193317,0.0147929,0.01021242,-0.04984177,0.03087248,0.03287982,0.02923977,0.01549387,0.00739827,0.02462121,-0.00546448,-0.04226859,-0.03318777,0.01173581,0.03250774,0.01873767,0.02804362
2013-38,-0.004329,-0.00820896,-0.02790347,-0.06741765,-0.02362623,-0.02141119,0.0300578,-0.01808905,-0.00633413,-0.00457666,-0.00483481,0.02269728,-0.02137306,0.03686088,-0.02111237,-0.03277675,0.00371594,0.02521823,0.00060168,-0.00235726,0.00601892,-0.01605566,0.02557411,-0.01937984,-0.01967568
2013-37,0.01433587,0.00933881,0.01157854,0.02797698,0.01104526,0.00771336,0.01529412,0.03127962,0.00359425,-0.00262467,0.01690025,-0.0217887,0.00455729,0.00361882,0.01430879,0.00248447,0.0017043,0.02178218,0.00701433,0.01319193,0.03418803,0.00890688,0.03739316,0.0,0.01634998
2013-36,0.01260883,0.00338346,0.02362835,0.00791824,0.00300546,0.00707965,0.03136309,-0.00190476,0.02632679,-0.00066072,0.0,-0.09448104,0.00132802,0.00859951,0.00397661,-0.03090909,0.01402279,0.01208459,0.00777847,-0.07414272,-0.06494523,0.00326797,0.02756757,0.03252033,0.00872288
2013-35,0.01672344,0.010551,0.04239829,0.13679085,0.0448286,0.02384071,0.01105651,0.05438687,-0.01608911,0.03938655,0.02887139,-0.02474591,0.03385049,0.0292249,0.03829893,0.0348612,0.05218618,0.01871102,0.01879456,-0.01299293,-0.013772,0.02613441,0.04095563,0.01810437,0.0337503
2013-34,-0.02078875,-0.05327245,-0.01059771,-0.02087565,-0.00557185,-0.00682236,-0.0323741,-0.01567568,-0.03400554,-0.00744681,0.00223314,-0.08191685,-0.02214533,-0.02043423,-0.00573423,-0.03500955,0.003861,-0.03163265,-0.04503056,-0.06341674,-0.05327574,-0.03790665,-0.01929625,-0.0392562,0.03275212
2013-33,-0.00152672,0.01157407,0.0,0.00043768,0.00261704,-0.01438849,0.01330109,0.00159744,0.01189061,0.00391598,0.00575731,0.0590324,-0.02153432,0.01910828,0.00123671,0.03912467,-0.00331439,0.02615063,0.00544697,0.05076958,0.03257576,0.01367521,0.0097589,-0.00514933,-0.00536631
2013-32,-0.00454821,0.01266309,-0.01915403,-0.03125,-0.01100451,-0.00551655,0.01190476,-0.05821411,-0.00237248,0.00106648,0.00175439,0.0818463,-0.01622323,-0.0230303,-0.0096177,0.00323625,-0.01118881,-0.01722391,0.01219894,0.08735744,0.09017713,-0.00837054,-0.02192243,-0.022,-0.00502168
2013-31,-0.00572462,0.05780347,0.006,-0.01049094,-0.00255682,-0.0095,0.0,0.03340185,0.00357285,0.00355999,0.00044014,0.06006583,0.00783801,-0.01918465,-0.00120861,0.04071774,0.01207057,-0.01108871,0.0572189,0.05067751,0.04485488,0.05565423,0.00285225,0.028125,0.00114574
2013-30,0.01096224,-0.01539708,0.02022654,0.02722137,0.00969213,-0.01206333,0.0270936,0.00770416,0.01526718,0.01742919,0.00749229,-0.07867442,-0.00065104,0.03370787,0.00848074,-0.01956815,-0.00923788,0.01135191,0.00838082,-0.03763722,-0.05454545,0.004158,0.06888069,-0.1,0.00805153
2013-29,-0.00364964,0.00882471,0.0019976,0.01226688,0.00423968,0.0,0.06649283,0.00359343,-0.0019857,-0.00288496,0.01064774,0.00100477,0.0,-0.00858896,0.00529483,0.00673401,-0.00090334,0.00514403,0.01143241,0.01293217,-0.00252951,0.01898734,0.04375396,-0.01298701,0.00389283
2013-28,-0.00425403,0.00533662,-0.0056,-0.00887936,-0.00142491,0.00277218,0.01610738,0.02266737,0.02967848,-0.00979681,-0.0090009,0.04426042,0.01111838,0.01629073,-0.00217812,0.00952381,0.01330275,0.00417101,0.02115852,0.04198251,0.02502317,0.02051601,0.02202073,-0.01736746,0.00621977
2013-27,0.02474162,0.0520156,0.01867995,0.11679868,0.04137931,0.01078096,0.03072626,0.01459459,0.02473348,0.0346516,0.03378695,0.10735524,0.01556157,0.02752294,0.03738555,0.0181311,0.02773792,0.02957284,0.0534858,0.06314152,0.06003937,0.02939276,0.01070234,0.03326996,0.03459875
2013-26,-0.00533082,-0.04349627,-0.02677485,-0.10094098,-0.03309144,-0.02695072,-0.01256983,-0.05451713,0.00990099,-0.00554529,-0.00934143,-0.0812446,-0.02509908,-0.00529801,-0.02888889,-0.01596114,-0.0043021,-0.00329308,-0.02198991,-0.04501324,-0.06481481,-0.01562002,0.00745257,-0.00661001,-0.03277921
2013-25,0.0365774,0.01022147,0.07970057,0.19264041,0.06414627,0.02131628,0.04558824,0.06715165,0.01870378,0.03138318,0.04180846,0.04089106,0.06803685,0.05610098,0.05802405,0.01052632,0.01575579,0.05269321,-0.00109729,0.04832596,0.04183267,0.0288653,0.04971182,0.02105263,0.0378418
2013-24,-0.04960196,-0.08766114,-0.06105006,-0.1658739,-0.05697109,-0.04787894,-0.04508197,-0.08439248,-0.01867641,-0.01341282,-0.0585034,-0.14420518,-0.05478548,-0.0465718,-0.05461165,-0.04010349,-0.05903724,-0.04658722,-0.05535178,-0.13059409,-0.10434057,-0.04061538,-0.02754821,-0.03949731,-0.05556821
2013-23,-0.01704718,-0.0171158,0.00698152,-0.0647789,-0.02065648,-0.01983835,-0.00278164,-0.00698952,-0.01848211,-0.01342783,-0.00453515,-0.04740304,-0.00656599,-0.02088773,-0.02273815,-0.04401736,-0.01796138,-0.03404255,-0.00334001,-0.03748126,-0.03376206,-0.00246154,-0.01587302,-0.00975177,-0.0212909
2013-22,-0.0042879,-0.02037232,-0.02059406,-0.07917738,-0.02689487,-0.03306754,-0.0069541,-0.01701507,-0.00777001,0.00973418,-0.03679932,-0.06221937,0.00645161,-0.01950585,-0.02668507,-0.02444842,-0.01454385,-0.00958466,-0.02587322,-0.04736842,-0.0359375,-0.02062164,-0.00141243,-0.0043592,-0.02213061
2013-21,-0.02769506,-0.00566372,-0.03200926,-0.09226528,-0.03073223,-0.02847222,-0.00685871,-0.05481345,0.01598721,0.01010857,-0.02370872,0.09277344,-0.04857316,0.00393185,-0.03009731,-0.03244496,-0.00694746,-0.01462905,-0.0106383,0.07235279,0.04511278,-0.03404755,-0.00275103,-0.00432526,-0.02588585
2013-20,-0.01129608,-0.01427577,-0.02015976,-0.08362317,-0.02870564,-0.02693449,0.00281294,-0.01364256,0.00239139,-0.02615101,-0.03687014,-0.01143947,-0.01963117,-0.03152585,-0.02481719,-0.03030303,-0.03310696,-0.00947368,-0.01974303,-0.01255558,-0.00832639,-0.02522936,-0.03561828,-0.01538462,-0.02151211
2013-19,0.0041791,-0.04166667,0.00228833,0.01585951,0.00578795,0.00643235,0.01134752,0.00136612,0.00887455,0.01277715,-0.01069959,-0.12175874,0.00297265,0.03195739,0.00468959,-0.00628571,0.00170721,0.03452116,-0.01278852,-0.0868256,-0.08221344,-0.02222856,0.0137836,0.00171969,0.00737308
2013-18,0.01595905,0.00367279,0.01189563,0.00120364,-0.00026062,0.02135562,0.02205882,0.01717126,0.00860303,0.00649351,-0.00892857,-0.0048235,-0.00353774,0.02179837,-0.00044346,0.01078932,0.01898188,0.02797203,0.0124533,-0.01824292,-0.01372998,0.01834336,-0.015625,0.01114923,0.00608732
2013-17,0.01065125,0.04004178,0.02438065,0.05901142,0.01969133,-0.00230574,0.00739645,0.02061383,0.01496259,0.02567141,0.01186094,-0.03484173,0.01017355,0.01671309,0.01851852,0.0022805,0.00563991,0.01674641,0.01458003,-0.00047495,-0.00225394,0.01489486,0.01876303,-0.00343643,0.01320273
2013-16,0.0,0.04932408,-0.0059125,0.02773772,0.00950054,0.0039794,0.03286385,0.01336406,0.01056636,0.03015283,0.01812052,0.03032986,0.01344743,0.02481752,0.00827967,0.00984366,0.00350109,0.04177215,0.02814136,0.0434455,0.0468254,0.02490887,0.04558824,0.0096831,0.01169591
2013-15,0.0133758,0.00107875,0.02545455,0.06824026,0.01918265,0.02886248,-0.00621118,0.00277264,0.00639932,-0.00744725,0.01337937,-0.01886792,0.01108374,-0.01011561,0.02244271,0.00058038,0.0114689,0.00643501,-0.00098264,-0.01078235,-0.04507257,0.00456899,0.00973783,0.00442478,0.01865423
2013-14,0.02219404,0.00727273,0.00752773,0.00297493,0.00463215,0.00215931,0.04761905,0.01406534,0.00211149,0.03050564,0.01072961,-0.07968198,0.00423729,0.11235955,0.00672074,0.00445434,0.0059778,0.04409857,0.0265319,-0.04517199,-0.04941482,0.01025791,0.03523238,-0.0143339,0.01247265
2013-13,-0.00381922,-0.01694363,-0.00755467,-0.04393357,-0.0166443,-0.02507096,-0.02351097,-0.01183971,0.00982906,-0.01893004,-0.03264463,-0.06046207,0.00366748,-0.01913876,-0.01484357,-0.01966139,-0.05704971,-0.0230179,-0.02642213,-0.03526848,-0.04966278,-0.02968884,0.00074963,-0.01677852,-0.01333907
2013-12,0.0012747,0.00900322,0.02933985,0.05312604,0.0203197,0.01745994,0.00938967,0.01044031,-0.00085397,0.00327065,0.02789518,-0.00128185,0.01863354,0.01785714,0.01702715,0.00918422,-0.0059952,-0.00628141,0.01204075,0.00273117,0.00060533,0.00169157,-0.00439883,-0.00166806,0.0134112
2013-11,-0.0056444,-0.01948052,-0.01243482,-0.02121606,-0.00778942,0.00071531,0.01388889,-0.02084257,-0.00466102,0.00490998,-0.00417188,0.00301062,-0.00681959,0.03896104,-0.00775371,-0.03170478,-0.01900698,0.01256281,-0.03235294,0.0099551,0.01034693,-0.01629834,0.0043956,-0.01384365,-0.01452681
2013-10,0.00062755,0.0067464,-0.02262973,-0.07469181,-0.02536232,-0.01977664,0.00152905,-0.0177643,0.00255864,0.002442,-0.02349129,0.03428948,-0.01695942,-0.0110935,-0.02205072,0.00467532,-0.00531108,-0.00614251,-0.01066282,-0.00542951,0.00122324,-0.02165196,-0.0199005,-0.00722311,-0.02010779
2013-09,0.00062441,0.03320683,0.02259215,0.08749516,0.02859412,0.01988166,0.01895735,0.02623388,0.0099524,0.02289759,0.01188038,0.06900856,0.01661538,0.02588997,0.02474134,0.03626667,0.01454267,0.03286979,0.02481536,0.03527054,0.02959698,0.04278966,0.01363963,0.01061224,0.02328535
2013-08,0.00407524,-0.01193756,0.01279488,0.04308586,0.01436552,0.00999049,0.02431118,0.0135257,0.00172786,0.01395939,0.01815931,-0.05969908,0.03039899,0.0,0.01404622,0.00848356,0.02702703,0.01675258,-0.00289268,-0.03388878,-0.03015967,-0.00218281,0.01767305,0.01902399,0.01619433
2013-07,-0.01180491,-0.0457554,-0.01778121,-0.05284148,-0.01829425,-0.00981538,-0.01713396,-0.02696729,-0.00213675,-0.02470636,-0.0109356,-0.0251938,-0.0191358,-0.01569859,-0.01147903,-0.04680644,-0.01698754,-0.02442002,-0.05807672,-0.03003663,-0.04488636,-0.05579399,-0.0235378,-0.03377848,-0.01473641
2013-06,0.00500626,-0.01145571,-0.00271108,0.00997038,0.00362788,0.01184273,0.00789889,0.00535954,-0.00679694,0.00285365,0.00861362,-0.04540718,-0.01229256,0.0371567,0.00421006,0.02553831,-0.00680529,0.01893939,0.00297378,-0.05221224,-0.0424275,-0.006003,-0.00564573,-0.01091193,0.00542571
2013-05,0.00845865,0.0083612,0.00233372,-0.00545428,-0.00155159,0.00710227,0.02936378,-0.00573445,0.00642398,0.01573499,0.0120532,-0.01809375,-0.00788835,0.00492611,0.00288312,-0.01386139,-0.00746269,0.02875817,0.0021419,0.00724394,0.00105097,0.00857719,0.04951238,0.00548589,0.00083281
2013-04,0.02280646,0.01926298,0.01770956,0.0462983,0.01502202,-0.00920598,-0.00630915,0.02789024,0.02174859,-0.00646726,0.00697293,0.03347826,0.01517911,-0.00955414,0.01421275,0.01377953,0.00409074,0.0,0.03218767,0.03126619,0.02614379,0.0281869,-0.01149425,0.00703125,0.01714764
2013-03,0.01594388,-0.02290488,0.00784314,-0.03574341,-0.01219512,0.00976063,0.00316456,-0.0049217,0.00349956,-0.00605327,-0.00688259,-0.08602151,0.0018018,-0.00777605,-0.01089562,-0.02657807,-0.00880411,0.00127877,-0.00694259,-0.05855063,-0.06357215,-0.01625215,0.02083333,-0.00231125,-0.01189744
2013-02,0.0035313,-0.01515957,0.00789266,0.00407775,0.00279756,0.03308306,0.00315457,0.00180261,0.00702062,0.01232539,0.00815328,0.01139979,0.0078125,-0.00771605,0.00130747,0.01062289,0.00443787,-0.00385604,-0.01271186,-0.01124129,0.000999,0.00500751,-0.02048281,-0.00542215,0.00577677
2013-01,0.01566069,0.00238663,-0.01175549,-0.01381892,-0.00407021,0.00238379,0.05271829,0.00638104,0.01328021,0.0091858,-0.00409333,0.0121098,-0.00600601,0.02034429,-0.0030541,-0.03261883,0.00333952,0.02099738,-0.00813221,0.00986476,0.02285424,-0.02437241,0.0248494,0.03020668,-0.00534539
2013-00,0.02632467,0.04536544,0.01224812,0.04483526,0.01434059,0.02457606,0.02910959,0.01331497,0.01817356,0.03393471,0.01033485,0.01614873,0.00241546,0.0557377,0.01452145,0.04489995,0.02831994,0.05117566,0.02821064,-0.00623539,-0.0105687,0.03146237,0.03930818,0.02439024,0.0207113
