Month,Alternatives,BroadAsia,Commodity,ConsumerDiscretionaryEquity,ConsumerStaplesEquity,CrudeOil,Currency,DevelopedAsiaPacific,DevelopedEurope,DevelopedMarket1,DevelopedMarket2,DevelopedMarket3,EmergingAsiaPacific,EmergingMarkets,EnergyEquity,FinancialsEquity,Global,Gold,HealthcareEquity,IndustrialsEquity,InvestmentGradeCorporate,Junk,MaterialsEquity,MunicipalBond,PreferredStock,RealEstate,TargetMaturityDateCorporateBond,TechnologyEquity,TelecomEquity,TotalBondMarket,Treasuries,UtilitiesEquity,Volatility
2019-05,0.006543304999999999,-0.06008772799999999,-0.0362251145,-0.048223800000000004,-0.017737612,-0.082445494,0.012316279999999999,-0.022320478888888887,-0.038802558,-0.03056692529411764,-0.040837938750000004,-0.04996906,-0.046854877999999996,-0.0436347525,-0.0538492425,-0.020868998888888893,-0.06280543428571429,0.011464082,-0.013260515714285714,-0.023714026666666665,0.010312102,-0.00743789,-0.055764225,0.012228084,0.005518522,-0.010106626249999997,0.001422485,-0.055888247777777775,-0.039617052,0.012426418,0.029582449999999996,-0.005604468,-0.055386204999999994
2019-04,-0.0038034199999999996,0.012802646,0.0055371545,0.04023823,0.027905112,0.029372328000000003,0.004087106666666666,0.0008385044444444446,0.026989842999999996,0.01696268117647059,0.015951465,0.014321101999999999,0.0043750559999999996,-0.0017841975,0.010467026666666665,0.050494753333333336,0.008392434285714286,-0.004304996,-0.025577722857142854,0.027426154999999997,0.0074777360000000005,0.008606932000000001,0.007520726666666667,0.007531054000000001,0.0009059020000000001,-0.0063260025000000004,0.002374755,0.04315225444444445,0.030639168,0.003739824,-0.0002838336363636364,0.012340582,0.02857906
2019-03,0.0082649725,0.010866798,0.009523673,0.019934278,0.032765356,0.05043666,0.004322634999999999,0.011636284444444447,0.002437719,0.014826943529411763,0.00579395875,-0.009216826,0.017890118000000003,0.004860833749999999,-0.010772185833333335,-0.025553732222222222,0.0035760114285714284,0.0008136299999999999,-0.02219851714285714,-0.016017788333333335,0.020595124,0.008434974000000001,0.0035810183333333336,0.016174998,0.006682004,0.037525991249999995,0.0016628300000000001,0.024546054444444444,0.006299176000000001,0.019946356,0.03710138818181818,0.026467868,-0.01049596
2019-02,0.0006220049999999999,0.011142478,0.030941821,0.02730302,0.028405892,0.025116252,0.003971911666666667,0.028048678888888887,0.02655984,0.026128729411764706,0.029063982500000002,0.014892452,-0.0028075120000000003,-0.009380653749999999,0.03357713666666667,0.03095427666666667,-0.006508444285714285,-0.005974999999999999,0.02163482571428571,0.06534210833333334,0.003573146,0.011289372,0.012218108333333333,0.007033116000000001,0.012527242,0.00426013625,0.002142405,0.05899647888888889,0.016084462,0.002285782,-0.0018863718181818185,0.040782754,0.0689325
2019-01,0.0225680875,0.091252716,0.0743891495,0.085585942,0.053670792,0.14195006000000002,0.0001248833333333324,0.08278954444444445,0.073439602,0.07531875823529413,0.07549844125,0.082149638,0.07776864733333332,0.1016432525,0.10595143333333334,0.08832010666666666,0.10442547428571428,0.032110698,0.09046863571428573,0.11226002333333333,0.019189316,0.040319872,0.09363538500000002,0.004916628,0.050091752,0.11935876125000001,0.0038266100000000003,0.10280395,0.090141326,0.010027596000000001,0.0019606263636363637,0.059983962,0.121320975
2018-12,-0.007523262499999999,-0.057246554000000005,-0.0437974795,-0.098942522,-0.09056809600000001,-0.12322920600000001,0.030439898333333337,-0.049352837777777776,-0.069963672,-0.06376964117647059,-0.07381765250000001,-0.069180064,-0.039655923333333336,-0.046864232500000005,-0.09215010000000001,-0.09841570444444445,-0.05570610285714285,0.049553802,-0.11459135285714285,-0.09024957,0.009956372,-0.024646936,-0.07412127166666667,0.013067184,-0.012086537999999999,-0.06265143125,0.004570335,-0.091462,-0.085227334,0.015688734,0.030714688181818182,-0.049686746,-0.161904825
2018-11,-0.010536865,0.000680302,-0.062575619,-0.002257648,0.007982726,-0.200942628,-0.008111858333333333,0.006131623333333332,-0.026336318000000004,0.006119397058823531,0.009408081250000002,-0.002053089999999998,0.017097267333333332,0.007585238749999999,0.004904537500000001,0.022363400000000002,-0.015533908571428572,-0.012586723999999999,0.035215795714285715,0.005642238333333334,-0.001240764,-0.010919172,-0.023999713333333336,0.01255794,-0.022059268,0.03229271875,0.0014427749999999999,-0.01030356111111111,-0.0028053239999999997,0.003792888,0.011804972727272727,0.04399652,0.012893515
2018-10,-0.002808390000000001,-0.09275759599999998,-0.037817895000000004,-0.09144835199999998,0.0058188400000000005,-0.11956503199999999,0.021442334999999996,-0.07445224111111111,-0.07678916,-0.06033698529411765,-0.061752693750000004,-0.089082712,-0.07995723199999999,-0.05960376375,-0.07444310999999999,-0.05220250333333334,-0.06989075714285714,0.026586688000000004,-0.08638133999999999,-0.1010099,-0.006408762,-0.01693146,-0.08092968583333333,-0.006079800000000001,-0.012636286,-0.02028501375,0.0,-0.09565973555555557,-0.06846468,-0.004724212,-0.0071299881818181815,0.016722778,-0.18217939
2018-09,0.0079572675,0.010019406000000002,0.03918625900000001,0.0036362900000000004,0.0027967140000000005,0.062956464,-0.009520456666666666,0.0034595722222222217,0.009879296,0.007533604705882352,0.012621768750000002,0.020556314,0.008953334,0.0269310975,-0.0027641949999999992,-0.014124714444444445,0.010174039999999999,-0.0024884160000000002,0.017768594285714284,0.02433841,-0.0007985299999999999,0.006382494,0.026185793333333336,-0.006908049999999999,-0.010207938,-0.01389702375,0.00144509,0.0005194588888888887,0.031436194,-0.004013032,-0.012481659090909092,-0.005968188000000001,0.03790839
2018-08,0.0036845825000000002,-0.008052522,0.014476949500000003,0.05720232799999999,0.016056726,0.045164147999999994,0.00268768,-0.009122842222222224,-0.011558643,0.0028278341176470583,0.007821525,-0.015844617999999998,-0.018286653333333333,-0.027795450000000003,-0.0014778799999999998,0.013489431111111111,-0.02053458714285714,-0.01809231,0.060676817142857144,0.016808109999999998,0.00558916,0.0067604219999999994,-0.0124964875,0.004322096,0.016961635999999995,0.014654238750000001,0.00411213,0.07116027222222221,0.012843351999999999,0.006440619999999999,0.013518870909090907,0.023039874,0.01544454
2018-07,0.00752029,0.040033334000000004,-0.019110474,0.021005614,0.030892672,-0.009426956,0.002789076666666666,0.03165657555555555,0.043030978,0.031940855882352945,0.03439951375,0.023968286,0.052137509333333325,0.05085688125,0.034745501666666664,0.045779017777777785,0.04092648714285714,-0.01546691,0.04232674142857142,0.059201093333333336,0.00494264,0.013982524000000001,0.024725618333333334,0.002464436,-0.0037830539999999997,0.019250172500000003,0.003881615,0.004489946666666666,0.016560016,0.0008958280000000001,-0.00665647909090909,0.012925888000000002,0.07112357
2018-06,0.0074612624999999995,-0.039943092,-0.012453171999999998,0.023931474,0.039075248,0.075259778,0.0025073849999999996,-0.01091093111111111,-0.016934331,-0.005474915882352941,-0.011142471250000001,-0.026236126,-0.05742905666666666,-0.052263755,-0.025808869166666665,-0.01898377777777778,-0.04607116857142857,-0.03869914,0.008260355714285714,-0.024783724999999996,4.865399999999997e-05,-0.0016813059999999998,-0.022946416666666664,0.001998692,0.012198334000000002,0.020555272500000003,0.000485435,-0.015791583333333335,0.002174662,0.0017626379999999997,0.006633676363636365,0.039065506,-0.029576795000000003
2018-05,0.0053026424999999995,-0.009389581999999999,0.01583494,0.010474576000000001,-0.0007891579999999995,0.014107944,0.011171446666666663,0.0029016933333333326,-0.011280374,0.0029176958823529417,0.0044725375,0.003988825999999999,-0.020208424666666672,-0.019231401250000002,0.03350422916666667,0.0007861300000000004,-0.004867169999999996,-0.005403258,0.03637397857142858,0.031005151666666664,0.006294381999999999,0.001129752,0.01672587,0.012660018,0.009078,0.0179565025,0.00462749,0.049581603333333335,-0.00114075,0.006977324,0.01435740818181818,-0.0003700520000000006,0.04698964
2018-04,0.010353032500000001,0.0071080460000000015,0.037377802499999994,0.054497894000000005,-0.0010474819999999998,0.08979250400000001,-0.004108868333333332,0.026757114444444445,0.035267501,0.021543426470588233,0.02846392,0.04139672800000001,-0.001968982666666667,-0.01155036375,0.046267991666666654,0.02298956,-0.012186315714285714,-0.024792682,0.04254922428571428,0.004406480000000001,-0.005538316,0.007818742,0.03320985166666667,-0.005277366,-0.004870890000000001,0.02090028125,0.00268555,0.036970904444444445,-0.0006241320000000001,-0.00793094,-0.01428542454545455,0.034287059999999994,0.101652135
2018-03,0.0079746475,0.014115952000000001,0.010390675499999998,-0.014709248000000003,0.005991107999999999,0.064744078,0.004153168333333334,-0.0046266522222222235,0.008362383,0.00850195411764706,0.00751861625,-0.0010471459999999999,0.0012272646666666674,0.00018023499999999994,0.0061644725000000004,0.013689157777777777,-0.01706576285714286,0.009630066,0.013708357142857144,0.015142641666666666,0.0003242980000000002,0.002398186,-0.005582524166666668,0.00297013,0.007009451999999999,0.04356022625,4.799999999999683e-07,-0.007283583333333333,-0.007958363999999999,0.003752634,0.010388639090909091,0.040911818,-0.02320916
2018-02,-0.0200063875,-0.04895239,-0.0332295945,-0.029065688,-0.055464194,-0.048372258,0.037759425000000006,-0.04421973666666666,-0.051017419999999994,-0.04633956294117646,-0.04307705374999999,-0.044203022,-0.037608714,-0.03476211875,-0.04663740166666666,-0.03934678888888889,-0.02797252714285714,-0.028740520000000002,-0.038727689999999995,-0.029036893333333338,-0.006915874,-0.004464568,-0.049545425833333344,-0.0036123739999999994,0.014138962000000001,-0.045476169999999996,-0.002674155,0.004710014444444444,-0.033140326000000005,-0.0064472439999999995,-0.007194056363636364,-0.025988775999999998,-0.5646933249999999
2018-01,0.0031982899999999995,0.052327044,0.021950271,0.076999378,0.023260239999999998,0.065820106,0.0038579483333333344,0.02914463888888889,0.05085569200000001,0.026887081176470592,0.03226757125,0.039713715999999996,0.060672286,0.0719878025,0.023593019166666663,0.03735878333333334,0.06541867999999999,0.023374667999999998,0.06747302714285715,0.04219441666666667,-0.005646248000000001,0.005956641999999999,0.022852470833333333,-0.012466404,-0.011097776,-0.027194532500000004,-0.001695505,0.06954618777777778,0.033685988,-0.008623782,-0.01626828,-0.025641366,-0.06943494
2017-12,0.010226844999999998,0.028432390000000002,0.03674577200000001,0.026916958,0.02203401,0.036243517999999995,-0.015768601666666666,0.027574324444444447,0.015476793999999999,0.008103291764705882,0.010743237499999999,0.018679255999999998,0.04510715933333333,0.04390923625,0.023921106666666667,0.0033897933333333335,0.03314024857142857,0.020185882,-0.004152402857142857,0.013379466666666666,0.000982678,0.00294361,0.039802551666666665,0.007577100000000001,-0.005344874,0.00640558375,0.001460105,0.00485066,0.006458279999999999,0.00114259,0.0001196781818181818,-0.054338904,0.146904155
2017-11,-0.0007781349999999997,-0.002752878,0.004134002,0.05646189,0.049291084,0.054666052,-8.700499999999879e-05,0.007867173333333335,-0.007686147999999999,0.01513695352941176,0.01463284375,0.00037981000000000023,-0.0015764926666666664,-0.00597219625,-0.0044056166666666665,0.02575844,-0.004134954285714286,-0.00012956799999999996,0.04558853,0.03462265,-0.002623308,4.9100000000000096e-05,0.004482772500000001,-0.004925392,0.00579803,0.01537478125,-0.002180495,0.013857974444444445,0.025979702,-0.001746948,-0.0011880936363636364,0.033965140000000005,0.022653234999999994
2017-10,0.0066264325,0.029341338,0.042038943,0.012249580000000001,-0.007751214000000001,0.06523958599999999,0.015662791666666665,0.003456956666666667,0.007422607,0.016722583529411767,0.01595218625,0.020647004000000004,0.026516000666666664,0.011807362500000002,0.026098888333333334,0.012236075555555555,0.01902649142857143,-0.00021234999999999988,-0.006879757142857143,0.009098585,0.0014539079999999998,0.003619653999999999,0.024976562500000004,0.002052676,0.0005624119999999999,-0.00746844125,0.00023979,0.05897317999999999,-0.012945032,0.00019045199999999997,-0.00026979909090909095,0.032709369999999995,0.09665553
2017-09,-0.004339332499999999,0.0012459360000000002,-0.0020420625000000026,0.011828832000000001,-0.006193492,0.063339372,-0.006337320000000001,0.004512956666666666,0.033834158,0.008758227647058824,0.0179585625,0.028587125999999997,-0.007079297333333333,-0.010252573749999999,0.024702744999999998,0.036619693333333335,-0.005799914285714286,-0.043134504000000004,0.014465938571428572,0.04650929166666667,-0.0018859859999999999,0.005925458,0.023530604166666663,-0.0043125460000000004,-0.000667176,-0.0032610812499999997,0.00072675,0.012789537777777778,0.007103841999999999,-0.003308898,-0.010292111818181819,-0.026233288,0.10248106500000001
2017-08,-0.0002685525,0.010870506,0.0405749845,-0.023578966,-0.004325730000000001,-0.011355925999999999,0.00891313,-0.004151921111111112,0.0012462520000000002,0.005519274705882354,0.00239182625,-0.008202334,0.019870372,0.027165920000000003,-0.0038544466666666673,-0.03472762,0.040572234285714284,0.05205356999999999,0.02038516142857143,0.012689279999999999,0.003763018,2.2373999999999983e-05,0.005326190833333334,0.007653266000000001,-0.0008251760000000001,0.007233301250000001,0.00145174,0.020213906666666663,0.0022921759999999986,0.006588516,0.01456755,0.022749664,-0.09526667999999999
2017-07,0.0080036525,0.040827506,0.0435930425,0.019645412,0.009289384000000001,0.059700894000000004,-0.007135858333333332,0.03735152111111111,0.041486227,0.02867075,0.021475623750000002,0.02601869,0.04649279466666667,0.0524675,0.033977935833333334,0.009159855555555556,0.05209486285714286,0.048295792,-0.005714732857142857,0.024922963333333336,0.005945952,0.0084429,0.03685088833333334,0.00927103,0.003761698,0.00431390125,0.004870595,0.049559326666666674,0.023711024000000004,0.00645742,0.0031482654545454546,0.031170626,0.114672475
2017-06,-0.004054167500000001,0.005219376,-0.009190014,-0.024221425999999997,-0.029498732,-0.038302834,-0.021759746666666666,0.014343680000000001,-0.015810848,-0.009845154705882353,-0.005885079999999999,0.0009244860000000001,0.0038930633333333336,-0.00014832749999999984,0.0016976416666666663,0.029050604444444447,-0.001405705714285714,-0.027071484,0.03741296571428571,-0.006217030000000001,0.0013393160000000001,-0.001323368,0.003270105833333333,-0.002558908,0.0070367879999999996,0.010176510000000001,0.001220235,-0.021070274444444443,-0.022745914,-0.000276698,0.00021611272727272736,-0.031654712,0.043575625
2017-05,0.00981775,0.026684058,-0.010313741000000001,0.011290370000000001,0.030028640000000002,-0.024058784,0.002346983333333333,0.007718476666666665,0.043999237,0.029532934705882356,0.02363369375,0.01148817,0.013950480666666664,0.011698998750000002,0.0018623025000000005,-0.015911016666666666,0.006883684285714285,0.009287896,0.0021336485714285717,0.020563155,0.007797872,0.009692976,-0.0035383891666666664,0.017466943999999998,0.007588658,0.0020339087500000005,0.003913939999999999,0.036736986666666666,-0.00047714800000000086,0.007850654,0.013428155454545454,0.041317956,0.00388624
2017-04,0.0027039075,0.014192779999999999,-0.0125354925,0.030633442,0.014437904000000001,-0.02523513,-0.004144580000000001,0.008320577777777779,0.037325917,0.013555906470588235,0.01794480875,0.01461322,0.006088925333333333,0.0026155175,0.012236635000000001,0.006812785555555556,0.003623277142857144,0.013703374,0.026500412857142858,0.03388782333333333,0.004796284,0.010763183999999999,0.005772674166666665,0.005583924,0.006665948,0.016024040000000003,0.00220697,0.02795687666666667,0.0018740259999999996,0.004623832,0.0058018563636363625,0.008391008,0.046988305
2017-03,0.0064386224999999995,0.025968154000000004,-0.025800632,0.006120398000000001,0.00020294800000000038,-0.054117182,0.011307911666666665,0.015916856666666666,0.021784854,0.012702304705882355,0.004562055,0.004842348,0.019324527999999997,0.0030033412499999995,0.011787209166666666,-0.03627420333333334,0.014387704285714287,-0.0036000520000000003,-0.006897045714285713,-0.017262388333333333,0.002266036,-0.007339724000000001,-0.009420522500000002,0.006007018,0.011437422000000001,0.0006393124999999993,0.00245942,0.00962273111111111,0.0023200440000000016,0.0036884100000000005,0.007201435454545455,0.006885582000000001,0.116385675
2017-02,0.006990685,0.015748480000000002,0.0053794105,0.022647984,0.048168551999999996,-0.014384812,0.0048944850000000005,0.016616964444444444,0.0020576380000000014,0.02135290235294117,0.01955054375,-0.002486242,0.018922901333333336,0.022359832500000003,0.012403395833333336,0.04367574222222223,0.020478031428571433,0.040304216000000004,0.052760877142857154,0.042776756666666665,0.007447221999999999,0.009749772,-0.008495154166666666,0.007897060000000001,0.019298221999999997,0.0469737675,0.004442255,0.04033609333333334,-0.009211233999999999,0.007437274000000001,0.011237823636363636,0.06392675,0.021968790000000002
2017-01,0.00233442,0.04527809000000001,0.03587068,0.025121267999999995,0.014759396,-0.01911743,0.008972126666666665,0.045227838888888885,0.026170657000000003,0.023477411764705886,0.01590199375,0.028059944000000003,0.05358864933333333,0.052896473750000006,0.016034738333333336,-0.0030779400000000004,0.05997819,0.054130279999999996,0.024335854285714283,0.012211053333333333,0.002696108,0.0088071,0.04432158083333334,0.005817098,0.020846166,0.002194475,0.00421137,0.03892876555555556,0.0017058779999999992,0.0034289859999999998,0.0032160136363636365,0.0158506,0.15499137
2016-12,0.0141602675,0.0017090139999999996,-0.0061204215,0.002456022,0.039632912,0.03534452800000001,-0.0021009349999999995,-0.0021767588888888887,0.046599733,0.02929625705882353,0.027455664999999997,0.022721748,0.007544441999999998,0.015816504999999998,0.019167651666666667,0.03087370222222222,0.005309728571428572,-0.021311775999999998,0.01764105714285714,-0.01028469,0.003846226,0.021872256,0.012887412500000002,0.015830364,0.01154563,0.037032896249999996,0.005230835,0.02725200666666667,0.06362701,0.006458839999999999,0.0027454581818181817,0.055877688,0.06590553
2016-11,-0.01809669,-0.02012012,0.024465553999999994,0.052464024,-0.03874314399999999,0.04582607600000001,-0.02520551,-0.011689374444444445,-0.018252256,-0.004453854117647057,0.01404808125,0.006717032,-0.03518462866666667,-0.0306462475,0.011683746666666666,0.10825317222222222,-0.029384355714285715,-0.10706465400000001,0.04234239714285715,0.084428355,-0.018061224,0.006589782,0.0377607225,-0.04236674,-0.03710150999999999,-0.003660234999999999,-0.01177725,0.01822191888888889,0.032284776,-0.023025023999999998,-0.046221180909090914,-0.024872068000000004,0.130272555
2016-10,-0.004859470000000001,-0.02444292,-0.024627562,-0.023587348,-0.01193496,-0.047637346,-0.010782894999999999,-0.03441061,-0.019552985000000002,-0.02193877882352941,-0.02301772375,-0.014368828,-0.012651933333333336,0.0038136525000000004,-0.014925505,0.008441226666666668,0.008174507142857144,-0.033207905999999995,-0.06826383857142856,-0.017365494999999998,-0.0032043299999999996,-0.0045067399999999995,-0.005024896666666666,-0.00972468,-0.010104150000000003,-0.02781778625,-0.001218045,-0.008053369999999999,-0.026865056,-0.0058137499999999995,-0.018659353636363635,0.017044339999999998,-0.007708350000000001
2016-09,0.0003420875000000002,0.019315012,0.042576046500000006,-0.00622228,-0.015479360000000001,0.079089564,0.0024348399999999993,0.01384823111111111,0.016951056,0.010115986470588234,0.01262798125,0.012736098000000001,0.010033698666666667,0.017881298749999996,0.028561135833333334,0.10703197888888888,0.031670022857142856,0.00277217,0.006826365714285715,0.005755508333333333,0.000435666,0.007842254,0.0060898225000000005,-0.0054160779999999995,-0.008596733999999998,-0.0011182624999999998,0.000489,0.017353361111111115,0.02113517,0.001310064,-0.004181079090909091,0.011476306,0.01138134
2016-08,-0.0045192875,0.006430343999999999,0.0120639145,-0.011126226,-0.010027098,0.07884602999999998,-0.004035504999999999,-0.005845456666666667,0.017700759,0.0005349464705882336,0.00129866375,0.019603488,0.011271488666666664,0.0163480975,0.0027773616666666666,0.03910443777777777,0.029273482857142853,-0.042553928,-0.02121624,0.007277825000000001,0.0019083099999999999,0.020447516,0.008920931666666668,0.003617488,0.003544022,-0.01513575125,-0.0004906800000000001,0.020294504444444444,-0.002450794000000002,-0.000555184,-0.003862068181818182,-0.058420922,0.04539262
2016-07,-0.0110703575,0.04166312,-0.04363336450000001,0.037944562,0.0006785420000000002,-0.15222249599999998,-0.004704096666666667,0.05792128,0.024044164,0.029021983529411762,0.02938972875,0.022377842,0.045768048666666665,0.04747309625,0.0280954625,0.03322793222222222,0.06826308428571429,0.005333968,0.04181559428571429,0.031953216666666666,0.005503978,0.013380392000000001,0.03551409666666666,-0.0019105240000000002,0.014856604,0.036115978750000007,0.00319666,0.06872112666666669,0.035618176,0.0033104999999999996,0.0015539836363636364,-0.00796135,0.194850375
2016-06,0.0267690275,0.027086146,0.048399016999999996,-0.011257861999999999,0.040456324,-0.009090860000000001,0.03453263333333334,0.014975261111111113,-0.031838688,0.014233894705882355,0.0058097324999999995,-0.014160078000000001,0.046086216666666666,0.059300535,0.01797040583333333,-0.020311443333333335,0.07375740428571428,0.10921577600000001,0.013155329999999998,0.005954703333333333,0.016785584,0.014463801999999998,0.014780846666666665,0.017800490000000002,0.014508768,0.03842811874999999,0.012207275,-0.017953682222222222,0.033194511999999995,0.018381048,0.03628866636363636,0.072396206,-0.138201105
2016-05,-0.0014074525,-0.019895586,-0.009346565499999999,-0.011404792,-0.00270262,0.023547174000000004,0.0006401349999999977,-0.018585627777777777,-0.008961628,-0.005821431764705884,-0.01092324125,0.771687754,-0.02514748933333333,-0.04854222125,-0.0168243475,0.017909341111111112,-0.02955121142857143,-0.070358766,0.01053158142857143,0.004459286666666667,0.00042257400000000005,0.00814904,0.29047620749999997,0.003426672,0.010549868,0.01149559375,-0.00099515,0.04542316111111112,-0.009232689999999998,0.000896916,0.006612837272727271,0.009976556000000001,0.08935282
2016-04,0.0009686550000000006,0.011793592,0.10955262699999999,-0.009004554000000001,-0.019938184,0.151760752,0.02623215,0.02898491333333333,0.040526319,0.025285762941176473,0.03286560375,0.043513926,0.0071752100000000004,0.0284990825,0.040429433333333334,0.008637234444444445,0.03396125857142857,0.068691182,0.026442598571428576,0.04182526,0.007006040000000001,0.033411868,0.07863007416666667,0.009599382,0.015872074000000003,-0.004176917499999999,0.0067655350000000005,-0.02988188888888889,0.01331667,0.005014922,-0.0034498490909090906,-0.022185485999999997,-0.04038568499999999
2016-03,0.013613442499999998,0.073073284,0.03602626650000001,0.038357556,0.032346204,0.033515896,-0.021584886666666664,0.08145136444444445,0.041082955,0.05355420588235295,0.06048490625,0.077227446,0.07915749533333333,0.10068186375,0.07313405333333334,0.04848784777777778,0.09425562,-0.001123116,0.03129553857142857,0.04803499666666666,0.019523876000000003,0.017256324,0.06286651166666667,0.004798412,0.018978706,0.07340144875,0.01914615,0.052957489999999996,0.053309314,0.013704348,0.010178720909090909,0.082466642,0.185959975
2016-02,0.009314995,-0.0035932320000000005,0.0412862195,-0.00358891,-0.0022497539999999996,0.024948619999999998,0.038129938333333335,-0.014017633333333335,-0.014490564000000001,-0.0003561329411764704,0.006670907499999999,0.011588767999999998,0.00514635,0.0147333375,0.017627942500000004,-0.008395491111111111,0.017102992857142858,0.118665982,-0.010280637142857143,0.020159556666666665,0.007944218,0.011032841999999998,0.048785369999999995,0.002406026,0.0011399819999999999,0.0014652399999999998,0.005393395,-0.005627847777777777,0.036740236,0.00695175,0.01798453818181818,0.011909357999999998,-0.065963145
2016-01,0.0172456675,-0.032271422,-0.0212246245,-0.037362474,0.012037632,-0.047886076,-0.0035607683333333325,-0.04815880111111112,-0.038688874,-0.021298036470588234,-0.03329617,-0.04053830800000001,-0.017418274,-0.0254757875,-0.05581147916666666,-0.05454864555555555,-0.03360931714285714,0.046972560000000003,-0.06759272000000001,-0.04536302666666667,0.0021809879999999996,-0.015598500000000001,-0.05390556416666666,0.010707634,-0.007667146,-0.03813994625,0.00513623,-0.053430769999999995,-0.016305486,0.010923274,0.02910745181818182,0.053182116,-0.125410365
2015-12,0.001065909999999999,-0.036856945999999995,-0.042427066,-0.025023488,0.010741354,-0.132008104,-0.00343004,-0.007578171111111111,-0.035476421999999994,-0.029065617647058825,-0.02917248875,-0.077605012,-0.03829283133333334,-0.05006993375,-0.01944610416666667,-0.03940538222222222,-0.05254632,-0.010671568000000001,-0.0060763342857142865,-0.027956843333333332,-0.009254428,-0.03221445,-0.06411859583333333,0.008186717999999999,0.0031044139999999994,-0.0064937612500000005,-0.010159370000000001,-0.034331406666666675,-0.042512232000000004,-0.00616404,-0.00804602181818182,0.013350857999999998,-0.110859625
2015-11,-0.00694528,-0.030274354000000003,-0.08487891750000001,-0.007880027999999999,-0.009192746,-0.09532410999999999,-0.0034920316666666646,-0.008570524444444446,-0.019995408,-0.020796694117647053,-0.022922230000000002,-0.07774342999999999,-0.04334330933333333,-0.04362748625,-0.0372225525,0.010944273333333332,-0.03515079,-0.073073928,0.000705067142857143,-0.0016532050000000005,0.0008572280000000001,-0.026139661999999998,-0.05069924916666666,0.0051264859999999995,0.0022505800000000007,-0.01774864,0.00204136,0.006802777777777777,-0.017005386000000004,-0.0019359660000000001,-0.0023697763636363637,-0.019100048,-0.066967315
2015-10,-0.0021175424999999998,0.062238766,0.011605158,0.068897844,0.05637017,0.016885849999999997,0.0009787233333333329,0.07050334888888889,0.06003166699999999,0.06460100588235294,0.07267860500000001,0.096923998,0.05674552466666665,0.06803766,0.07885186083333333,0.05842122222222221,0.06451793714285715,0.028525408000000002,0.047881254285714284,0.09314589500000002,0.00329826,0.02463849,0.0834766125,0.004810878,0.024835126000000003,0.0355356375,0.00050891,0.09364422444444444,0.08715105399999998,0.001560022,-0.0064738700000000005,0.032394306,0.205658655
2015-09,0.001445745,0.005710954,-0.011459317999999998,0.010531221999999998,0.021247495999999998,-0.017582014,-0.00187304,0.0013619577777777777,-0.014658928000000002,0.000937954117647059,-0.00951800125,-0.072937494,0.0037942673333333328,-0.01713312625,-0.029451050833333336,0.00758891111111111,-0.023604484285714288,-0.026239521999999998,-0.04124420714285714,-0.013014938333333335,0.004686854,-0.025973620000000003,-0.06537807166666668,0.006762856,0.0015460080000000002,0.023130256249999998,0.0066573199999999996,0.01397721777777778,-0.014862106,0.0030607639999999997,0.010408167272727274,0.054113114000000004,0.09864212
2015-08,-0.001578930000000001,-0.081315916,0.021594204,-0.061773668000000004,-0.05333635799999999,0.063012572,-0.001271704999999999,-0.08318665666666666,-0.067131191,-0.057176754117647055,-0.0625720325,-0.035826006,-0.080897518,-0.08408399999999999,-0.06104053,-0.05634132555555555,-0.06758043285714285,0.054177654000000006,-0.059662064285714286,-0.04393439333333333,-0.006708488,-0.013895488000000001,-0.04155998166666667,-0.0027733899999999997,-0.004761824,-0.04459269,-0.0025543149999999997,-0.05498025333333333,-0.029047466,-0.004101662,-0.007458567272727274,-0.036037016,-0.35211089
2015-07,-0.0069183625000000006,-0.038918032000000005,-0.110816764,0.033562832,0.044187951999999996,-0.16876414,0.004960840000000001,-0.008174924444444445,0.01650549,-0.0052879252941176475,-0.014287125,-0.09104513,-0.05253758733333334,-0.07620645875000001,-0.046221396666666664,0.016741440000000003,-0.06704657142857143,-0.07581784999999999,0.023829448571428574,-0.023743451666666665,0.007873953999999999,-0.010875292000000002,-0.07429527416666667,0.012059803999999999,0.01249122,0.02683149375,0.006421115,0.019854406666666668,-0.014806264,0.009741604000000001,0.02805962181818182,0.050688272,0.06976198
2015-06,-0.0140085375,-0.029783794000000002,-0.023596712500000002,-0.004684828,-0.010676424,-0.006919963999999999,-0.002067293333333334,-0.04196064888888889,-0.025222316,-0.03340735529411765,-0.03134436125,-0.04084825400000001,-0.021800742666666664,-0.0224896225,-0.045522511666666675,0.0034168677777777785,-0.03781359571428571,-0.018153448,0.006534124285714286,-0.022477386666666665,-0.004481744,-0.014648392,-0.0430732325,-0.0021748040000000002,-0.01169446,-0.05320158625,-0.004339255,-0.029322216666666664,-0.018761124,-0.00689839,-0.012910115454545455,-0.061068260000000006,-0.064203465
2015-05,-0.0015269024999999999,-0.028353966,-0.02773064,-0.001309554,0.00457144,-0.028380301999999996,-0.0035011633333333326,-0.019427233333333335,-0.011227996999999998,-0.008085245882352942,-0.0057631425,-0.033410855999999996,-0.033192882,-0.05271460875,-0.013690882500000003,0.0046221299999999995,-0.03173312714285714,0.011076751999999999,0.03715295285714286,0.007210785,-0.001614566,-2.6198000000000192e-05,-0.02191757,-0.002915498,0.002281082,-0.01108420875,0.001789765,0.007496593333333333,-0.012209710000000002,-0.000783288,-0.0015710872727272727,-0.0034182920000000007,0.05954671
2015-04,-0.003147385000000001,0.05006928200000001,0.05221566600000001,-0.0016569719999999996,-0.013472080000000003,0.101407256,-0.02183101833333333,0.030137098888888894,0.040677236000000006,0.03090236823529411,0.03885117875000001,0.08432773600000001,0.03664236066666667,0.08306377375,0.04704985833333333,-0.0031490755555555563,0.04658790285714286,-0.022303291999999995,-0.018198424285714283,-0.003543263333333333,-0.0052411,0.009603376,0.044455730833333325,-0.007404197999999999,0.0011202020000000003,-0.024276425,-0.0007646549999999999,0.02791065222222222,0.040510939999999995,-0.0063750199999999995,-0.018761547272727275,-0.007026056,0.10040162
2015-03,-0.0064917225,-0.012227189999999999,-0.03838547800000001,-0.009487626,-0.014547310000000003,-0.073058118,0.020219936666666667,-0.019834306666666666,-0.020744245,-0.02371556176470588,-0.02057894,-0.045668598000000005,-0.01896519866666667,-0.030234821249999995,-0.015494279166666666,-0.000997026666666667,-0.02530792142857143,-0.022032141999999998,0.01379547,-0.014251553333333333,0.00606637,-0.009844361999999999,-0.0575854475,0.007170638,0.003704512,0.003300627500000001,0.00797119,-0.02729252,-0.029513696,0.009134008,0.01784942,0.009251344,-0.0016391600000000006
2015-02,-0.0005232549999999985,0.0286922,0.034209295,0.067208162,0.034626302,0.013668366000000001,-0.005851338333333333,0.04356686222222222,0.041062970000000004,0.026267597058823526,0.0321521825,0.08505007,0.019358198666666666,0.028449898749999997,0.038725188333333334,0.04308749888888889,0.041357405714285714,-0.061497258,0.05514898285714286,0.046828698333333335,-0.006073744000000001,0.022131986000000003,0.06675062416666667,-0.01329828,0.004266758000000001,-0.005233646249999999,-0.003828125,0.07826666,0.088648918,-0.008819685999999998,-0.02802796181818182,-0.061074800000000005,0.16588893
2015-01,0.020794287499999998,0.012841617999999999,-0.029577835000000004,-0.010413856000000003,0.004753296,-0.09851341,0.046155673333333334,0.0065236500000000015,0.014776062999999997,-0.001554872941176471,-0.0130988875,-0.041595726000000006,0.013841106666666665,0.0029328,-0.03333172333333333,-0.048697737777777785,-0.015585159999999997,0.099458342,0.01423979,-0.025565738333333327,0.018175534,0.0010669479999999999,-0.030298625,0.019020825999999998,0.013187998000000003,0.03017669875,0.02058265,-0.03008511,-0.009437267999999999,0.020044913999999997,0.042983036363636366,0.016425586,-0.157173075
2014-12,-0.0011593825000000002,-0.015709606,-0.09502563500000001,0.020029529999999997,-0.0018432460000000004,-0.207700874,0.00893854,-0.010511255555555555,-0.044484933000000004,-0.01491508588235294,-0.01715793875,-0.026910534000000003,-0.035064844,-0.0437276375,-0.012852699166666667,0.018667148888888888,-0.035914009999999996,-0.031728346000000004,0.011855125714285713,0.015144551666666665,-0.000814082,-0.016722622,-0.021060864999999998,0.007870838,0.00432577,0.00011404125000000052,-0.0059357049999999995,0.00640089777777778,-0.04921346,0.0005478459999999999,0.012373082727272727,0.028700704000000004,-0.100789955
2014-11,0.008177992500000002,0.002645346,-0.06203125,0.061370246,0.042549446,-0.13591459200000003,-0.019327628333333333,-0.014036213333333334,0.018283945000000003,0.016243181176470587,0.0048442287499999995,-0.007741126000000001,-0.004573573333333334,-0.008284861250000001,-0.025067564166666667,0.016458341111111115,-0.011217125714285712,-0.001305866,0.032249254285714284,0.018821148333333333,0.0034719320000000005,-0.016913952,0.006484558333333332,0.00240107,0.012324775999999999,0.01061840125,0.006005445,0.041887155555555555,-0.007592425999999997,0.007698711999999999,0.014874596363636363,0.0019330159999999999,0.08205506
2014-10,0.0020866775,0.029962337999999998,-0.03481034849999999,0.038099758,0.043207322000000006,-0.08673191999999999,-0.016509458333333334,0.036144352222222224,-0.019020825,0.023491035294117644,0.01814783125,-0.013811622,0.029403974000000003,0.02430262875,-0.0036227283333333323,0.050931463333333336,0.01982503571428571,-0.043519812,0.08088995571428573,0.059809608333333326,0.0010978020000000002,-0.002776394,-0.0013257841666666666,0.0018306639999999999,0.016201562,0.07112613,0.00155794,0.04415066444444444,0.028377227999999997,0.003699252,0.006700027272727272,0.072327434,-0.01855066
2014-09,-0.015351497499999998,-0.058471276,-0.0567418155,-0.025223202,-0.004327691999999999,-0.030079299999999996,0.00772743,-0.07821089666666665,-0.040986254,-0.03663254411764707,-0.0473488,-0.073880716,-0.056998651333333324,-0.0866440075,-0.0682412425,-0.024922463333333332,-0.07789392142857142,-0.054302936,-0.01585913142857143,-0.03549678,-0.004201918,-0.023501225999999997,-0.06521588916666668,0.0024256600000000005,-0.005850284,-0.06109140875,-0.005213615,-0.021920816666666666,-0.031845057999999996,-0.0034674619999999997,-0.0037418763636363635,-0.017086834000000002,-0.086392245
2014-08,-0.0029088499999999993,0.01750387,-0.0024390015,0.04440606,0.044945083999999996,-0.013486438,-0.0038036249999999993,0.013013367777777778,0.021966653,0.027733152352941177,0.026268950000000003,-0.011318973999999999,0.028514303999999994,0.02952554125,0.05113464583333333,0.048458713333333334,0.034644965714285714,-0.005839082,0.0375586,0.05031325166666667,0.006553125999999999,0.019232047999999998,0.011561224166666667,0.010224906,0.02429037,0.029656866249999997,0.00497726,0.04496566777777778,0.016278804,0.007226173999999999,0.01786899909090909,0.045912958,0.10235168499999998
2014-07,-0.00738841,0.0006616559999999994,-0.022533552499999998,-0.024252779999999998,-0.04233685399999999,-0.047262416,0.008214686666666667,-0.0035523300000000002,-0.059810604999999996,-0.029430684705882355,-0.0380140125,-0.007434868,0.004755116666666667,0.0014801475000000002,-0.050996065,-0.038808085555555566,-0.004476954285714285,-0.041312054,-0.019837425714285713,-0.06342981500000001,-0.002459524,-0.018717938,-0.022143605,0.005015367999999999,-0.008511486,-0.00592929625,-0.0033992550000000003,-0.018020176666666665,-0.026464841999999995,-0.0009382279999999999,0.0040554427272727275,-0.0548566,-0.08271937500000001
2014-06,0.009092837500000001,0.011526756000000003,0.039899801,0.013180278,0.010745185999999999,0.03039132,-0.0027619166666666673,0.008550375555555555,-0.001706638,0.021388526470588233,0.02067437875,0.011502444,0.021924016666666667,0.02788008625,0.04591353833333333,0.02653071666666667,0.03550339857142857,0.08403928199999999,0.03170654428571429,0.004650355,0.003258994,0.00803912,0.0225348475,0.0023215580000000005,0.007217435999999999,0.0109671875,0.005266525,0.03888591444444444,0.022657668,0.002633882,0.0023342409090909093,0.047274826,0.12510559499999999
2014-05,0.0020629474999999996,0.02123912,0.0060064115,0.020208448,0.024335078000000003,0.048836742,0.007084429999999999,0.012207553333333334,0.01864359,0.017293594117647058,0.014868173749999998,0.013708379999999997,0.025728502666666667,0.0273376875,0.0093598175,0.01032666111111111,0.02308371285714286,-0.033134239999999995,0.03165817142857143,0.011590200000000002,0.008194364,0.007181664,0.013095090833333331,0.01160957,0.009078226,0.02581814375,0.008983595,0.02989243,0.045883188,0.009188364000000001,0.013126583636363633,-0.01113463,0.11328358999999999
2014-04,0.011631437500000001,0.006242358,0.015999307000000004,-0.024218804,0.011226932,0.009566611999999999,0.0026319266666666673,0.021072172222222223,0.016486548,0.01268657647058823,0.0024928500000000004,0.011210703999999998,0.0033921713333333334,0.0047077125,-0.011967945833333334,-0.015522637777777777,-0.02734992142857143,0.008378742,-0.03733648428571428,-0.023884378333333334,0.007726336,0.004650982,0.007708176666666668,0.014910419999999999,0.016146613999999997,0.02853096,0.009894105,-0.041779866666666665,-0.025969734,0.00769294,0.013928821818181818,0.04642592,0.00855113
2014-03,0.0092834925,0.038541888,-0.028197560499999996,-0.013985747999999998,0.024488575999999998,-0.014153684,-0.02469397333333333,0.03232342555555555,0.024174482000000004,0.027772179411764707,0.01800454,-0.004006722000000001,0.05547579666666667,0.05717410375,0.005360154999999998,0.028030106666666665,0.028790580000000003,-0.062045706,0.0008366500000000003,0.0032727900000000007,-0.0025825760000000005,0.002508628,0.0070249683333333335,-0.0005559560000000002,0.020633054,0.0054285012499999995,-0.007170385,-0.010375786666666668,0.039242464,-0.0035860320000000003,-0.00522436,0.040746456,0.06122334
2014-02,0.018884767499999996,0.069713406,0.05051355550000001,0.091804272,0.070712774,0.061046548,-0.015457448333333332,0.08123063222222224,0.08434688900000001,0.0720342894117647,0.08407945125,0.063371134,0.06156928799999999,0.05496951625,0.09689476083333333,0.057648908888888885,0.05734264857142857,0.06309160999999999,0.06919073285714285,0.08544342166666667,0.0034088960000000002,0.019391328,0.07265632916666666,0.00879588,0.026928318,0.05736451,0.0045460150000000005,0.07680228555555556,0.041030422,0.000689052,-0.0027502872727272728,0.047263424,0.115664655
2014-01,-0.0029071649999999993,-0.046818734,-0.013247963999999997,-0.051902106,-0.037078272,-0.0038283939999999997,0.015257786666666667,-0.03338366,-0.020607049,-0.025444123529411767,-0.0189606475,-0.028850648,-0.040095073999999994,-0.06519258624999999,-0.013969570833333333,-0.03644232555555556,-0.045011447142857146,0.02003683,0.016065744285714285,-0.005743333333333333,0.011581858,0.003493334,-0.037440765833333334,0.024683496000000003,0.028027138,0.025901560000000004,0.015793929999999998,-0.004305378888888888,-0.02415693,0.013329536,0.02974555636363636,0.036539692,-0.09474838000000001
2013-12,1.4637499999999807e-05,0.007270701999999999,0.020685774499999997,0.023042200000000002,0.012840960000000002,0.042933378,-0.008848826666666667,0.010758492222222221,0.030226416,0.026244791176470585,0.02796276875,0.033455922,0.008166651333333334,0.00581259,0.0219776775,0.01938486888888889,0.02538033285714286,-0.015874776,0.008103992857142856,0.042800630000000006,-0.002756022,0.003981158,0.041642621666666664,-0.0034038860000000005,-0.013120622000000002,0.017103718750000003,-0.00831056,0.05167852333333333,0.038633522,-0.004930534,-0.011647878181818179,0.019476562,0.063771565
2013-11,5.394999999999982e-05,0.0018271219999999998,-0.019844670500000005,0.030754804000000004,0.010833396,-0.017745138,-0.009507106666666668,-0.02019288111111111,0.009790949,0.0052806229411764705,0.014245405,-0.00460202,-0.015248731999999997,-0.01720972375,0.006731610000000002,0.04416729999999999,-0.007255068571428572,-0.0592503,0.05174398714285714,0.038630679999999994,-0.0008684060000000001,0.0057088619999999994,0.0006062566666666672,-0.000376868,0.0022345919999999997,-0.04346257625,0.003481115,0.03245898555555555,-0.0034090099999999996,-0.00020771799999999997,-0.006309705454545456,-0.022041923999999997,0.09007038
2013-10,0.011681975,0.022179026,0.009803098499999998,0.039473608,0.052129961999999995,-0.020253384,-0.004733269999999999,0.029498320000000005,0.037661449,0.029092008235294124,0.0345878575,0.02213333,0.02603447466666666,0.025294050000000002,0.0311187575,0.03357720777777778,0.014505868571428573,0.029541715999999996,0.0272396,0.03617800666666667,0.013573092,0.01892087,0.023243609999999998,0.010407073999999999,0.01547673,0.01275517,0.013990655000000001,0.015122781111111113,0.027245412000000004,0.009459203999999999,0.009820894545454546,0.037446312,0.033113130000000005
2013-09,0.007841960000000002,0.050698334,-0.03504180899999999,0.048988196,0.023301480000000003,-0.030008458,-0.005814783333333336,0.05909128888888889,0.044791232,0.04811032176470588,0.05238821875,0.036334708,0.07647179066666668,0.07381587,0.051986065000000005,0.032958056666666666,0.06058067714285714,-0.072445362,0.03193439285714285,0.06204161166666666,0.011736526,0.010395784,0.035778209166666665,0.032038175999999995,0.005997946,0.05130715125,0.016694725,0.04107504777777778,0.057617487999999994,0.01429803,0.018037168181818185,0.023341366000000002,0.08154691
2013-08,-0.006137424999999999,-0.030814218000000004,0.035750291000000003,-0.047363156000000003,-0.051191792,0.011391082,0.0016533349999999995,-0.018506312222222224,-0.025237041000000005,-0.03446060764705882,-0.026812648750000004,0.006355629999999998,-0.06512680333333334,-0.03340897875,-0.028751629166666667,-0.05736546333333333,-0.024324365714285708,0.076353866,-0.035646215714285716,-0.038103375,-0.0017449319999999998,0.001548706,-0.005492546666666667,-0.012263346,-0.015045883999999999,-0.046260787500000004,-0.002478885,-0.021276014444444442,-0.027313788,-0.002151896,0.0006299636363636365,-0.05823113,-0.122036955
2013-07,0.0043895275000000004,0.025253387999999998,0.0337238255,0.050620308,0.039435232,0.057207140000000004,0.010715595,0.04237765444444444,0.067641218,0.03325951588235294,0.047145436250000006,0.04255939799999999,0.004779480666666667,0.014833478749999999,0.06549064583333335,0.03987387444444444,0.025681571428571425,0.065173362,0.06100457714285714,0.056993485,0.004548328,0.020890324,0.02745086916666667,-0.013144948,-0.009510764000000001,0.004436349999999999,0.006689395,0.05710194777777779,0.037280178000000004,0.0022334219999999997,-0.008107634545454545,0.058321312,0.23563547
2013-06,-0.01269919,-0.05704914600000001,-0.06426549150000002,-0.00018081600000000004,-0.008183362,0.016484498,0.021458541666666667,-0.05541551222222222,-0.051357493,-0.02987638235294118,-0.0414052325,-0.07189627800000001,-0.06884446266666668,-0.07768351124999999,-0.037886006666666666,-0.001658341111111111,-0.05032665428571429,-0.150550554,-0.00031410571428571447,-0.013158168333333333,-0.02096306,-0.015197328,-0.0752298025,-0.037334846000000005,-0.016037734,-0.0231314275,-0.027586344999999998,-0.020072324444444442,-0.0006156419999999996,-0.017588490000000002,-0.02479051363636364,0.00782325,-0.09948615499999999
2013-05,-0.0244133375,-0.03519436199999999,0.0060515455,0.033482998,-0.013031714,0.010666092,0.0052662883333333315,-0.06749871888888889,0.007815171,-0.019831897647058828,0.009036592500000001,0.004612498,-0.03929050733333333,-0.0388168475,0.0568322425,0.04156346888888888,-0.025414065714285717,-0.062472394,0.04796119142857143,0.056449923333333325,-0.016875073999999997,-0.012234371999999999,-0.005136207500000001,-0.027042002,-0.009478460000000001,-0.08137869874999999,-0.02487366,0.044434480000000005,-0.0004513499999999976,-0.019245642,-0.03950924727272727,-0.063316286,-0.003858694999999999
2013-04,0.0035934575,0.03231455800000001,-0.0626410505,0.038678212000000003,0.030827519999999997,-0.039877222000000004,-0.023392471666666668,0.04496855777777778,0.034752855,0.03921779470588235,0.01907879125,-0.012539269999999996,0.029309087333333334,0.02331569625,0.0310247775,0.025728122222222222,0.029712515714285716,-0.09421235399999998,0.010278621428571428,0.006941111666666666,0.008720764,0.015215494000000001,-0.014290568333333331,0.014243992,0.013864372,0.05326666,0.012632715,0.012861470000000002,0.040600678,0.009449666,0.017917213636363637,0.061754454,0.025281539999999998
2013-03,0.0042446925,-0.006850523999999999,0.011133441,0.041146536,0.049213208,0.053399028,-0.007848993333333333,0.013517293333333335,0.002363636,0.026546617058823527,0.019515539999999998,-0.027430310000000003,-0.005999043999999999,-0.01699233875,0.018000336666666665,0.04225484111111111,-0.005442295714285714,0.015494516,0.04350817571428572,0.041117385,0.00039277800000000015,0.008023826000000001,-0.008555652500000002,-0.00893699,0.008920076,0.03288209375,0.002148475,0.023975901111111114,0.015983014,0.0011299259999999998,-0.0018436627272727273,0.049139714,0.10406496500000001
2013-02,0.0030114650000000014,-0.0176121,-0.05553739299999999,0.002114874,0.026195261999999997,-0.0612098,0.019310048333333333,-0.004365833333333334,-0.031797236,-0.0077695364705882355,-0.01392895125,-0.050843952000000005,-0.028401527333333336,-0.035566551249999995,-0.010900138333333332,0.005874247777777777,-0.027331240000000003,-0.06326100800000001,-0.0006736685714285718,0.015130038333333332,0.007159766,0.004601198,-0.047622936666666664,0.00099881,0.0030966379999999996,0.0057546175,0.00953586,-0.002959613333333334,-0.036097708,0.007525008,0.01420609,0.011775391999999999,-0.038331620000000004
2013-01,-0.002298315,-0.012278514,0.015526545999999999,0.037578721999999995,0.031342258,0.03569767,-0.03231264166666666,0.021999304444444447,0.032830884,0.01995100411764706,0.02455920875,0.0033405779999999994,-0.006857790666666666,-0.014791116250000002,0.034257867500000004,0.043446113333333335,0.0030715257142857146,-0.01555324,0.05333246714285715,0.014025281666666667,-0.0032802779999999998,0.003444978,0.012066214166666667,0.00221639,0.008330476,0.02612476625,-0.0048817800000000005,0.013708571111111107,0.01189424,-0.003659018,-0.009765663636363636,0.026511774,0.13704834
