Week,BJK,CARZ,CHIQ,FXD,INCO,IYC,PBS,PEJ,PEZ,PMR,PSCD,RCD,RETL,RTH,RXI,SCC,UCC,VCR,XLY,XRT
2019-21,-0.01271546,-0.00471106,-0.01087695,-0.01122225,-0.00988905,-0.0044348,-0.00368324,-0.00571973,-0.00844912,-0.01845122,-0.02289551,-0.01031754,-0.06028369,-0.00474209,-0.0032726,0.01113861,-0.01067194,-0.0044698,-0.00239617,-0.02027516
2019-20,-0.00310822,-0.01411101,-0.02491582,-0.01363963,-0.00265252,-0.0099396,-0.01710684,-0.01883283,-0.02152714,-0.00634133,-0.00743872,-0.01680016,-0.05982906,-0.00725814,-0.0090798,0.01908397,-0.01944739,-0.01480415,-0.01442349,-0.01928958
2019-19,-0.00881543,0.00062073,0.00985545,0.01518438,0.03529717,0.01953708,0.01600242,0.01147004,0.03071415,0.00803547,-0.00552949,0.01460142,0.0126479,0.01353834,0.01875495,-0.03841388,0.0402015,0.01628002,0.0185413,0.00423829
2019-18,-0.02578797,-0.04595376,-0.0406942,-0.02236932,-0.02270484,-0.01628859,-0.0196974,-0.02151019,-0.02840007,-0.027294,-0.03214623,-0.02040052,-0.09213557,-0.01700712,-0.02193937,0.03665988,-0.03221742,-0.02125076,-0.01742481,-0.03010989
2019-17,-0.01426426,0.00685127,0.01754386,-0.00317245,-0.00529865,0.00091861,-0.01849218,-0.00890076,-0.00262881,0.00389509,0.00584611,-0.00479838,-0.00513149,0.00482062,0.00083202,0.00136333,0.00250627,0.00131912,-0.0012474,-0.00152472
2019-16,0.02033986,-0.03455903,-0.0155351,0.00937143,-0.02100543,0.01614408,0.01840491,0.01013742,0.00994142,0.02293945,0.02511825,0.00959925,0.09354042,0.0054049,0.00493187,-0.03361898,0.03194239,0.01464202,0.01556977,0.03153153
2019-15,0.00512689,0.04300459,0.02701116,0.00590775,0.00093132,0.00647249,-0.00087057,0.00447928,-0.00177085,-0.0039185,0.01093951,0.00304653,0.00333,0.00130027,0.01053963,-0.01304631,0.01259328,0.00602107,0.00598853,0.00132538
2019-14,0.00566572,0.00775416,0.00347423,0.00802936,0.01842105,0.00959802,0.02656716,0.02147099,0.02118492,0.01141795,0.01148496,0.00092524,-0.01993464,-0.00233318,0.00929796,-0.01969504,0.01807056,0.00336398,0.00322198,-0.00615385
2019-13,0.03042328,0.03180737,0.01882353,0.02233192,-0.00447269,0.01636012,0.0195241,0.00971323,0.0145296,0.00934579,0.01590164,0.02452238,0.01879327,0.00935905,0.01872659,-0.02757353,0.03182945,0.01995298,0.0210252,0.00728477
2019-12,0.015772,0.00952966,0.03219814,0.02135922,0.01294964,0.01038524,0.00776156,0.02020442,0.01125254,0.02028509,0.01955166,0.0205103,0.07150596,0.01168292,0.0111647,-0.02112676,0.01985728,0.01584963,0.01353156,0.02481785
2019-11,-0.00357339,-0.02040204,-0.01898347,-0.01535877,-0.03484079,-0.00306309,-0.02014037,-0.01784038,-0.00220062,-0.01639792,-0.03194993,-0.01316046,-0.08765348,0.00271766,-0.00499777,0.0,-0.00577856,-0.00407128,0.0,-0.02885261
2019-10,-0.00604728,-0.00632149,-0.00248911,-0.00337106,0.00843486,0.01186645,0.0,0.00709555,0.00739372,-0.01712887,-0.01459256,-0.0023571,-0.03811434,0.00913061,0.00860819,-0.0220339,0.02255478,0.00563144,0.00976901,-0.01245275
2019-09,-0.03837953,-0.0457993,-0.04329268,-0.02145411,0.01546012,-0.0195951,-0.01270033,-0.01658491,-0.02174314,-0.02551706,-0.03175371,-0.01665044,-0.06515301,-0.02504174,-0.02232183,0.04100228,-0.03858759,-0.02362579,-0.02111081,-0.0214887
2019-08,-0.01153644,-0.00632002,0.0,0.00452812,-0.0009768,0.00254669,0.02407407,0.00278422,0.01212344,0.01997301,0.00946879,0.00613019,0.06050641,0.00284091,0.00259531,-0.00172018,0.00347186,0.00523187,0.00326205,0.01949059
2019-07,0.02544189,0.01538917,0.03183886,0.00573614,0.02276752,0.00274424,0.00649351,0.00925926,0.01543038,-0.00695745,-0.0171783,0.0073278,-0.0330552,-0.01263259,0.00841781,-0.00403691,0.00472342,0.00560792,0.00544811,-0.00946303
2019-06,-0.01229947,0.02344702,0.01128069,0.02151589,-0.02474884,0.02499229,0.02439024,0.02211765,0.01689446,0.03503893,0.03966147,0.01860744,0.08380481,0.0332296,0.02406716,-0.04777416,0.04854153,0.02342552,0.02552356,0.02657279
2019-05,-0.01423675,-0.03869833,-0.00402414,0.00171443,0.00073511,-0.00576884,-0.01125,0.00542197,0.00579486,-0.00502232,-0.01746869,0.00333367,-0.03169627,-0.00917431,-0.01816347,0.01535088,-0.01275707,-0.0095064,-0.00697545,-0.00905182
2019-04,0.04012091,0.01181684,0.03049203,0.01776777,0.01113586,0.00934725,0.01568502,-0.00941176,0.01150565,0.00453772,-0.00099917,0.01355793,-0.04964053,0.00282657,0.00713095,-0.02527646,0.0230147,0.00753831,0.00735502,-0.01554054
2019-03,0.02630842,0.03406693,0.05183585,0.01395585,-0.01062032,0.01559137,0.02917076,0.0144023,0.01750151,0.00425653,0.01383033,0.02007318,0.06103286,0.00974026,0.01727051,-0.03901437,0.03695931,0.01743096,0.01735813,0.02062801
2019-02,0.03497299,0.02678843,0.05886736,0.02116267,-0.00635294,0.02477287,0.01991512,0.01697752,0.03530612,0.02617952,0.02390236,0.02360131,0.09400146,0.02410623,0.02261116,-0.0444558,0.04573099,0.0282864,0.02760884,0.03088981
2019-01,0.03622139,0.03084112,0.03193916,0.02259153,-0.0039489,0.01285729,0.02548625,0.01617186,0.01606591,0.00228898,0.02770607,0.01925134,0.01522291,0.00602717,0.01240695,-0.02281947,0.02359604,0.01585785,0.01420786,0.0062169
2019-00,0.03481683,0.00894569,0.01002313,0.02608696,0.01040724,0.02353397,0.03448276,0.02110553,0.01628455,0.01245182,0.03614458,0.01809449,0.08921611,0.01874135,0.0183368,-0.06092533,0.05784161,0.02084721,0.01844532,0.03058478
2018-51,0.04345068,0.01819955,0.021875,0.04969836,0.03785931,0.0627979,0.05180768,0.03493564,0.0687989,0.05163728,0.05888031,0.05064489,0.17908903,0.06412458,0.05248182,-0.11947431,0.11957002,0.06786843,0.06501582,0.06026611
2018-50,-0.05532666,-0.02961347,-0.03391108,-0.05727224,0.01110854,-0.06452317,-0.07368421,-0.05446146,-0.06287171,-0.04239327,-0.04373285,-0.05313156,-0.16580977,-0.05881104,-0.0448895,0.13467855,-0.12351043,-0.05977757,-0.05616162,-0.05709385
2018-49,0.0129108,0.01473354,0.02102102,-0.01773779,0.08163778,-0.01745466,-0.00264375,-0.00142755,-0.02668004,-0.02238806,-0.02486865,-0.02002543,-0.10189489,-0.01604061,-0.00775268,0.03362201,-0.03545857,-0.01534851,-0.01090555,-0.03381195
2018-48,-0.06746464,-0.05894368,-0.05944056,-0.05829921,-0.05082797,-0.05662997,-0.02800129,-0.03528064,-0.06270934,-0.06465517,-0.06971076,-0.06313282,-0.22506322,-0.05503175,-0.05517428,0.11167513,-0.08206438,-0.06456019,-0.06034246,-0.0780446
2018-47,-0.00732188,0.00537634,0.00656934,0.01794169,0.02951594,0.03863244,0.02430902,0.02994577,0.03740697,0.01606203,0.00843812,0.01201752,0.04155293,0.0425402,0.01912388,-0.07865731,0.06810519,0.03110138,0.03524867,0.01298701
2018-46,-0.00087184,-0.00394537,-0.00593032,-0.00829146,0.00311601,-0.01714405,-0.00134816,0.0110206,-0.00379015,-0.03271927,0.00483333,-0.0046454,-0.04710921,-0.03393393,-0.00533944,0.04281346,-0.03160726,-0.01359297,-0.01679449,-0.01372289
2018-45,0.05135135,0.00849515,0.05448964,-0.01124419,0.04495229,-0.01265185,0.00326052,0.00660533,-0.01236211,-0.04022839,-0.02292769,-0.0177503,-0.10623557,-0.02855239,-0.0015839,0.05422374,-0.03631142,-0.01031494,-0.01336199,-0.03615465
2018-44,-0.05086641,-0.01678445,-0.05316092,0.0,-0.00566502,0.0227445,-0.0003201,0.01938993,0.02134553,0.008,-0.00399106,0.00328751,0.00350614,0.02760146,0.01165886,-0.09034268,0.05636054,0.01522873,0.01760924,0.00269878
2018-43,0.0968618,0.05391251,0.11722488,0.05153846,0.06650831,0.0493552,0.0545393,0.04862317,0.06911315,0.02680247,0.04921849,0.0635512,0.12172924,0.03664869,0.0490309,-0.04035874,0.07415885,0.0559038,0.05336609,0.03878657
2018-42,-0.06769826,0.00030581,-0.0465288,-0.02968321,-0.00913838,-0.04209254,-0.05444126,-0.05897259,-0.06216166,-0.01491742,-0.00428336,-0.01365579,-0.03967814,-0.03320181,-0.03007935,0.06302966,-0.0974026,-0.03185299,-0.03141806,-0.00969828
2018-41,0.01199108,-0.02191534,-0.01876877,-0.00889108,-0.00798763,0.00329297,0.01234568,-0.00413508,-0.0121547,-0.02208783,-0.03909004,-0.03151515,-0.08611184,-0.00546448,-0.01212176,-0.02588484,-0.00849301,-0.01520936,-0.01749814,-0.02774836
2018-40,-0.01072607,-0.0402646,-0.01949458,-0.03542365,0.03214756,-0.02598042,-0.04284814,-0.03021486,-0.0203677,-0.03967027,-0.04049023,-0.03379584,-0.06590684,-0.0228865,-0.03879423,0.04412576,-0.0473284,-0.03417109,-0.03598604,-0.01937096
2018-39,-0.03183716,-0.03612796,-0.06066667,-0.03443462,-0.07773418,-0.03655117,-0.01845018,-0.03237643,-0.06011483,-0.0584781,-0.04981413,-0.04030875,-0.13769363,-0.03824196,-0.03996983,0.09207317,-0.0745738,-0.0420459,-0.03956555,-0.04726912
2018-38,-0.01840961,-0.02384178,0.00467914,0.0023175,-0.01349073,0.01267342,0.01669759,0.01509271,0.01714189,-0.00221022,-0.0024832,-0.00445878,0.00253004,0.00979674,0.0045489,-0.02633119,0.0278011,0.00650917,0.00919261,0.00098814
2018-37,0.02613195,0.0462963,0.07789474,0.00902987,-0.01917808,0.01581296,0.0146875,0.01303498,0.00169291,0.00024254,-0.0015857,0.01646051,0.01929126,0.01486474,0.02007003,0.01128266,0.02439943,0.0125445,0.01557442,0.00512618
2018-36,0.00754619,0.02095894,0.00627615,0.00622407,0.00861873,0.00418712,0.02299213,0.00720052,0.00944988,-0.01973371,0.00604752,0.00599201,-0.00564744,-0.007,0.0126072,-0.01462844,0.01104455,0.00527793,0.00783836,-0.00155854
2018-35,-0.05339567,-0.01730496,-0.04302477,-0.01351042,-0.00396476,-0.01273005,-0.02009895,-0.01838786,-0.01750584,-0.02596491,-0.01941335,-0.00542805,-0.05591524,-0.00671263,-0.01459111,0.01426873,-0.02195077,-0.01589507,-0.01353798,-0.01988801
2018-34,-0.01406772,-0.02421769,-0.01324921,-0.00022957,-0.0041632,0.01422744,-0.00429711,0.0088191,0.01218068,0.00167064,0.00624645,-0.00417062,0.02951424,0.01032544,0.00143702,-0.01484018,0.0310226,0.00923319,0.01144705,0.01058408
2018-33,0.01176182,0.00167926,0.00983607,0.00718757,0.00125576,0.0116411,0.01854763,0.00932755,0.02424662,0.00741982,0.01314661,0.00190931,-0.00438771,0.01129891,0.01088553,-0.03736264,0.03352509,0.01040654,0.01390994,-0.00019455
2018-32,-0.01914223,-0.01858014,-0.02824134,0.00992204,0.02640693,0.00901623,-0.00283643,0.01016799,0.00368874,0.01526342,0.01583578,0.01712496,0.02255799,0.01969407,0.00034758,-0.03088392,0.01709488,0.00497685,0.00324324,0.00956366
2018-31,-0.0054567,-0.01332971,0.00702875,0.00684447,-0.00529773,0.00195195,0.01079365,-0.01857853,0.03421434,0.02396125,0.01979461,0.00058286,0.04437158,0.01201085,-0.00345513,0.0,0.02488432,0.00573182,0.00089718,0.0140647
2018-30,-0.04440938,-0.00837159,-0.03545232,0.00979924,0.01531263,0.00956646,0.01067961,-0.00818613,0.01177336,-0.00784016,0.01866871,0.00058445,0.02534825,0.00794196,0.00069061,-0.01675393,0.01302083,0.01113271,0.01003558,0.00876656
2018-29,0.00112638,0.01068493,0.00547112,-0.01967674,0.01741781,0.00287617,-0.02539486,-0.01023178,-0.02843518,-0.00050556,-0.03146436,-0.01336025,-0.04435128,-0.00185384,-0.00249441,-0.0021692,-0.0061187,-0.00898082,-0.00342713,-0.0137346
2018-28,-0.00357302,0.00824176,-0.02002356,-0.00070159,-0.00347675,-0.0044159,-0.01580547,0.01139721,0.01104185,0.02076923,0.0176444,0.00385505,0.03987168,0.002056,-0.00376487,-0.0101986,-0.0020202,-0.00040453,-0.00635574,0.0153657
2018-27,0.01433773,-0.01026472,-0.00923254,-0.00348351,-0.00724483,0.01019321,-0.00300752,0.00657337,0.00555357,-0.01506402,-0.01296572,-0.00622129,-0.04171265,0.01339153,0.00699542,-0.00419507,0.02097758,0.00840189,0.00868936,-0.01516377
2018-26,0.00629371,0.01599559,-0.00527241,0.01834207,0.0188845,0.01129651,0.01291116,0.01730852,0.01647748,0.0015186,0.02641683,0.01703762,0.07941105,0.01041245,0.00897571,-0.00305188,0.03027672,0.00910335,0.00775408,0.02814259
2018-25,-0.00938338,-0.01343364,-0.01643991,-0.00519603,-0.00109075,-0.00470163,-0.00339088,-0.00365042,-0.01300578,-0.00578762,-0.01671183,-0.00146628,-0.06598076,-0.0165691,0.0033436,-0.00807265,-0.00907344,0.00101233,0.00371126,-0.02197802
2018-24,-0.00798791,-0.03673676,-0.03094984,-0.00576834,0.00107805,0.00274167,0.00394417,-0.0070996,-0.00581293,-0.00377453,-0.00280857,-0.00636156,0.02998897,0.0075255,-0.00776451,-0.00580169,0.01260331,-0.01147834,-0.00532635,0.01216545
2018-23,-0.02453988,-0.01643426,-0.01930099,0.00864284,-0.01397417,0.01884357,0.03728278,0.01488728,0.00625223,0.0,-0.00044643,0.00248495,-0.04033319,0.01067012,0.00899589,-0.02813299,0.0307807,0.01292927,0.01854232,-0.01093339
2018-22,-0.01831579,0.01107754,0.01425554,0.03174988,0.00681576,0.01698939,0.01554404,0.00150247,0.02538631,0.02873105,0.04163418,0.02754657,0.12049721,0.02100625,0.01448769,-0.02387775,0.04081862,0.02234503,0.0203103,0.04000851
2018-21,0.00146689,0.02695629,0.01956522,0.0086548,0.02046532,0.00845495,0.01726428,0.00975927,0.01287147,0.00766284,0.0025417,0.01093007,-0.00189599,0.0099083,0.01187288,-0.01412429,0.01869267,0.01193259,0.01163909,-0.00021744
2018-20,-0.00843101,-0.03059701,0.00053879,-0.00024528,0.02747618,0.00451007,-0.00458565,0.003663,-0.00952025,-0.01372443,-0.00095072,0.00512821,-0.00723473,-0.00187813,-0.00455701,0.00663507,0.00701633,0.00435904,0.00643612,-0.00238457
2018-19,-0.0035498,-0.0044899,-0.01883746,0.00769422,-0.00518247,-0.00295858,0.00500501,0.01612547,0.02223926,0.01668947,0.01906469,0.00529047,0.03183468,-0.00531749,-0.00158256,-0.01769088,0.00299954,0.00098845,-0.00212069,0.00990535
2018-18,0.01626898,0.00825206,0.02216066,0.00525657,-0.00993658,0.00438787,0.01844262,0.01134342,0.02887658,0.01399776,0.02097553,0.01250388,0.0470267,0.01387851,0.00762141,-0.05207414,0.00443666,0.00434621,0.00495001,0.01720625
2018-17,0.01965114,-0.00546856,0.01015228,-0.00274109,-0.02259191,0.00239143,-0.00103591,0.00357462,0.0,-0.0123018,0.00885399,-0.0041991,-0.01503538,-0.01410069,0.00257847,-0.00395604,-0.04935522,0.00425798,0.00302823,-0.0040395
2018-16,-0.02114804,0.00524607,0.00282646,-0.00196512,0.01784215,0.00534351,-0.02300406,-0.01559411,0.01401963,0.02289429,0.01759973,0.01471951,0.10059542,0.03680982,0.0085906,0.0,0.00376559,0.00690521,0.00883479,0.02874088
2018-15,0.00699606,-0.01522219,-0.01875345,-0.01340483,-0.01017231,0.01142952,0.01227831,0.01251676,-0.00776583,-0.01063532,-0.02010547,-0.01373795,-0.05869958,0.00422764,0.00394831,0.0,0.03076923,0.00582205,0.00983411,-0.01855204
2018-14,0.0322361,0.00839299,0.00995575,-0.00024649,0.00250679,0.00611158,0.01145436,-0.00182315,0.0110792,-0.01208884,0.00117253,-0.00886507,0.01689084,-0.00730962,0.01477159,-0.00698385,-0.00807438,0.00687263,0.00776601,0.00573
2018-13,-0.00618982,0.03314635,0.00168539,0.02521432,0.02247677,0.01828331,0.00701508,0.00834686,0.02514793,0.03623188,0.03772267,0.02245159,0.09175843,0.02341474,0.02042339,-0.04422194,0.05317347,0.02549947,0.02284656,0.03149976
2018-12,-0.00424866,0.00201258,-0.01300108,-0.00098328,0.0091683,-0.01470668,-0.02478232,-0.00359874,-0.00931551,0.03563152,0.00613183,0.01138619,-0.00061633,-0.011684,-0.00317951,0.0,-0.04173125,-0.01632448,-0.01797289,-0.00045746
2018-11,-0.0484082,-0.0322821,-0.04986737,-0.04085086,-0.0049173,-0.03574128,-0.04229508,-0.044635,-0.04227868,-0.02897328,-0.01670644,-0.02760454,-0.09742033,-0.03325163,-0.03077889,0.00093327,-0.07175295,-0.03480914,-0.03559587,-0.03242749
2018-10,-0.02521721,-0.00438596,-0.01956746,-0.0071242,-0.01301236,-0.0121547,-0.00825659,-0.00368604,-0.01107441,-0.01020971,0.00321272,-0.00951522,-0.03108808,-0.01039177,-0.00678295,-0.03628847,-0.01592881,-0.01113274,-0.01029454,-0.00964991
2018-09,0.05493274,0.00840752,0.05400982,0.01493976,0.00087089,0.01864589,0.02046119,0.04403794,0.03548516,-0.00688137,0.01492281,0.00870093,-0.01271905,0.00031292,0.01121177,0.01681457,0.01175128,0.01984818,0.01880359,-0.00178651
2018-08,-0.03311688,-0.04247746,-0.04904491,-0.02981921,-0.0229543,-0.02787015,-0.0190384,-0.02607735,-0.03718123,-0.01843318,-0.03120282,-0.04396799,-0.05360544,-0.02770083,-0.03463921,-0.04759786,-0.0699901,-0.03453508,-0.03510274,-0.01719956
2018-07,-0.00431872,0.00654228,0.02884615,0.00474834,0.00042983,0.01211371,0.00821288,-0.00111086,0.00236128,0.00464354,0.00749319,0.00020002,0.0427915,0.00816668,0.00833555,0.0,0.0247877,0.01352022,0.01371195,0.01458707
2018-06,0.04643262,0.01549637,0.05895692,0.03117448,-0.0134822,0.03152162,0.0338295,0.02178353,0.0256981,0.04264747,0.03101715,0.02620353,0.10899345,0.03734218,0.02675827,0.0,0.05892815,0.02578234,0.02535043,0.03295455
2018-05,-0.03054449,-0.00222277,-0.04224569,-0.00170441,0.02057343,-0.01714035,0.00549828,-0.01518242,0.00143767,-0.01758242,-0.0008643,-0.00184578,0.04507305,-0.01183747,-0.01260657,0.01857725,-0.04736904,-0.01236603,-0.01175065,0.01639723
2018-04,-0.01960784,-0.03358814,-0.03571429,-0.04194858,-0.05184732,-0.03276259,-0.01895425,-0.01803172,-0.0497729,-0.06358669,-0.0459919,-0.04195076,-0.19255919,-0.04837764,-0.02574815,0.03075397,-0.06079771,-0.02828223,-0.0286008,-0.06713928
2018-03,-0.00187931,-0.01031873,0.02003163,0.00246858,-0.02094554,0.01828315,0.02747069,0.00173724,-0.00819672,0.00504159,-0.00368531,0.00646019,-0.00469589,0.02644013,0.01621808,-0.0418251,0.04792912,0.01726428,0.02083928,-0.001455
2018-02,0.02416195,-0.00298988,0.01397849,0.02360565,0.00505766,0.0142003,0.01969592,0.01624388,0.03035576,0.00595701,0.01488631,0.0195599,0.09608091,0.01866252,0.01073849,0.00947418,0.02441731,0.0144094,0.01266563,0.03215294
2018-01,0.01209948,0.01145931,0.00532481,0.02790807,-0.00490773,0.0321979,0.02023726,0.02834934,0.02308886,0.02841211,0.02395506,0.02802713,0.1009653,0.03775204,0.0241485,-0.05399473,0.06421373,0.0284055,0.03070788,0.03293808
2018-00,0.00402865,0.02941886,0.00538503,0.00949442,0.02328382,0.01228802,0.01237624,-0.00319125,0.02325581,0.01077877,0.00429752,0.0084473,0.00452007,0.01331151,0.01929083,-0.02189781,0.02359347,0.01553772,0.01592131,0.00220994
2017-52,0.00939808,0.00219298,0.01112347,-0.00975262,0.00020182,-0.00504569,-0.00889047,-0.00022784,-0.00338174,-0.00916195,-0.00543478,-0.00758265,-0.06088561,-0.00833608,-0.00305527,0.00547599,-0.00453098,-0.00556454,-0.00512085,-0.01811754
2017-51,-0.00535834,-0.0036523,0.03098107,0.00143747,0.02204822,0.00180048,-0.00282686,0.00228258,-0.00927022,-0.00459708,0.00033206,0.00582465,0.00082305,0.00288216,-0.00277213,0.00250731,0.03830439,0.00129727,0.00133621,0.00111832
2017-50,0.01821536,0.00393217,0.00057904,-0.00121595,-0.00165563,0.00858516,0.00612613,0.0,0.00120313,0.00194121,0.000679,0.00497925,-0.03049482,0.00700328,0.00657895,-0.02681072,0.00179074,0.00732673,0.00868201,-0.00774664
2017-49,0.01563611,-0.01653696,0.00472255,-0.00242248,0.02584366,-0.00394466,-0.00325145,0.00046221,0.01181985,0.00110589,-0.00118084,-0.00710754,0.02787559,0.00340483,0.00037576,0.00770479,-0.0038134,-0.00415157,-0.00500678,0.00917642
2017-48,0.00118008,0.00024444,-0.02132565,0.03036437,-0.01541385,0.0271281,-0.00181357,0.01606046,0.00488103,0.02870533,0.03238365,0.03776254,0.13636364,0.03411666,0.01302183,-0.03296703,0.05194627,0.02232507,0.02023899,0.04615762
2017-47,0.01355852,0.01547531,0.00056786,0.00661746,0.01705527,0.00862017,0.00876872,0.00664452,0.02094567,0.00205459,0.00017705,-0.00162285,-0.03895209,0.00759768,0.01100068,-0.00778932,0.01589072,0.00865028,0.00968128,-0.01358564
2017-46,0.0,0.00373134,0.00345224,0.02303062,0.01714286,0.0131571,0.01853912,0.01424777,0.00752194,0.0274179,0.04380104,0.02837989,0.15057283,0.0199164,0.00477257,0.0,0.01493386,0.01176307,0.00934991,0.05171083
2017-45,0.01438673,-0.01890034,0.01168907,0.00367744,-0.01630901,0.00255583,-0.0029553,-0.01027234,-0.01915551,0.00793409,-0.00956058,0.00516796,0.0152488,0.01956358,-0.00736577,0.0,-0.00519406,-0.00041873,0.0,0.00588085
2017-44,0.02935966,0.01144279,0.02422774,-0.00263227,0.01350454,0.00362119,-0.00668151,0.0109569,0.00333681,0.00274474,-0.00733407,-0.01029889,0.03193696,0.00932342,0.00244045,-0.00140746,-0.00043605,-0.00370863,-0.00310318,0.01008795
2017-43,-0.00526052,0.00248016,-0.01702877,-0.00052383,0.0252905,0.00491703,-0.00951684,-0.0043363,0.00208377,-0.02810651,0.00199095,-0.0120919,-0.04874391,0.00465702,0.01289171,0.02015559,0.00440012,0.01349061,0.01831255,-0.01553106
2017-42,-0.00325163,-0.00320276,-0.01382488,0.01724138,-0.01502242,0.00189835,0.00326442,0.00047824,0.00626174,0.01857491,0.02611111,0.01187042,0.06731157,0.00836926,-0.00157589,0.0085592,0.00247489,0.00225004,0.00022321,0.02313625
2017-41,0.00428212,0.00840336,-0.00746697,-0.00842327,0.02894188,0.00073561,-0.01006832,0.00095785,0.00167329,0.00761035,-0.01382572,-0.00550176,-0.0637037,0.00968276,0.00335769,0.0,-0.00277291,-0.00364835,-0.0023414,-0.02099475
2017-40,-0.01168282,0.03200406,0.03935599,0.0047356,0.01413761,0.01066321,0.01629844,0.02268293,0.01775523,0.00478326,-0.00268288,0.0060526,-0.01075269,0.00251636,0.01217079,-0.02841303,0.02315634,0.01409149,0.01626567,-0.00269014
2017-39,0.01818182,0.00692663,0.03167702,0.01332623,-0.00399061,0.00608318,0.01210565,0.01913043,0.01589375,0.00783368,0.03758414,0.01033908,0.04517528,0.00761325,0.00612327,-0.01602455,0.0,0.01026193,0.0081004,0.013882
2017-38,0.01058468,0.01630013,0.0006006,-0.00053362,-0.03734347,0.00061977,0.00812708,0.00921544,0.0027969,-0.01137725,0.00624291,-0.00033512,-0.01173451,-0.01219052,0.00573671,0.0,-0.00357622,0.00179366,0.00239671,-0.00597163
2017-37,0.00126167,0.02132196,0.02311056,0.01677943,0.00679348,0.00459,0.0,0.00274794,0.0065189,0.01887942,0.01685393,0.01033127,0.07433217,0.01689318,0.00433599,0.0,0.01912075,0.00720617,0.00342388,0.02568014
2017-36,0.01238071,0.01719902,0.01741935,0.00246373,0.00828729,-0.00354103,-0.01425439,-0.00680444,0.01420013,0.02144855,0.00175781,-0.00135578,0.03314239,0.0070858,0.00193306,0.0,-0.0044964,-0.00547827,-0.00593066,0.01060528
2017-35,0.03489611,0.00767965,0.02823375,0.02256896,0.00946664,0.01540009,0.01838911,0.01772152,0.02429609,-0.00439698,0.01944059,0.01504274,0.03413401,0.01492342,0.01057061,0.02186344,0.03606507,0.01633367,0.01568989,0.01441678
2017-34,0.00159236,0.01919332,0.01716172,0.01552795,0.00350959,-0.00062822,0.0074129,-0.002267,-0.00045137,-0.01823239,0.01752266,0.01473636,0.11511789,-0.0011754,0.00380933,0.00641892,-0.00883473,0.00366193,0.00242999,0.03596539
2017-33,0.01227977,-0.01393823,0.00932091,-0.03197595,0.00420463,-0.02228927,-0.01819505,-0.01979708,-0.02566915,-0.03042959,-0.04034749,-0.02741719,-0.11526104,-0.02100141,-0.01770897,0.01578586,-0.04277762,-0.02531284,-0.02487,-0.03698914
2017-32,-0.03399582,-0.010682,-0.01726428,-0.02185645,-0.05335127,-0.01518293,-0.01783803,-0.01906624,-0.01764706,-0.03137711,-0.03429535,-0.01936698,-0.11289174,-0.01923319,-0.01782317,0.02641775,-0.03369816,-0.01517085,-0.01513792,-0.04070489
2017-31,-0.00390422,0.00912106,-0.00467602,0.000271,0.02139899,-0.00553326,-0.02370164,0.00989609,-0.00043745,-0.00699708,-0.00916573,-0.00618648,0.00361272,-0.00854486,0.00190801,0.00709471,-0.00903355,-0.00177267,-0.00358343,-0.00099701
2017-30,-0.00440871,-0.00111111,0.00066534,0.00763984,0.00230097,0.00840439,0.01609517,-0.02168675,-0.00239599,0.02116875,0.01246694,0.00938023,0.11512505,0.01403777,0.00781012,-0.02455048,0.01293229,0.00619967,0.00630844,0.03921569
2017-29,0.02101064,-0.01282051,0.00472973,0.00766074,-0.00207804,0.00356682,0.02108649,0.00217707,0.01480817,-0.00209518,-0.00037743,0.00647249,0.01223242,-0.001531,0.0047677,0.0,0.00774514,0.00788135,0.0080344,0.00331548
2017-28,0.0063762,0.02805836,0.03606103,0.01165049,0.01426233,0.01103698,0.0094237,0.00436575,0.01158828,0.01368197,0.01654482,0.00869173,0.08016878,0.01548068,0.01205192,-0.02264278,0.01411835,0.01044462,0.00892653,0.02858655
2017-27,-0.00609756,-0.00195149,0.0070028,-0.00767965,0.01334923,-0.00322581,-0.00902527,0.0026712,0.00364797,-0.01761597,-0.02272304,-0.01875138,-0.09615385,-0.0135394,-0.00339401,0.0,-0.01153675,-0.00692291,-0.00377057,-0.03225806
2017-26,-0.02087045,0.00028225,-0.01737318,0.00137589,-0.00904547,-0.00394356,-0.00144875,-0.01317997,-0.00470114,0.00590667,0.00676183,0.00501505,0.04166667,-0.00267176,0.0,0.0,-0.00700321,-0.00071937,-0.00239125,0.01172273
2017-25,-0.0063743,-0.0053733,0.00279916,-0.01015089,-0.01482702,-0.0145785,-0.00834543,-0.00999286,-0.01839947,-0.01685892,-0.00188644,-0.01329051,-0.05297256,-0.01574902,-0.00804808,0.0108278,-0.01544234,-0.01140901,-0.01452866,-0.01507795
2017-24,0.01942767,-0.00226693,-0.004954,0.0,0.00118483,-0.00507925,-0.00218818,0.00411224,-0.00134078,-0.04387726,-0.01610789,-0.00917634,-0.08200778,-0.02175535,0.00194812,0.0,-0.01185485,0.00079148,0.00113611,-0.0240481
2017-23,0.0031389,-0.00507471,0.01210826,-0.00659703,-0.00471476,-0.01639246,0.00368053,-0.00835123,-0.01122112,-0.00086059,0.01410599,-0.0097996,-0.02368328,-0.01393132,-0.0182001,0.01268116,-0.03710883,-0.01417635,-0.01762606,-0.00599251
2017-22,0.02242392,0.02492123,0.02936858,0.01865776,0.023647,0.01834918,0.01416853,0.02602773,0.02264574,0.02158064,0.01460977,0.01857862,0.03050109,0.01388717,0.01762429,-0.06913997,0.03808845,0.01732816,0.015821,0.01340754
2017-21,0.0094238,-0.012795,0.00442478,0.00391389,0.00593032,0.01227183,0.01131222,0.0171737,0.02193283,-0.00174317,-0.00305285,0.00337268,-0.03438596,0.00486406,0.00420297,0.0,0.02068662,0.01135041,0.01166915,-0.01172947
2017-20,-0.00459211,0.00257732,0.00373972,-0.0125,-0.02409058,-0.00646831,-0.00864337,-0.01146062,-0.01630435,-0.01098583,-0.0166509,-0.01371696,-0.0822098,-0.00125125,-0.00174538,0.02347256,-0.01255474,-0.00942644,-0.0073051,-0.0264641
2017-19,0.00737705,-0.00600686,0.01750381,-0.01372872,0.03771687,-0.00509359,-0.01588474,-0.0070749,0.00317965,-0.01478113,-0.00788881,-0.01112212,-0.07754979,-0.00373739,-0.00521953,0.00520472,-0.00895695,-0.00418863,-0.00511131,-0.02597712
2017-18,-0.02237017,0.00287274,-0.01509434,0.00219479,-0.00397911,0.00295058,-0.01013391,-0.00313631,0.00477056,-0.00483642,0.00395406,0.0036444,0.02625888,0.00732046,0.00328981,0.0,0.00057862,-0.00064954,-0.00011379,0.01177885
2017-17,0.01751026,0.00995608,0.00539707,0.00551876,0.02764269,0.01190847,0.00618182,0.01643768,0.01194304,0.01486989,0.00970135,0.00765646,-0.01126332,0.01188498,0.01263444,-0.01805792,0.01987745,0.01310299,0.01398036,-0.0057334
2017-16,0.00220022,0.01562031,0.00623053,0.00953449,-0.0035962,0.01058973,0.01554404,0.01786164,0.02420503,0.0223661,0.03519586,0.01029063,0.07249255,0.0075266,0.00843476,-0.02093556,0.02213001,0.01215058,0.00927121,0.02085378
2017-15,0.00722222,-0.01110444,-0.00234375,-0.01007839,-0.00920245,-0.0103158,-0.01714703,-0.01569898,-0.00826251,0.00324771,-0.01212483,-0.01226235,-0.02856216,-0.01033592,-0.00683688,0.00098232,-0.01432753,-0.01071189,-0.01183363,-0.01101591
2017-14,0.00925926,-0.03023256,-0.00617284,-0.00864232,0.0158195,-0.00038093,0.00330518,-0.00815016,-0.00656814,-0.00473233,-0.00654113,-0.00595238,-0.01170177,0.00104425,-0.00681141,-0.00618288,0.00201114,-0.00371775,-0.00398266,-0.00198265
2017-13,0.00963719,-0.00546605,-0.00849421,0.01969612,0.01796565,0.01672348,0.0174397,0.01905717,0.01078293,0.01781473,0.03348707,0.02084277,0.08495146,0.01704771,0.00931278,-0.03425519,0.033831,0.01640331,0.01648482,0.02347652
2017-12,-0.00455451,-0.00200172,0.00230238,-0.01471813,-0.01204819,-0.00620721,-0.01211009,-0.00150527,-0.00815661,-0.0123095,-0.01388613,-0.00943608,-0.05296053,-0.00968206,-0.00609365,0.02150883,-0.00817739,-0.00874113,-0.00682915,-0.01701183
2017-11,0.02946376,-0.00596252,0.0172956,0.00973845,0.00641368,0.00603028,0.00110011,0.00351847,0.00909515,0.02373183,0.02327448,0.01083032,0.05804749,0.00588389,0.00708307,-0.00415601,0.01197227,0.00864207,0.00614585,0.01604146
2017-10,-0.00088942,0.00517539,0.01286174,0.00782998,0.00330033,-0.00089767,-0.00036819,-0.00175044,-0.00603108,-0.00851439,-0.00696933,0.0043123,-0.02280646,0.00026178,0.00378378,0.01417526,-0.00331806,0.00158491,0.00142416,-0.00488162
2017-09,0.0090063,0.0151471,0.00887097,-0.00277008,0.00139005,-0.00495931,-0.00512445,-0.00492611,0.00440938,-0.02366695,-0.01173021,-0.00839866,-0.09318694,-0.01395825,0.00118919,-0.00672,-0.00727667,-0.00105152,-0.00023655,-0.02957746
2017-08,0.00363636,-0.01574127,-0.00721732,-0.00055757,-0.00717241,-0.00247556,-0.00651466,-0.00563864,-0.01039741,-0.00255973,-0.00644783,-0.00481631,-0.04586902,-0.0008964,-0.00280354,0.01649418,-0.00849421,-0.00412263,-0.00212691,-0.01329601
2017-07,-0.00962696,-0.00202605,-0.00486618,0.00507471,-0.01550388,0.01137171,0.00367242,-0.00417999,0.00023245,0.00520532,-0.00178147,0.00476677,0.01424005,0.0176223,0.00250272,0.0,0.01158546,0.00913312,0.0091138,0.00736517
2017-06,0.00884956,0.00561134,0.02600671,0.01573227,0.01713002,0.01811236,-0.00036765,0.0137397,0.03533654,0.03264095,0.03238289,0.0212963,0.09744064,0.02523617,0.01340275,0.0033033,0.03686405,0.01712382,0.01759316,0.03447439
2017-05,0.00977398,0.00295072,-0.00170648,-0.00170503,0.02770563,-0.00301205,0.00477766,-0.0010015,0.00263599,0.00771742,0.00487013,-0.00596741,0.01896024,0.0,-0.00219732,-0.00877458,-0.00426579,-0.00453776,-0.00557238,0.00482625
2017-04,0.00395257,-0.00464711,0.00943396,0.01550388,0.01882353,0.00884372,0.02011923,0.009,0.00795372,-0.0149604,0.00588116,0.00936092,-0.03138881,-0.00576717,0.00849702,-0.01473241,0.017,0.0122852,0.0127451,-0.00863931
2017-03,0.00550627,0.00673302,0.01219512,-0.00228964,-0.00623145,-0.003612,-0.00224215,0.0060045,-0.00524434,-0.01736902,-0.01252983,-0.00733608,-0.06125783,-0.01360454,-0.0040722,-0.00834824,-0.01370315,-0.00201879,-0.00195814,-0.02096925
2017-02,0.00060957,0.01090159,0.02146691,0.00028662,0.01511944,0.00856005,0.01433421,0.01209982,0.00547749,-0.00286205,0.00557769,0.00381724,0.01749929,0.00534974,0.00721021,-0.00415677,0.01937005,0.00838755,0.00853116,0.00424528
2017-01,0.01958955,0.01858513,0.01183971,-0.00056996,0.01066423,0.013801,0.01375095,0.00427996,0.00743584,-0.00484193,-0.01905503,0.00755814,-0.04295813,0.00632571,0.0145303,-0.03468042,0.03,0.01567224,0.01759899,-0.01329911
2016-52,-0.0006252,-0.00990396,0.01403181,-0.01552795,0.0179471,-0.01588673,-0.01745068,-0.01865208,-0.02131148,-0.01486676,-0.01597998,-0.01557453,-0.0603695,-0.01717024,-0.01332587,0.03592637,-0.03409283,-0.01526597,-0.01653817,-0.01864212
2016-51,-0.00622859,0.0005997,-0.01660517,-0.01204819,-0.01950464,-0.00649609,0.00306748,0.00224831,-0.00560748,-0.03217956,-0.01580952,-0.01063951,-0.09983161,-0.01631794,-0.00078423,0.02010804,0.01785113,-0.00542282,-0.00546245,-0.03541013
2016-50,-0.01258055,-0.00569203,-0.01891892,-0.01463684,-0.00794136,0.00013297,0.00967867,0.007314,-0.00280177,0.00026867,-0.0148608,-0.01715824,-0.0619891,-0.00525831,-0.00390843,-0.02172637,-0.00533067,-0.00477982,-0.00520059,-0.02201673
2016-49,-0.02524503,0.04628767,0.00792952,0.02829924,0.02057108,0.0248191,0.03183962,0.0324145,0.01811765,0.03356259,0.06086786,0.02749886,0.11279098,0.02245689,0.02492886,-0.03924377,0.04545455,0.02678144,0.02401911,0.0367713
2016-48,-0.01419698,0.00473784,-0.01223776,-0.00732394,0.00882168,-0.00863057,-0.02787456,-0.01270648,-0.01245301,-0.00661157,-0.01474057,-0.01378132,-0.04009547,-0.00852424,-0.00618203,0.0,-0.01854419,-0.01257261,-0.01069048,-0.00990322
2016-47,0.01742788,0.01471529,0.0088574,0.01902869,0.01680672,0.01531237,0.00739012,0.015617,0.01935946,0.01845122,0.0329053,0.01558025,0.05931373,0.01274483,0.01172279,-0.02917251,0.02160057,0.01783992,0.0153281,0.02413479
2016-46,0.03363722,0.00322269,0.02367942,0.00516796,-0.02325581,0.01543918,0.01785714,0.02392219,0.02413793,0.0058692,0.00364078,0.00579173,0.06769148,0.01507056,0.01372917,-0.03963578,0.04555639,0.01718326,0.01843916,0.00114548
2016-45,-0.02773545,-0.01298701,-0.03144105,0.02542626,-0.09096029,0.01590457,0.02620803,0.03362734,0.01223776,0.0430334,0.08443154,0.03165327,0.03158181,0.01575791,0.00023496,-0.03636364,0.03337835,0.02069488,0.01556318,0.06172533
2016-44,0.0,-0.03680599,-0.0237467,-0.02323503,-0.0234965,-0.01901845,-0.01848809,-0.01589072,-0.01918764,-0.01434549,-0.02021324,-0.01860409,-0.08306624,-0.02533408,-0.02389318,0.0302797,-0.03829132,-0.01938311,-0.01749967,-0.02749816
2016-43,-0.01542734,0.00594121,-0.02544529,-0.02052786,-0.00970335,-0.02854563,-0.02252615,-0.01742739,-0.03474065,-0.01267315,-0.02700348,-0.01913189,-0.09943943,-0.03988719,-0.01627612,0.03625854,-0.0513245,-0.02561779,-0.02634978,-0.02589307
2016-42,0.00808961,0.01944533,0.01911381,0.0077266,0.01404889,0.01678998,0.01310401,0.0295959,0.00685099,-0.00294551,-0.00870322,0.01093959,0.04034582,0.00723648,0.01326602,-0.01885831,-0.02169077,0.01447568,0.01720259,0.00582807
2016-41,-0.01866908,-0.00998129,-0.03093645,-0.02140584,-0.02297297,-0.00908646,-0.023126,-0.00422773,-0.01393896,-0.00554421,-0.02115059,-0.01203527,-0.02912142,-0.0047081,-0.01026292,0.00796301,0.00446927,-0.01376411,-0.01218564,-0.02048987
2016-40,-0.00778676,0.01790854,0.01633706,0.0,-0.00027042,-0.00605976,-0.01225296,-0.00510349,-0.00669536,0.00886001,-0.0012766,0.00226947,-0.00413625,0.00188501,-0.00242298,0.00482057,-0.00662861,-0.00452154,-0.00310639,0.00954882
2016-39,0.0161931,-0.00063918,0.01399825,0.00699913,0.00669643,0.0147578,0.01856336,0.00952381,0.00119303,-0.00497367,-0.00084602,0.0136655,0.06112974,0.01056481,0.01166997,-0.03787684,0.02937832,0.01223369,0.01590013,0.00574713
2016-38,0.01102266,0.02145373,0.01300954,0.01138022,0.00305047,0.01617365,0.01505902,0.02506558,0.01463181,0.00701139,0.02527308,0.0103752,0.04788069,0.01425856,0.02069371,-0.03095421,0.03560548,0.01580135,0.01557345,0.00237361
2016-37,-0.00060772,-0.03546982,-0.00342759,-0.00697472,-0.00415512,-0.00974003,-0.01243482,-0.01500722,-0.0078534,-0.0052356,-0.01086262,-0.01110315,-0.00903926,-0.00966313,-0.01984768,0.01934135,-0.00624409,-0.00952697,-0.00901725,-0.00542069
2016-36,0.00462963,-0.01910632,-0.00767918,-0.0291929,-0.02677847,-0.0268925,-0.02267303,-0.01242415,-0.03523098,-0.03184532,-0.0235393,-0.0236267,-0.11100501,-0.03204623,-0.02646825,0.01682243,-0.02592928,-0.03064135,-0.03206361,-0.02083333
2016-35,0.01101322,0.01804368,0.02139037,-0.00511073,0.03154305,0.00228976,0.01249496,0.00669578,0.00374532,-0.01319854,-0.00995438,-0.00942518,-0.01307034,-0.00367309,0.00240027,0.0,0.0,-0.00211951,-0.00422265,-0.01586937
2016-34,-0.02286774,-0.00855784,0.00539568,-0.00819904,-0.00859599,-0.01169671,-0.01196649,-0.00580889,-0.01092261,0.00473011,-0.01334976,-0.0105495,-0.02843823,-0.01757106,-0.01001593,0.03445424,-0.02072072,-0.00601284,-0.00587184,-0.01479627
2016-33,-0.01166002,-0.00877468,-0.02782609,-0.00168824,0.00141283,-0.01001431,-0.00788022,-0.00891573,-0.00277906,0.00166898,-0.00387993,-0.00460511,-0.03702052,-0.01099323,-0.00543294,0.01058496,-0.01864556,-0.00860959,-0.00796964,-0.00045269
2016-32,0.02417582,0.00700414,0.03467153,0.01088202,-0.01841518,0.01041236,0.00757878,0.00232288,0.01292597,0.0107832,-0.00144778,0.01247646,0.02995392,0.01520073,0.01266406,-0.00731906,0.01681273,0.00921096,0.00856449,0.01602415
2016-31,0.00831734,0.00678076,0.00646353,-0.0059778,0.01504827,-0.00157934,0.00239521,-0.00693642,0.00305954,0.00254309,-0.00960556,-0.00198923,-0.01817774,-0.00025961,0.00473332,0.0,-0.00250671,-0.00405416,-0.0021612,-0.00231535
2016-30,0.02877698,0.01794454,0.01503759,0.00199203,0.02698781,-0.00219524,-0.00713436,-0.01087268,0.0,0.00170697,-0.00689655,0.00268911,0.04058518,-0.00052002,0.0101257,0.0,-0.01275013,-0.0008109,-0.00139878,0.00324074
2016-29,0.00597411,0.00626236,0.00280374,0.00953206,0.00495482,0.00178596,0.00316206,0.00343741,0.00165094,0.00345523,0.00264874,0.00566974,-0.00261345,0.00287319,0.00198737,0.0,-0.00035682,0.00522321,0.00383534,0.00117041
2016-28,0.02367879,0.03707518,0.01628352,0.00262467,0.00528324,0.00227995,0.00318218,0.02670972,-0.00378788,-0.00458584,0.00537634,0.00417512,-0.03137532,-0.00588005,0.00935686,-0.06771494,0.01184834,0.0005741,-0.00128172,-0.00284562
2016-27,0.0179388,0.02522523,0.00589971,0.03879047,0.01498801,0.02690743,0.03657523,0.02682109,0.02717258,0.02547393,0.04482834,0.03869196,0.08838185,0.02411099,0.02619926,0.00101549,0.04970986,0.0314444,0.03055666,0.04144819
2016-26,0.04561912,0.04039301,0.06701031,0.05764331,0.05651491,0.04970194,0.05516942,0.05472479,0.04980843,0.02839021,0.05498982,0.06178311,0.12423088,0.03868715,0.05002539,-0.04903079,0.10273544,0.05461176,0.05490687,0.05467738
2016-25,-0.03946932,-0.05245684,-0.01988072,-0.02928744,-0.01877501,-0.02409725,-0.03261313,-0.03464755,-0.02294362,-0.00361119,-0.02077088,-0.03691932,-0.02331962,-0.00687569,-0.04124569,0.0,-0.02768635,-0.03073286,-0.03132435,-0.02033226
2016-24,-0.00569896,0.01100791,0.00402414,0.00675261,0.01460081,-0.00365749,-0.00123813,-0.01540284,-0.00269674,0.00544629,0.01739705,0.00759462,-0.00307348,-0.00781893,0.00193705,0.00272682,-0.01675233,0.00247736,0.00187066,0.00963001
2016-23,-0.01910003,-0.03148573,-0.02859867,-0.01080757,-0.01551095,-0.00742207,-0.0212,0.00437573,0.00218129,-0.00713861,-0.00990525,-0.01325712,-0.02662407,-0.00502649,-0.01801484,-0.0125,-0.00849377,-0.01090421,-0.01025776,-0.02203182
2016-22,0.0081646,-0.01401565,-0.00670498,0.0045208,0.02022402,0.00440466,-0.00080321,-0.00174825,0.0,0.00921796,0.0078534,0.00036639,0.00926907,0.00736598,0.0,-0.02007933,0.00457143,0.00193521,-0.00171098,0.00814413
2016-21,0.02402707,0.02895095,0.02197802,0.02887302,0.04810209,0.02260667,0.03035343,0.01561119,0.03175794,0.02123142,0.04086266,0.03023432,0.10205882,0.02365622,0.02447002,-0.02253453,0.02514735,0.02624309,0.02438039,0.03500255
2016-20,-0.01936561,-0.01241611,-0.02588686,-0.00338774,-0.02538877,-0.0092387,-0.01184641,-0.01418645,-0.0173213,-0.0174763,-0.01645541,-0.00698516,-0.01836677,-0.00730128,-0.0097782,0.01902644,-0.01675332,-0.01003231,-0.01141189,-0.00277567
2016-19,0.00237933,-0.00303132,-0.01454898,-0.03816339,0.01197799,-0.02007919,-0.01809409,-0.01971992,-0.0197638,-0.03751804,-0.04033469,-0.03355215,-0.07552788,-0.02649457,-0.01397111,0.01431039,-0.02825599,-0.01870492,-0.01744949,-0.06136581
2016-18,-0.03132212,-0.03033268,-0.03597786,-0.02169452,-0.02156676,-0.01076404,-0.00079936,-0.0184136,-0.02257068,-0.01495972,-0.02116289,-0.01946501,-0.04330499,-0.01365788,-0.0157784,0.01249063,-0.03290574,-0.01582567,-0.01285714,-0.03512058
2016-17,-0.01785124,-0.03133903,-0.02160216,-0.00764481,-0.0003198,-0.00925468,0.00977995,-0.02294348,-0.02074982,-0.00945559,-0.00854336,-0.01357143,0.00280662,-0.01260675,-0.00656737,0.00426493,-0.02299925,-0.00518135,-0.00432673,-0.01420587
2016-16,-0.04493671,0.02157115,-0.00089445,-0.00554745,-0.00346894,-0.01436742,0.00903862,-0.03137679,-0.01627528,-0.00788066,-0.00190597,-0.00248168,-0.05565863,-0.01272776,-0.0017548,0.03829122,-0.0201539,-0.00803978,-0.00961913,-0.00687758
2016-15,0.03263019,0.02925353,0.03914259,0.02285714,0.03562092,0.02379241,0.02332485,0.02358491,0.02665066,0.01264368,0.03802786,0.02413457,0.08953901,0.02797009,0.0200866,-0.02951303,0.0388556,0.02491225,0.02460339,0.042497
2016-14,0.00197239,-0.01793424,0.0056926,-0.01591043,-0.02297735,-0.01334275,-0.01126878,-0.00769231,-0.01480263,-0.02564103,-0.02266839,-0.02056586,-0.05315615,-0.01945683,-0.01141363,0.0085902,-0.01182211,-0.01155436,-0.01191106,-0.03646789
2016-13,0.03796204,-0.01036605,0.02601156,0.02171327,0.03024261,0.02019045,0.02237231,0.02145075,0.01794993,0.02341986,0.02322553,0.01949294,0.06614674,0.01933891,0.0115669,-0.04248129,0.03974016,0.02029678,0.01968135,0.01284109
2016-12,-0.02161808,-0.02498398,-0.03168686,-0.01534829,-0.00527704,-0.0074291,-0.01508169,-0.01598878,-0.0133271,-0.01839465,-0.0234192,-0.01540832,0.01520572,-0.00054975,-0.01212409,0.02625712,-0.0249239,-0.01009672,-0.00747564,-0.01209769
2016-11,0.03805995,0.01107853,0.01821668,0.01193317,0.02002036,0.00676113,0.00969646,0.01481481,0.00800377,0.02043133,0.0172043,0.01492358,-0.00356718,-0.00150788,0.0060961,-0.01039149,0.00947592,0.01227889,0.01052774,0.01241379
2016-10,0.01564626,0.00261523,0.00677638,0.01146651,0.00509684,0.0124369,0.00254022,0.00835013,0.01729107,0.01774804,0.00150376,0.01601663,0.06030632,0.01989074,0.01119221,-0.02012787,0.02468888,0.00957021,0.01192761,0.01255814
2016-09,0.03291317,0.07013259,0.05065856,0.03559163,0.08260234,0.02374552,0.03790216,0.01992966,0.02763512,0.02333826,0.04182681,0.03295455,0.07783019,0.02024234,0.0366742,-0.02367816,0.02809104,0.03281334,0.03066967,0.03458283
2016-08,-0.00973236,-0.01470588,-0.04081633,0.02026599,-0.03827073,0.00932471,0.00310421,0.01363367,0.01737404,0.02731411,0.02937748,0.01430579,0.04929335,0.01437401,0.00163132,-0.01804813,0.05064396,0.0132043,0.00918079,0.03063512
2016-07,0.01530612,0.01480144,0.02561475,0.01707157,0.01797506,0.01662394,0.01237397,0.03498907,0.02831904,0.00740741,0.01728277,0.01817458,0.02711864,0.01104728,0.01577246,-0.01781645,0.05455801,0.01848897,0.01772894,0.01101434
2016-06,0.00834915,-0.0285192,0.01626898,0.01436389,-0.04844291,0.01940962,-0.00467508,0.03996004,0.04134295,0.02283693,-0.00024795,0.01284353,0.06649507,0.02243393,0.0033227,-0.04804237,0.00785662,0.01405838,0.01446187,0.01734888
2016-05,-0.04929078,-0.06338028,-0.03465851,-0.05174603,-0.01785714,-0.05614613,-0.06162346,-0.07456805,-0.08003977,-0.06792676,-0.04503655,-0.04777234,-0.21302534,-0.06355272,-0.05200099,0.14815642,-0.10809665,-0.0575572,-0.05899705,-0.05205688
2016-04,0.07895745,0.02318445,0.00101729,0.03374132,0.0305181,0.02005687,0.03274336,0.01748361,0.01420238,0.02767528,0.04593727,0.03517994,0.05239726,0.01560694,0.0274025,0.00609756,0.01577696,0.02486777,0.02268786,0.03679195
2016-03,0.01630435,-0.00167168,-0.00099305,0.02096506,0.00911641,0.01736111,0.02440106,0.0211904,0.02621434,0.01356768,0.03107769,0.02390005,0.05577265,0.01483205,0.01802147,-0.02032265,0.02457927,0.02248665,0.02145046,0.03296703
2016-02,-0.04004533,-0.03173045,-0.04567541,-0.03555413,-0.04300364,-0.03533199,-0.03243705,-0.04410012,-0.03948349,-0.04873752,-0.02036857,-0.03135249,-0.14281269,-0.03117472,-0.0369727,0.05607074,-0.08246564,-0.03713744,-0.03627894,-0.0412844
2016-01,-0.07210693,-0.07049529,-0.07091562,-0.04700461,-0.0443459,-0.03398199,-0.02861883,-0.04581901,-0.04784575,-0.04567376,-0.05448276,-0.0502003,-0.10509461,-0.03545031,-0.04651441,0.09099549,-0.05826002,-0.04539536,-0.04171779,-0.04631887
2016-00,0.02,-0.00441436,-0.00343938,-0.00989209,0.0025047,-0.00496736,0.00283057,-0.01180994,-0.00710357,0.0002777,-0.00715884,-0.00602929,-0.00355969,-0.00321673,-0.00743322,0.0,0.00094357,-0.00492193,-0.00665513,-0.00697786
2015-51,0.0287642,0.01783061,0.01375752,0.01335357,0.00817353,0.01374397,0.02312139,0.01137309,0.00809436,0.03026842,0.0218281,0.0175241,0.03659234,0.014276,0.01080066,-0.01520824,0.03436957,0.01195185,0.00983695,0.02207506
2015-50,0.02477811,0.01323706,0.01223776,-0.00786211,0.03632199,-0.0086838,0.00165017,-0.00559284,-0.01241379,-0.01131542,-0.0043172,-0.00971599,-0.04219526,-0.00707098,-0.00329373,-0.03922024,-0.01149866,-0.00694742,-0.01032033,-0.01210654
2015-49,-0.04301834,-0.03520512,-0.05661948,-0.03102136,-0.02959151,-0.03203741,-0.04527713,-0.04533333,-0.03319964,-0.03117309,-0.03371031,-0.03342551,-0.08326766,-0.02218935,-0.03696542,0.06550868,-0.0584732,-0.03394473,-0.03484592,-0.01923534
2015-48,0.00955414,0.00261172,0.0,0.00409596,-0.01071204,0.01270738,0.00116595,0.02114804,0.00852974,0.00383142,-0.00129143,-0.00178699,0.03979564,0.01739964,0.00397592,-0.02976336,0.02420686,0.00381774,0.00533715,0.00212264
2015-47,0.00568788,0.00763135,-0.03588907,0.00553774,-0.00158378,0.00049006,0.00038565,-0.00538503,0.00400356,0.01450068,0.02101386,0.00368258,0.01874835,0.00711646,0.00124717,-0.00298954,-0.0009009,0.00123691,-0.00077389,0.02192879
2015-46,0.01027276,0.02567931,0.03101425,0.02832178,0.01525262,0.02454473,0.00776398,0.02319161,0.03317208,0.01967397,0.02286996,0.0273117,0.13393133,0.03206042,0.02498547,-0.00553018,0.0736472,0.02930653,0.03248229,0.02663734
2015-45,-0.0260631,-0.0215721,-0.04376013,-0.04481956,-0.00988836,-0.03051875,-0.01276596,-0.02494635,-0.04327563,-0.03885089,-0.04724919,-0.04605574,-0.14034107,-0.042972,-0.02699611,0.01364855,-0.04733837,-0.0339519,-0.0319539,-0.06451613
2015-44,0.00167673,-0.00869313,0.01364366,-0.00315186,-0.01063497,-0.00131954,-0.00152905,-0.00131441,-0.00369485,0.00353165,-0.01788314,-0.00370542,0.04223776,0.00826788,-0.00752048,0.0,-0.00976736,0.00090364,0.00090498,-0.00158766
2015-43,-0.00135089,-0.00466065,0.01463415,0.00465387,-0.03055301,0.00379134,0.00620877,-0.0157027,-0.00065388,-0.00817661,0.00504732,0.01323721,0.03896865,0.00348238,0.00419358,-0.07652487,0.00577513,0.0075745,0.00970365,0.01440855
2015-42,0.01609038,0.02265276,0.03352892,-0.01016555,0.01133231,0.00970527,0.00986972,0.0167161,-0.02239931,-0.01079914,-0.01086275,0.00143044,0.01196319,0.00140017,0.01746876,0.0,0.01464239,0.0054783,0.01229947,-0.02638763
2015-41,0.03466026,0.00328064,0.01949153,-0.0081042,0.01636813,-0.00193133,0.00917431,-0.00813008,-0.00713822,-0.0077936,-0.01468459,-0.00522441,-0.04716981,-0.0100153,0.00127492,0.0242047,-0.02626149,0.00271555,0.00255858,-0.0041049
2015-40,0.0427713,0.05116133,-0.00596252,0.00995899,0.00122212,0.00833515,0.02214022,0.00915395,-0.00152339,0.01643836,0.01763224,0.01372337,0.01248858,0.00042058,0.01677694,-0.05387132,0.03238469,0.0093699,0.00942365,0.01266406
2015-39,0.04593774,0.05657238,0.10591603,0.02443494,0.05242203,0.03755258,0.04448321,0.025276,0.02383114,0.01110795,0.01265547,0.03698526,0.09322626,0.03471609,0.04354373,-0.05541821,0.03313123,0.04014897,0.04594869,0.02493407
2015-38,-0.04409171,-0.04426683,-0.01646844,-0.01857765,-0.01537476,-0.0201396,-0.03241691,-0.0241162,-0.01061065,-0.01663032,-0.02480364,-0.02276286,-0.02084649,-0.01621774,-0.02280597,0.07315937,-0.03277735,-0.0200259,-0.01865156,-0.02424105
2015-37,0.02006449,0.02431517,0.02073516,0.01058512,-0.01686287,0.00456184,0.02488402,0.00553863,0.00590035,-0.00652706,0.00083229,0.00767544,0.02434211,-0.00241101,0.00856557,-0.0624727,0.01098462,0.00858896,0.00829001,0.0050424
2015-36,-0.02040816,-0.00153563,0.01505174,-0.00639907,0.03292047,-0.00197469,-0.01040799,0.00612643,0.0041521,-0.00378583,-0.02294416,-0.006035,-0.00830406,0.00098772,0.00023966,-0.03131612,-0.01630648,-0.00338954,-0.00027949,-0.01725297
2015-35,-0.02671353,-0.03270595,-0.04450758,-0.01465846,-0.04177057,-0.01029325,-0.01009676,0.01557992,-0.00487481,0.00247185,-0.00900164,-0.01023018,-0.06403313,-0.00985433,-0.02085342,0.02918118,-0.02503505,-0.01498291,-0.01506406,-0.01441117
2015-34,0.0439323,0.06011107,0.06072478,0.05298829,0.08161911,0.0625,0.05288673,0.04986482,0.05310761,0.03696332,0.04525955,0.05222265,0.14010889,0.0436396,0.05331322,-0.06419401,0.10853392,0.05766396,0.05840603,0.06029552
2015-33,-0.08478803,-0.07310628,-0.09623431,-0.06054688,-0.06382979,-0.0636845,-0.07462687,-0.0648198,-0.07047261,-0.06369757,-0.05670304,-0.05497171,-0.15242243,-0.04994556,-0.06236486,0.12246343,-0.11774051,-0.06093815,-0.06004003,-0.06669545
2015-32,-0.03879439,-0.02418208,-0.03688853,-0.00364248,-0.04074378,-0.00413397,-0.01873536,0.00685871,-0.00105374,0.00446311,-0.00078431,-0.01117383,0.02870813,0.00521691,-0.016062,0.00308642,-0.0202847,-0.0071613,-0.00722118,-0.00411344
2015-31,0.0285803,0.01158078,0.02341137,-0.01314318,0.02691337,-0.02344828,-0.04656403,-0.02465166,-0.01071654,-0.00578035,-0.01649525,-0.01337947,-0.00968109,-0.01496395,-0.01176471,0.0,-0.05822915,-0.01935431,-0.02086084,-0.01126761
2015-30,0.03939009,0.0081728,0.01337793,0.02802402,0.04949054,0.02249013,0.01404708,0.0247085,0.02906977,0.025476,0.02677165,0.02495606,0.06318927,0.0144449,0.02298456,0.0,0.05054745,0.02661277,0.02508767,0.02099278
2015-29,-0.0098401,-0.01569187,-0.01417323,-0.01531607,-0.01078014,-0.00860096,-0.02314475,-0.01517204,-0.01344255,-0.02960103,-0.02504744,-0.01567147,0.00295508,-0.00313522,-0.01009308,0.0,-0.01511729,-0.0090187,-0.00426553,-0.03170937
2015-28,0.00462107,-0.00766828,-0.00853375,-0.0055417,0.01639816,0.00747781,0.01375465,-0.00134807,-0.0025226,-0.00512426,-0.01250233,-0.00546075,0.03608563,0.00936768,0.00383099,-0.0562402,0.01209319,0.00315536,0.0045552,-0.00541216
2015-27,-0.00031153,-0.01171875,0.00719424,0.00225416,-0.01579552,0.01568684,0.00988217,0.02042529,0.01210287,0.0206732,0.00915506,0.01001981,0.04001334,0.01918704,0.00931463,-0.00711902,0.03177005,0.00601389,0.0080833,0.01064963
2015-26,0.0665336,0.01502504,0.01003086,0.009375,0.03979653,0.00981033,0.00608828,0.00281611,0.01244541,-0.01613323,-0.00190042,0.01372756,0.01738834,0.00701403,0.01024401,-0.03796394,-0.00188218,0.01249679,0.01428373,0.00299465
2015-25,-0.02229199,0.00108137,-0.02549162,0.00166389,0.00768776,-0.00326403,-0.00185529,-0.00491266,0.00042626,0.00313234,0.00503543,-0.00296296,-0.00992635,-0.00710504,0.00111932,-0.00671141,-0.00293902,0.00016732,0.00027108,0.00438963
2015-24,0.00821485,-0.00081922,-0.01875902,0.02017619,0.03945325,0.01896251,0.01282535,0.02313117,0.01992992,0.02202525,0.01812977,0.02149533,0.05988431,0.02168022,0.01235133,-0.04118404,0.04272031,0.01813516,0.01916933,0.01728922
2015-23,-0.00125471,0.00875034,0.00996441,0.00824566,-0.00773754,0.00809097,0.00037481,0.01393233,0.01455668,0.00725806,0.01152959,0.003159,0.03273604,0.00946372,0.01104845,0.02141423,0.00880551,0.00798283,0.00808362,0.00856164
2015-22,0.01819322,-0.02154255,-0.01381215,0.00481859,-0.04361733,-0.00338154,0.00297619,-0.00222222,0.00262467,0.00321888,0.01880509,0.00513299,-0.00033523,-0.00833922,-0.00682361,0.0,-0.00599475,0.00230671,0.0,0.01706632
2015-21,-0.00885767,-0.00608144,-0.03173531,-0.00056625,0.0141218,0.00137105,0.00262074,0.01188791,0.00021997,-0.00456131,0.0021692,-0.00431286,0.0,-0.00056529,-0.00453875,0.0,0.01290078,-0.00128337,-0.00124757,-0.00365906
2015-20,0.00998185,0.0020915,0.04192872,-0.00028019,-0.00925658,-0.00449006,0.01210745,-0.02849389,-0.00647948,-0.00945875,-0.00058434,0.0017331,-0.04125984,-0.00874757,-0.00157286,0.010823,-0.00369004,0.00272503,0.00082645,-0.0038176
2015-19,0.00847201,0.00052507,0.00637845,0.0005637,0.03524096,0.0070702,0.01466615,-0.00027322,-0.00564972,-0.01462905,-0.00332876,-0.00220597,-0.01047287,0.00307649,0.01071347,0.02178262,-0.00093475,0.00369479,0.00430436,-0.005114
2015-18,-0.00179319,0.00839675,-0.01474719,-0.00028169,-0.01784652,-0.00050226,-0.00840657,0.00938708,0.00567438,0.01548318,0.01283824,0.00069719,0.03120936,0.00871643,0.00385837,0.01929047,-0.01252533,-8.561e-05,0.00124567,0.00621651
2015-17,-0.02775317,-0.02754183,-0.02357836,-0.00811643,-0.00483238,-0.00904172,-0.0173258,-0.01925163,-0.01461423,-0.03031874,-0.0304373,-0.00774746,-0.04545455,-0.01444846,-0.00868878,0.02848101,-0.02854027,-0.00859209,-0.00784368,-0.01712836
2015-16,0.0256565,0.01983602,0.05077263,0.01034965,-0.04208417,0.02266003,0.01293267,0.02326855,0.02103665,0.00282631,0.01731854,0.00715192,0.08458524,0.02201655,0.02068252,-0.02259763,0.03039344,0.01882737,0.0206042,0.01292647
2015-15,-0.03030303,0.00505723,-0.05485232,-0.01419822,-0.03084416,-0.01702919,-0.01440485,-0.01281003,-0.02018033,-0.03474131,-0.01865385,-0.01470588,-0.05880473,-0.02644992,-0.00952272,0.00758068,-0.03494822,-0.01318832,-0.01347035,-0.02684703
2015-14,0.0420042,0.0060622,0.09610984,-0.00166021,0.02416918,0.00753336,0.00569044,0.00934579,0.00581521,0.00477147,-0.00172778,0.00654796,0.01176471,0.00274612,0.00584527,-0.00922747,0.01364741,0.0071153,0.00807574,-0.00083247
2015-13,0.01354263,-0.00292709,0.04270749,-0.00249238,0.01798763,-0.00437339,0.00152149,-0.02339803,-0.00407376,-0.00075056,-0.0049571,0.0017331,-0.00989783,-0.00576765,0.00103986,0.00843973,-0.01669449,0.00068936,0.00013992,-0.00353577
2015-12,-0.01128737,-0.01700319,0.01939292,-0.01652437,-0.02207937,-0.0208555,-0.01920904,-0.01915508,-0.01181271,-0.01621352,-0.01299198,-0.02022626,-0.05139455,-0.01599453,-0.01795517,0.04006302,-0.04642341,-0.02130379,-0.02265819,-0.00898079
2015-11,0.04255319,0.00909091,0.0419214,0.01450893,-0.00662252,0.01253492,0.01873805,0.02212743,0.01706783,0.01293431,0.0230179,0.01628096,0.03451613,0.00701513,0.01364477,-0.02608505,0.02358143,0.01442765,0.01299427,0.02071764
2015-10,-0.04145078,0.00027152,-0.01127493,0.00225925,-0.00984683,-0.00389864,-0.00576923,0.00924415,0.00602544,0.01499483,0.00656194,-0.00561207,0.00132626,0.00041888,-0.00732643,0.00085837,0.00507519,-0.00719861,-0.0089661,0.00758397
2015-09,-0.02707475,-0.01614639,-0.02449324,-0.02003896,-0.00758397,-0.01535824,-0.016,-0.02906667,-0.02171529,-0.00567742,-0.02966432,-0.02600229,-0.05636943,-0.01221713,-0.02128877,0.01543143,-0.02297147,-0.01915185,-0.01907131,-0.01437768
2015-08,-0.03911565,-0.00269469,-0.01256281,0.00197964,0.01707989,0.00311211,0.00076923,-0.00243178,-0.00353045,0.00652571,0.00651787,0.00430433,0.02201468,0.00604017,0.00463929,-0.00604882,0.00624645,0.00669682,0.00789399,0.00259291
2015-07,0.00623229,0.02760144,-0.00166251,0.00943127,0.00820345,0.00854264,0.01516919,0.02405973,0.01690712,-0.00441788,0.01016544,0.0067868,0.01384667,0.00254309,0.01542265,-0.01991197,-0.00248092,0.01017544,0.00952652,0.00564849
2015-06,0.04552217,0.04082806,0.03237095,0.02129522,0.06525522,0.02844064,0.02753392,0.04166667,0.0344186,0.01690885,0.02698283,0.03064672,0.0599929,0.02030822,0.03367372,-0.05255823,0.04905737,0.02986556,0.03070624,0.02582369
2015-05,0.01288197,0.01619902,0.00173762,0.0262765,-0.04542982,0.02847276,0.03643892,0.01478261,0.02430965,0.04880066,0.02997502,0.02420351,0.10291859,0.03105681,0.02184107,-0.08303854,0.0742103,0.03190799,0.03279675,0.02710089
2015-04,-0.01054217,-0.01807229,-0.01030043,-0.02426901,-0.02355808,-0.02353651,-0.03392569,-0.03162608,-0.03398278,-0.02333691,-0.01144492,-0.01971283,-0.01624758,-0.01274165,-0.01775438,0.03735916,-0.05309017,-0.01880907,-0.01847713,-0.03213652
2015-03,0.0322887,0.01284297,0.03094607,0.02603694,0.02229654,0.02569493,0.02580108,0.01027104,0.03528297,0.01971522,0.0229522,0.02702703,0.12478109,0.02861902,0.01724572,-0.05155963,0.0568453,0.02335256,0.02392638,0.03182657
2015-02,0.00154655,0.00266667,-0.01475694,-0.02004126,0.05991189,-0.00884547,-0.00575658,-0.00424689,-0.02160279,-0.01974386,-0.02361564,-0.02022803,-0.05614321,-0.01205178,-0.00150716,0.04261364,-0.0299109,-0.01398019,-0.01190476,-0.02117228
2015-01,0.00339506,0.02360775,0.01665206,0.00890208,0.0287037,0.0119232,0.0090834,0.03358869,0.01288056,0.02046385,0.02045502,0.00712618,0.05307856,0.02260316,0.01345519,-0.02206845,0.02321083,0.00940497,0.00892182,0.01060709
2015-00,-0.01979905,-0.02907311,-0.00262467,-0.01554404,0.01523158,-0.01501727,-0.02682446,-0.01510402,-0.01320282,-0.01068091,-0.01390309,-0.01405934,-0.02794176,-0.00890869,-0.01734457,0.04526586,-0.01566314,-0.01511879,-0.01576642,-0.01190476
2014-51,0.01748041,0.0145518,0.02661934,0.01145711,-0.00999375,0.00945338,0.01080432,0.01222352,0.01484574,0.00729927,0.01445632,0.01166039,0.01756536,0.00570057,0.00937577,-0.0278626,0.01757288,0.00979495,0.00935412,0.0094382
2014-50,-0.00029931,0.0314937,0.00267618,0.02444914,0.00991683,0.02359789,0.03020273,0.02460246,0.01084139,0.02150838,0.01193521,0.02256014,0.0331299,0.01432091,0.0261213,-0.03483755,0.04488172,0.02285822,0.02269243,0.02193995
2014-49,-0.03120485,-0.03227633,-0.02756245,-0.01160714,-0.04283165,-0.0094039,-0.01099349,0.00444313,-0.00651617,0.01445169,0.00126716,-0.01215022,-0.00485009,0.00185672,-0.02049636,0.00715596,-0.01264995,-0.01243158,-0.01338346,0.00581937
2014-48,-0.03180696,0.01184099,0.00337838,0.00863095,0.04252065,0.00583204,0.0,0.01312258,0.02288276,0.00540541,0.01015658,0.01156212,-0.00435161,0.00030955,0.00270736,0.00073937,0.01605554,0.00425296,0.00721046,0.00185185
2014-47,-0.01096843,0.01703233,-0.00328947,0.01011604,0.00276413,0.01905733,0.01537217,0.01615799,0.02170835,0.015044,0.01616968,0.01068927,0.03984409,0.01318238,0.01370034,-0.02579961,0.03980647,0.01463369,0.01508068,0.00432113
2014-46,-0.00133941,0.01414677,0.00164069,0.01711491,0.01545117,0.01095825,0.00618047,0.0003034,0.00527958,0.00956799,0.02796592,0.01870104,0.07119283,0.02024227,0.01529832,-0.01770526,0.01369863,0.01337253,0.01295097,0.02649007
2014-45,0.03420909,0.01487652,0.02396694,0.01642392,0.00595425,0.01728195,0.0128791,0.00787402,0.01084076,0.01376281,0.00259853,0.01563301,0.06805763,0.01603239,0.01521991,-0.03558303,0.03734342,0.01868979,0.01930623,0.01736855
2014-44,-0.04257007,-0.00534442,-0.00740741,0.00877193,-0.00531416,0.00498163,-0.00947672,-0.01531992,0.00536847,0.02611828,0.02113459,0.00308444,0.04010554,0.02015323,-0.00656286,-0.01041494,0.01365597,0.00019273,-0.00125333,0.01983071
2014-43,0.04178045,0.03619632,0.043257,0.01789137,0.02638353,0.0214847,0.02142857,0.02338462,0.03152585,0.02850945,0.04156084,0.02158463,0.05169539,0.01506687,0.0332491,-0.04967772,0.05106918,0.02560807,0.02439416,0.02702703
2014-42,0.01507675,0.00584436,0.0,0.02628121,0.02846859,0.02660811,0.03110151,0.02630745,0.03317659,0.02802548,0.02101535,0.03386834,0.05194805,0.01979167,0.02238502,-0.06552079,0.04934649,0.02350795,0.02336679,0.01924538
2014-41,0.04346575,0.01294601,-0.00166667,0.02113156,-0.02398948,0.00874249,0.01643714,0.03198934,0.02610114,0.00939423,0.03503578,0.02114165,-0.05536131,-0.00630694,0.01210856,-0.00511945,-0.00951604,0.01596411,0.01096491,0.00990357
2014-40,-0.04145078,-0.04632635,-0.00657895,-0.03441621,-0.03086817,-0.02432455,-0.03979891,-0.03866542,-0.04137412,-0.00688791,-0.03111006,-0.03185982,-0.04730832,-0.00547009,-0.03485609,0.056804,-0.04978627,-0.03301374,-0.03075937,-0.02786763
2014-39,-0.0074565,-0.03045102,-0.00497512,-0.00477099,-0.00744819,0.00108869,-0.00496483,-0.00557621,0.00024826,0.00156152,-0.00070012,0.0,0.03231198,0.00978373,-0.0119901,-0.00373134,0.00275413,-0.00098261,-0.00174992,0.00321146
2014-38,-0.00457974,-0.00784753,0.00486618,-0.00815558,-0.01684679,-0.00291594,-0.00412712,0.00310078,-0.00270403,-0.00341827,-0.01016636,-0.00404383,0.01157663,0.00085763,-0.0075855,0.02871431,-0.01588878,-0.00204918,-0.00189573,-0.00833333
2014-37,-0.00159574,-0.0025,-0.01733649,0.00496278,-0.01002506,0.0097836,0.00447883,0.01080914,-0.00144127,0.00521632,-0.00385837,0.00763359,0.0584989,0.01459729,0.00280398,-0.02115901,0.0235525,0.00813717,0.0095927,0.00679942
2014-36,-0.01446281,-0.00302364,-0.03150788,-0.00399018,0.00063151,-0.00778115,0.00080613,-0.00973236,-0.00961313,-0.00848742,-0.00848783,-0.01160566,-0.03259727,-0.00933469,-0.00443319,0.01523007,-0.01269765,-0.0066054,-0.00900202,0.00241022
2014-35,0.00617125,0.00990917,0.01601831,0.00184049,0.0347769,0.00508655,0.00161421,0.00060957,-0.0018696,0.0024368,-0.00067189,0.00511117,0.0375134,0.01713209,0.00619782,-0.01373363,0.00072046,0.00258151,0.00450241,0.0014437
2014-34,-0.02058824,-0.00606395,-0.01742424,-0.00123343,0.01279461,-0.00041129,0.00203335,-0.00847714,-0.00681551,-0.00030609,-0.00739247,-0.00294268,0.01303639,0.00483008,-0.00391562,-0.00191724,-0.00384986,0.0,-0.00031099,0.00363196
2014-33,-0.00536978,0.0,-0.01573034,0.01219894,0.02307957,0.01302496,0.00081136,0.0027582,0.0128909,0.01875,0.01112625,0.01761252,0.10513595,0.02534562,0.00793143,-0.02695167,0.02331349,0.01267551,0.01327434,0.02493766
2014-32,0.01595612,-0.00027917,0.00150602,0.00445151,-0.00350877,0.00747664,0.00785124,0.00465116,0.00242424,-0.01404494,-0.01162791,-0.00079229,-0.01564456,0.00197239,0.00427406,-0.01425356,0.00511509,0.00583985,0.00690541,-0.01299675
2014-31,-0.05558172,-0.01325601,-0.00977444,0.0003198,0.01224343,-0.00847386,-0.02382876,-0.02112676,0.00466945,0.00696203,0.01305361,0.0021254,0.0489418,0.00270612,-0.0090276,-0.00118413,-0.01052091,0.00039789,0.00096884,0.00810948
2014-30,-0.01149695,-0.02515553,-0.00832073,-0.02122268,-0.0148989,-0.0145258,-0.01807955,-0.02067498,-0.02539913,-0.01930863,-0.0279304,-0.0181938,-0.04339378,-0.00955127,-0.02050694,0.04906832,-0.02694459,-0.01854043,-0.01934762,-0.00712287
2014-29,0.01103382,-0.00536049,0.02647975,0.00381316,-0.01055595,-0.00016869,-0.00520416,0.00644172,0.00948444,0.00781739,0.00571559,0.00278588,-0.04166667,-0.00053821,-0.00670801,-0.02157399,-0.00428427,-0.00363958,-0.00557591,-0.00505689
2014-28,-0.0074394,-0.00532056,-0.00920952,-0.00659962,0.02952971,0.00075535,0.01952013,0.00213675,-0.00863309,-0.00926212,-0.00853166,-0.00630252,0.00122699,0.00161002,-0.00276939,-0.0024604,-0.00174564,-0.00234238,-0.00110882,-0.00474644
2014-27,-0.03118455,-0.01193001,-0.01750381,-0.01181592,-0.05782548,-0.00234978,-0.00767367,-0.01325301,-0.00718391,-0.0116066,-0.02865894,-0.00874445,-0.0103912,-0.00321371,-0.01038798,0.00671346,-0.00871731,-0.00796348,-0.00379747,-0.02078748
2014-26,0.02226433,0.01876676,0.02730109,0.01628562,0.04388156,0.01720631,0.01703854,0.01089588,0.01412835,0.01570681,0.01707157,0.02183406,0.06325879,0.01719768,0.01666036,-0.03735934,0.03985692,0.0184694,0.01988773,0.02148148
2014-25,0.02870461,0.00814332,0.02154828,0.00793651,0.01718464,0.00733288,0.02544848,0.00791236,0.00627413,0.00557967,0.00575603,0.00478533,-0.00959693,-0.00323799,0.00584498,-0.00769231,-0.0041184,0.01012507,0.00922181,0.00273088
2014-24,0.01431392,0.01672149,0.00238663,0.01127577,-0.00294551,0.00825664,0.01098901,0.01767442,0.01473116,0.01221422,0.01028163,0.01020956,0.01180328,0.0078125,0.00729834,-0.01428988,0.01941238,0.00680885,0.00537459,0.01360202
2014-23,0.01211372,-0.01251701,0.01117318,-0.01624204,-0.00847158,-0.01827566,-0.01171058,-0.01438629,-0.01483102,-0.01936674,-0.0185022,-0.01720715,-0.06265664,-0.02260993,-0.01332995,0.03066567,-0.03506989,-0.01689389,-0.01732435,-0.01030151
2014-22,-0.02541568,0.0212766,-0.0071885,0.01651554,0.05919583,0.0134533,0.00678541,0.00832562,0.01921182,0.01873829,0.02927161,0.01852854,0.07090301,0.01941924,0.00754958,-0.0190532,0.02452387,0.01527024,0.01547988,0.02320784
2014-21,0.00287356,0.00974659,-0.00080451,0.00194868,0.0015083,0.00562089,-0.01010101,0.00218273,-0.00049334,0.00624805,-0.01674855,0.00326575,0.01155676,0.0106266,0.00542285,-0.00345175,0.00986404,0.00171544,0.00393959,0.00102987
2014-20,0.02261554,0.01804641,0.0,0.01221122,0.04708607,0.01336264,0.0270979,0.02627311,0.02529382,0.00887199,0.01050228,0.01132753,0.00343407,0.00331126,0.01371308,-0.02471536,0.02414266,0.01534817,0.01626698,-0.00796097
2014-19,-0.01984031,-0.0005767,0.0008058,-0.01600261,0.01771654,-0.01299721,-0.02491409,-0.02486452,-0.01553744,-0.01256281,-0.03334074,-0.01558229,-0.04605263,-0.01094691,-0.01101495,0.03005503,-0.04086022,-0.01468489,-0.01378967,-0.01548616
2014-18,-0.03282948,-0.02761341,-0.03426295,-0.01053325,0.0052717,-0.00718668,-0.01381693,-0.02957835,-0.0278834,-0.02196423,-0.01240415,-0.00895934,-0.03733333,-0.00842645,-0.00789474,0.00818762,-0.02688615,-0.01013099,-0.0073468,-0.00412371
2014-17,0.02458424,-0.00168114,0.01286174,0.02562374,-0.01198842,0.01334638,0.01717305,0.03818538,0.03386716,0.01783439,0.02314921,0.01225627,0.0198939,0.00164835,0.01223079,-0.03386187,0.02430168,0.01951169,0.01527236,0.01089494
2014-16,-0.0119578,-0.02277092,-0.02750191,-0.00401875,-0.04122077,-0.0050438,-0.02631579,-0.01861786,-0.02489837,0.00802311,-0.00635641,-0.00360861,-0.02699144,-0.00513196,-0.00906225,0.00531335,0.02161264,-0.00722171,-0.0077259,0.0013113
2014-15,0.00400566,0.01823793,-0.0015163,0.01704158,0.00040486,0.01557296,0.02707424,0.01016841,0.02737563,0.00974659,0.00710195,0.01662674,0.04399441,0.01172748,0.01633856,-0.03164391,0.03779573,0.01586134,0.01660675,0.00502247
2014-14,0.00973178,-0.02040254,0.01712062,-0.01652057,-0.01160464,-0.01657311,-0.02408602,-0.00982256,-0.01429314,-0.01826923,-0.02382558,-0.0177482,-0.06472919,-0.01853211,-0.01811211,0.03070528,-0.03342697,-0.01755479,-0.01812638,-0.02284528
2014-13,0.00046339,-0.02090032,-0.00695518,-0.00653381,-0.01773478,-0.00296555,-0.01988401,-0.02175227,-0.01228378,-0.00031646,-0.00936411,0.0014968,-0.00685358,-0.00090367,0.0007836,-0.00055633,0.00966184,-0.00324412,-0.00116144,0.00767263
2014-12,-0.01963956,0.03518892,0.01822504,-0.00912349,0.06556665,-0.01189649,-0.01603618,-0.02092676,-0.02054964,-0.00666032,-0.01542807,-0.0062713,-0.03692494,-0.00880661,0.00290314,0.03318398,-0.02159424,-0.0109113,-0.01139554,-0.01568429
2014-11,-0.03406055,-0.00852757,0.0055205,-0.00224863,0.0270031,-0.00632154,-0.01392758,-0.00760456,-0.00387973,0.00157035,-0.00386432,-0.00188096,0.0069646,-0.00584485,-0.00859487,0.0085433,-0.01285017,-0.00507009,-0.00617485,0.00050113
2014-10,-0.02613087,-0.02808989,-0.03435115,-0.02153262,-0.01353712,-0.01449153,-0.02678571,-0.01452644,-0.01775432,-0.00784929,-0.01622545,-0.02092438,-0.02019619,-0.00813583,-0.02562132,0.03127294,-0.02862934,-0.01895316,-0.02019554,-0.01636905
2014-09,0.01842509,0.01606992,-0.00224888,0.01894061,0.03259871,0.01814429,0.02410115,0.02725926,0.01946946,0.00537975,0.02496715,0.01123896,0.02477876,0.00712251,0.01988304,-0.04480998,0.03678581,0.01794258,0.01789782,0.02077527
2014-08,0.02497213,0.01205495,0.00527903,0.02279388,-0.01658449,0.02044011,0.00548589,0.01850194,0.01751357,0.02662338,0.01596098,0.02220116,0.10566518,0.03199854,0.01085692,-0.03470867,0.02545069,0.02005644,0.02089503,0.03691099
2014-07,0.00684151,-0.00445558,-0.00745156,0.01227605,0.0,-0.0003502,0.00715421,0.01099908,0.01007049,0.00428195,0.01352281,0.00767018,-0.02664975,-0.00036711,-0.00336962,-0.00439984,0.00242261,0.00101471,-0.00082549,0.00661201
2014-06,0.03437792,0.0338248,0.04021655,0.01902174,-0.00694766,0.01812986,0.02044154,0.02408508,0.02913632,0.02086137,0.02429339,0.0211307,0.04199475,0.01794057,0.02282378,-0.03793467,0.04042673,0.01885034,0.01749075,0.00777897
2014-05,0.03098927,0.03935116,0.03500398,0.04941344,0.03156385,0.04368887,0.04340426,0.04469274,0.04698533,0.0290356,0.03534253,0.05307263,0.1174743,0.03597679,0.04943071,-0.08079583,0.0830292,0.04503627,0.04772807,0.0421317
2014-04,0.02103522,-0.01808786,0.01014041,0.00657895,0.04930966,-0.00181143,0.01417257,0.00802568,-0.00130039,-0.01259112,-0.00023294,0.00057315,-0.05597964,-0.00933358,-0.00869682,0.00563452,-0.01199315,-0.00220635,-0.00664282,-0.01124197
2014-03,-0.07868852,-0.03633361,-0.0513573,-0.02719946,-0.03832117,-0.02082782,-0.02491961,-0.0298278,-0.03193362,-0.02840542,-0.02940516,-0.02240779,-0.05637982,-0.02044169,-0.02793585,0.05313222,-0.03890411,-0.0243778,-0.02352162,-0.02244845
2014-02,0.01527901,0.01488764,-0.0080292,-0.00732357,-0.00503894,0.00194329,0.0,0.01087294,-0.01213773,-0.01487342,0.00156986,-0.00427999,-0.03789593,-0.01115108,0.00572172,0.00814885,0.00439802,0.00203957,0.0011599,-0.00466805
2014-01,0.02740957,0.01503973,0.01319648,0.00753851,0.01135332,0.00971384,-0.00313234,0.00863664,0.01403509,-0.01562021,0.0,0.00392475,0.00645508,0.01288475,0.0082698,-0.01021242,0.01637584,0.00572979,0.00620915,-0.01071251
2014-00,0.00338295,-0.01646665,-0.00576369,-0.00454693,-0.02276786,-0.00121412,-0.00155642,-0.01178248,-0.00199005,0.00362976,-0.0027939,-0.0032163,0.00474183,-0.00141518,-0.00919658,-0.00165815,0.0,-0.00259042,-0.00355987,-0.00466601
2013-51,0.01331497,0.01280956,0.01164483,0.00261609,0.00405954,0.00384414,0.00629426,0.00517977,0.00500125,0.00030377,0.0019489,0.00270673,0.00424854,0.00017746,0.00790155,-0.01185286,0.00990364,0.0062368,0.00490036,0.00024691
2013-50,-0.00669128,-0.00258028,-0.01853172,0.01437166,0.02145139,0.01839779,0.03671617,0.02063145,0.00683891,0.02180006,0.02378835,0.0156423,0.03631285,0.01644677,0.0166998,-0.04745281,0.03856903,0.01581434,0.01566406,0.01895854
2013-49,-0.00488827,-0.01633803,-0.02445842,-0.01064184,-0.04628393,-0.00721282,-0.00537412,-0.0072327,-0.01611685,-0.00652985,-0.01438371,-0.00801548,-0.02139331,-0.01074884,-0.0130092,0.00716239,-0.01691625,-0.00983103,-0.00914077,-0.01104695
2013-48,0.02672123,-0.00893855,0.00420757,-0.00562355,0.03374942,-0.00540301,-0.00082645,0.00157431,-0.00276312,-0.02095354,-0.00088692,-0.00524572,-0.03166227,-0.00464369,-0.00691545,0.02046512,-0.01561216,-0.00234862,-0.00248468,-0.01826709
2013-47,0.01665442,0.01184433,0.02411348,0.0099734,0.02896486,0.0086322,0.01664586,0.00627156,0.01080131,0.01058361,0.01664078,0.01486937,0.03644159,0.00499554,0.00943767,-0.02122642,0.02164262,0.01129248,0.0104965,0.00940361
2013-46,-0.01565888,0.00141123,-0.00964852,0.00500668,-0.03669725,0.00835279,0.01212882,0.01135289,-0.00573852,-0.01042908,0.01874435,0.00319666,-0.00377562,-0.00089429,0.00593433,-0.01511851,0.01695873,0.0070357,0.00637798,-0.00024789
2013-45,0.01098633,0.02224791,0.04628949,0.02648557,0.02772467,0.0195419,0.02899787,0.01488755,0.02111959,0.01639833,0.02176902,0.02414913,0.08380844,0.02511374,0.02368138,-0.03946547,0.03698353,0.02332913,0.02456919,0.0270749
2013-44,-0.01834862,-0.02284908,-0.03460452,-0.01415094,-0.06289028,-0.00589302,-0.00466893,-0.0189972,-0.01284311,-0.00358959,-0.00068855,-0.01160515,-0.02886836,-0.00582242,-0.00958466,0.00632284,-0.01634643,-0.00845776,-0.007631,-0.00483215
2013-43,-0.00694944,-0.01120762,0.01734104,-0.00135639,0.01183432,0.0061288,0.00256301,0.00694225,-0.00402617,0.00516403,-0.00371747,0.01009814,0.02696225,0.00903892,0.00173867,-0.00823804,0.0119743,0.00410786,0.00581893,0.00619515
2013-42,-0.01591015,-0.00222037,-0.04623879,0.01826327,0.00045126,0.01759449,-0.00884956,0.00920927,0.00630676,0.00213155,0.01338971,0.01603351,0.07791372,0.02576246,0.01199784,-0.02724569,0.04337276,0.01547162,0.01790993,0.00181159
2013-41,0.03840509,0.00584633,0.0212766,0.02502644,0.00225734,0.01734104,0.03196147,0.02476377,0.01822382,0.0179845,0.01376364,0.02079033,0.05202703,0.0190825,0.01573403,-0.03484241,0.03462258,0.01784354,0.0163005,0.02194026
2013-40,0.01952929,0.03292894,0.02036364,0.00390348,0.02547476,0.01165254,0.00666371,0.01123224,-0.00336962,0.02257552,0.01453488,0.0093569,0.01880223,0.01731602,0.01642768,-0.03129132,0.00354267,0.00804674,0.01115309,0.00533476
2013-39,0.02189409,0.00515759,0.03494424,0.00916461,0.03304598,0.00747699,0.01372896,0.00591911,0.00724076,0.00660793,0.00795372,0.00249596,0.01561439,0.00900901,0.00221025,-0.02020202,0.0199421,0.00656886,0.00570817,0.00872554
2013-38,0.00127324,0.00452233,-0.00146735,0.00600071,0.01937046,0.00095758,0.01566697,0.01227605,0.00284605,-0.00654206,0.00875912,-0.00204828,-0.00133869,-0.00465748,0.00468966,-0.00344866,-0.0063593,0.00692156,0.00607903,0.0047619
2013-37,0.0113227,0.01078626,-0.0037037,0.01238062,0.0359049,0.01097103,0.01669675,0.00930542,0.00727462,0.03290323,0.01028404,0.00790861,0.05767894,0.01312439,0.01405706,-0.0092171,0.02055895,0.01270437,0.0107604,0.02016129
2013-36,0.02206273,0.0075275,-0.00446761,0.01332853,0.03739262,0.02013622,0.01373626,0.02179094,0.01535204,0.01917355,0.00839714,0.01206794,0.02230216,0.01582532,0.01451338,-0.03146633,0.04659864,0.01679062,0.01759853,0.00869093
2013-35,0.01516405,0.03146747,0.03061224,0.01294858,0.09327304,0.00864669,0.01593999,0.01005548,0.00968002,0.00574324,0.01010611,0.01345154,0.03609831,0.00651731,0.01565014,-0.02673257,0.01114983,0.01023577,0.00971055,0.00835189
2013-34,-0.00280034,-0.03334326,-0.00551615,-0.01435935,-0.03626667,-0.01722936,-0.0199536,-0.02478778,-0.02119767,-0.02506596,-0.0213824,-0.01781939,-0.05131965,-0.01072874,-0.02961898,0.03036832,-0.02380131,-0.01347493,-0.01244428,-0.01213458
2013-33,0.01157211,0.00386445,-0.01015625,0.01419499,0.00105764,0.00874636,0.02463288,0.02288488,0.01369495,0.00832778,0.0179929,0.01654665,0.01965231,0.00629825,0.00953895,-0.01233195,0.00524109,0.01258515,0.01181545,-0.00055096
2013-32,-0.00281294,0.00088942,0.00233463,-0.02741703,-0.01903367,-0.02980293,-0.03463993,-0.02165821,-0.02379085,-0.02511269,-0.02505527,-0.02827535,-0.10977242,-0.03086905,-0.01625212,0.06387139,-0.05718041,-0.03109675,-0.03182065,-0.02923977
2013-31,-0.00422535,-0.00088522,0.01815312,-0.01249554,-0.02693762,-0.01131135,-0.01042611,-0.00202361,-0.00624512,-0.02274163,-0.01291423,-0.00838482,-0.05340114,-0.01490515,-0.00813236,0.01746242,-0.01411614,-0.00949227,-0.00841389,-0.01886298
2013-30,0.03339141,0.02750907,0.0291498,0.03280501,-0.03423094,0.02133908,0.02741636,0.03670045,0.03773585,0.02426399,0.02811951,0.03051821,0.05439893,0.01315015,0.02893752,-0.00541919,0.03792876,0.02707602,0.02565042,0.02411576
2013-29,-0.00913242,-0.00329736,0.02040816,-0.00329188,-0.03744014,0.00165595,-0.00184332,-0.0038115,0.00134844,0.00096899,-0.00770569,-0.00255064,-0.01120633,0.0,-0.0025663,0.0034188,0.00592105,-0.00022525,-0.00018222,0.00348993
2013-28,0.01690469,0.00452762,0.00165153,-0.00146466,0.03150315,0.00097466,-0.00502742,-0.00138169,-0.00402253,0.00948332,-0.01491443,0.0,-0.00199468,0.00433156,0.00530314,-0.00962861,-0.00098328,-0.00078767,0.0,-0.00428266
2013-27,0.01909308,0.03972257,0.0204953,0.02660172,0.0263789,0.02533666,0.03305005,0.0248051,0.02990033,0.02418542,0.03262519,0.0252075,0.06765328,0.02626263,0.03134704,-0.04079976,0.05477576,0.02427799,0.02399554,0.01529637
2013-26,-0.00416295,0.01636189,-0.02016807,0.01222307,0.00327562,0.0150399,0.02093476,0.02221413,0.01354402,0.01410389,0.00769823,0.01347329,0.03141762,0.01263987,0.01738736,-0.0263539,0.02980734,0.01627167,0.017383,0.01630588
2013-25,0.04699248,0.05149331,0.03661726,0.04051344,0.01026393,0.02773661,0.02936709,0.03605677,0.0410104,0.02239602,0.04170051,0.03415591,0.08199493,0.01657106,0.03555064,-0.05862752,0.05202312,0.03667241,0.03400955,0.02681434
2013-24,-0.05477488,-0.03710938,-0.04393816,-0.0381971,-0.05935659,-0.02440275,-0.01866405,-0.03433163,-0.02671213,-0.02594742,-0.03147763,-0.03303585,-0.06491499,-0.02529823,-0.0322824,0.04672719,-0.04249084,-0.02635015,-0.02554254,-0.0301676
2013-23,-0.01482326,-0.03591863,-0.02786624,-0.00230238,-0.0333927,-0.00481952,0.01303258,-0.00801165,-0.00142572,-0.00068729,-0.0074858,0.00173693,-0.01685824,-0.00082593,-0.0120355,0.01284756,-0.00836364,-0.00403705,-0.00576037,-0.01166019
2013-22,-0.01306447,-0.0079694,-0.01472868,0.00422914,-0.0156316,0.00815021,0.00602712,0.00292184,0.00690449,0.00344828,0.00287131,0.00317511,0.01396431,0.00581275,0.00684099,-0.03085096,0.00220669,0.00739063,0.00830116,0.00785634
2013-21,-0.01615188,-0.02812114,-0.01234568,-0.0116937,-0.01840234,-0.02422774,-0.01912702,-0.01191766,0.0022805,-0.00680967,-0.0113607,-0.01794352,-0.04555639,-0.01881391,-0.0218198,0.02555785,-0.03647309,-0.01924431,-0.02144213,-0.00503215
2013-20,-0.04020931,-0.02291022,-0.02534562,-0.01054217,-0.0336894,-0.00597226,-0.0108321,0.00147493,-0.01483595,-0.00412513,-0.01781105,-0.0205057,-0.00829563,0.00185414,-0.02070789,0.01831249,-0.01595745,-0.00973836,-0.0100512,-0.00670017
2013-19,-0.00138658,0.05039526,0.00465116,0.01960031,0.02059689,0.01131845,0.00691017,0.00592154,0.02008149,0.02104525,0.01450805,0.02096469,0.03538462,0.01605839,0.02362679,-0.01884626,-0.01114594,0.01448759,0.0134151,0.02089894
2013-18,0.01412429,0.01804562,0.0140625,0.02075989,0.00042052,0.01869741,0.0150075,0.01191806,0.01355732,0.01282965,0.03782313,0.02059865,0.05460473,0.01672312,0.01533978,-0.03007519,0.03742127,0.02122498,0.01894531,0.02604624
2013-17,0.00314555,0.00377877,0.01510334,0.01757188,0.03014643,0.02036487,0.02411493,0.02884615,0.0213791,0.01967213,0.02344404,0.01907267,0.04549356,0.01701486,0.01622718,-0.03681309,0.04223169,0.02034992,0.01978022,0.02060317
2013-16,0.04527618,0.03970856,0.00726979,0.02622951,0.00931677,0.01052067,0.01667535,0.01679032,0.03148379,0.02090332,0.04810795,0.03324241,0.04817128,0.00584289,0.02425703,-0.01776168,0.01904006,0.01954811,0.01485551,0.03268578
2013-15,0.01299505,0.00296516,0.01927913,0.00289256,0.05813408,0.00443339,0.00797024,0.00988924,0.0063012,0.00872203,0.00442087,0.00051317,-0.01235658,0.00566819,-0.00209542,-0.0090778,0.00161225,0.00371034,0.00472376,-0.00277692
2013-14,0.02522301,0.03140187,0.02591973,0.02423993,0.00046361,0.02004958,0.03918411,0.02158556,0.02759486,0.02889734,0.01995373,0.02369991,0.06781193,0.02280202,0.02174263,-0.03511295,0.05028386,0.02382773,0.02291326,0.03236745
2013-13,-0.01742054,-0.00826136,-0.0269168,-0.00906096,-0.0246688,0.00043582,-0.00961538,-0.00551398,-0.015625,-0.00806452,-0.00583771,-0.00666439,-0.00283286,0.00489869,0.00653275,0.01452421,-0.01349693,-0.00141334,-0.00020687,0.00720326
2013-12,0.02280431,-0.01610542,0.00080775,0.01363073,0.00366133,0.01140476,0.01551632,0.01385042,0.01378446,0.00381388,0.00490479,0.01045236,0.01807802,0.00512135,0.0065083,-0.02992498,0.02324616,0.0092676,0.00890822,0.0009311
2013-11,0.014375,-0.00398551,0.02035831,0.003314,-0.02311111,0.01230462,0.01472192,0.00676752,0.00693132,0.01553398,-0.00258472,0.00068552,0.00979432,0.01588022,0.00374654,-0.02458951,0.01682086,0.00634386,0.00813178,0.00311333
2013-10,-0.00062247,-0.00958807,-0.02734375,0.0012366,-0.00087374,-0.00132231,0.00274123,0.00757576,0.00568182,0.01891253,0.02341235,0.00930233,-0.03244275,-0.0040678,0.00177649,-0.01014003,-0.00293255,0.00064358,0.0,0.01350927
2013-09,0.00565149,0.03850426,0.03415409,0.02322635,0.06189376,0.01603319,0.02467751,0.02786885,0.02329343,0.00997208,0.02857143,0.02690265,0.03861386,0.00616157,0.02521148,-0.03674419,0.04028021,0.02256234,0.02183128,0.02345758
2013-08,0.02377128,0.01916573,0.02258065,0.02977233,-0.01929116,0.02737333,0.02497096,0.02632696,0.02129075,0.02555647,0.01869445,0.02054919,0.07505519,0.02929967,0.02737851,-0.04998913,0.04821511,0.02861838,0.0326783,0.02317881
2013-07,-0.01282854,-0.02083333,-0.0365575,-0.02474832,-0.04708904,-0.01370173,-0.01129944,-0.01765914,-0.02490421,-0.01868045,-0.02573852,-0.02289539,-0.04222451,-0.00861066,-0.01846052,0.01428357,-0.02965914,-0.0192943,-0.01814301,-0.02001907
2013-06,0.00340452,-0.01487252,0.00451467,0.00678541,-0.01674538,0.00193909,0.02922268,-0.00205423,0.00876055,-0.00520625,0.00356295,0.00354673,-0.01345756,-0.00513779,-0.00199369,0.00584363,0.00089485,0.00614234,0.0077737,-0.00482936
2013-05,0.01060512,0.02695811,0.01064639,0.02741514,-0.01908714,0.01736312,0.01856287,0.02061422,0.0154707,0.01544715,0.02304427,0.018582,0.04525862,0.01466068,0.01516939,-0.04462431,0.02977554,0.01816457,0.01840894,0.02466294
2013-04,0.03202283,0.023273,0.00299401,0.00345274,0.04188034,0.00159927,0.00235018,0.01771404,0.0055756,0.00080775,-0.00357888,-0.00107219,-0.01034126,0.00140515,0.00517443,0.00443409,-0.00626679,-0.00293333,-0.00474036,0.00228087
2013-03,-0.00031516,0.00629863,-0.02415813,0.03006189,0.00979557,0.01762932,0.01069519,0.00424088,0.01125828,0.0101916,0.01176116,0.02466654,0.0794702,0.01656805,0.01878808,-0.03369809,0.03521779,0.01853606,0.01901224,0.02362729
2013-02,0.00992635,-0.00036684,0.00073475,0.01435621,-0.01125,0.01788464,0.00721154,0.00515907,0.02168022,0.02912621,0.02804612,0.01976506,0.04941176,0.0218712,0.0109327,-0.03295328,0.0322736,0.01694682,0.01693405,0.03624439
2013-01,0.00514469,0.02271867,0.0036846,0.00634345,-0.00908715,0.00548337,0.01092896,0.00913441,0.00854409,0.00423549,0.00062208,0.00262172,-0.00352941,0.00317073,0.00829302,-0.00977827,0.00927282,0.00583333,0.0051639,-0.00310666
2013-00,0.05413687,0.02232487,0.0304878,0.02883721,0.01773927,0.028348,0.02414861,0.04654315,0.02422984,0.00756939,0.04169339,0.02941742,0.065,0.01558249,0.02184252,-0.05847953,0.0556701,0.0296592,0.0273815,0.02484255
