Week,EMIF,FXU,GII,IDU,IGF,INXX,JXI,PSCU,PUI,RYU,SDP,UPW,VPU,XLU
2019-21,0.0147656,-0.00880282,-0.00748179,-0.01579832,-0.00688583,-0.00175901,-0.01347112,-0.01557936,-0.02018634,-0.01474075,0.03450164,-0.0346492,-0.01588878,-0.01478335
2019-20,0.00636704,0.00523195,0.00946932,0.01422723,0.01202405,-0.02170139,0.01553254,-0.00730769,0.00710534,0.01252181,-0.02855574,0.02730082,0.01425957,0.01647978
2019-19,-0.01847746,0.00712251,0.00614592,0.0027628,0.00760116,0.01488372,0.0005569,0.00114504,0.00495663,0.00113192,-0.00382096,0.00362945,0.00252603,0.00341413
2019-18,-0.02107896,-0.00177054,-0.00118297,-0.00074871,-0.00155659,-0.05762712,0.00187161,-0.01042248,-0.00124922,-0.00187188,0.00534759,-0.00352299,-0.00015468,-0.00034495
2019-17,0.0042508,0.01492537,0.00471884,0.00990911,0.00199601,0.00592217,0.00825671,0.01043643,0.01196474,0.00992478,-0.01430843,0.01826241,0.0102596,0.00934903
2019-16,-0.00423729,-0.00600071,0.00789266,0.01574151,0.00690423,-0.00170213,0.00998493,0.00858943,0.01527689,0.01326316,-0.03120125,0.03105814,0.01593532,0.01502446
2019-15,-0.00385289,-0.01124385,-0.0082224,-0.01534388,-0.00642873,-0.00083963,-0.0124489,-0.01486436,-0.01534126,-0.01757469,0.02847931,-0.03149055,-0.01566721,-0.01563574
2019-14,-0.00659493,0.00635593,0.00452133,0.0093842,0.00155211,-0.00501672,0.00223256,0.0027819,0.00534255,0.00928534,-0.01531151,0.01526176,0.00911144,0.00901369
2019-13,0.00591099,0.00566372,0.00453738,0.00423439,0.00601202,0.00249169,0.00464598,0.01020976,0.00031182,0.00499584,-0.00425532,0.00830095,0.00489396,0.00571231
2019-12,0.00632467,-0.01256983,0.00476853,-0.0060054,0.00448229,0.01617021,-0.0091659,0.00279955,-0.00828221,-0.00717434,0.01581243,-0.01035197,-0.00544855,-0.00632046
2019-11,-0.03885135,0.00139811,-0.00692795,0.0086524,-0.00714605,-0.02081599,0.0044305,-0.01166667,0.00651163,0.0094369,-0.02077784,0.01649412,0.00774353,0.00897016
2019-10,0.01163587,0.01130343,0.01025332,0.01104783,0.01156987,0.01189465,0.01214953,0.00671391,0.00810221,0.01244119,-0.01635021,0.02045172,0.01006476,0.01147228
2019-09,-0.01811966,-0.00248933,0.0,0.00493124,0.0009147,0.05009276,0.00796058,-0.01561629,0.00379627,0.00476796,-0.00821355,0.00910913,0.00434199,0.00563281
2019-08,-0.0307032,-0.00212314,0.00080939,0.00742869,0.00572738,0.00184502,0.00360258,0.00653229,0.0057508,0.00587544,-0.01313131,0.01388889,0.00653439,0.00799858
2019-07,0.0083167,0.00817052,0.01247444,0.01850933,0.01246537,0.02777778,0.01087994,0.00482106,0.01804124,0.01705159,-0.03358025,0.03486169,0.01862302,0.01797591
2019-06,0.00473934,0.01381818,0.01250521,0.0015,0.01458824,-0.01238095,0.00502318,0.02109705,0.00553746,0.00217486,-0.00195027,0.00249712,0.00194948,0.00090498
2019-05,-0.0170227,0.00036417,-0.00373212,0.01800886,-0.00862873,0.00568182,0.00895116,-0.00683501,0.01217506,0.01927124,-0.03571429,0.03436631,0.01767135,0.01898968
2019-04,0.01727057,0.02079465,0.0184088,0.02711383,0.01744325,0.00470367,0.02148399,0.01332304,0.02535497,0.02811291,-0.05193076,0.05526371,0.02649007,0.02790433
2019-03,0.02607204,0.01007463,0.01673461,0.00178678,0.01889993,0.0,0.00838658,0.00619675,0.00302826,0.00466439,-0.00756901,0.00626959,0.00296535,0.00151372
2019-02,0.01363327,0.01131648,0.02085596,0.02272727,0.01940555,-0.0044484,0.01641337,0.01733204,0.03165217,0.01915931,-0.03842869,0.03852013,0.02413613,0.02129719
2019-01,0.03652482,0.01412639,0.02268722,0.01576952,0.01891018,-0.01807229,0.01522224,0.02646351,0.019951,0.01906512,-0.03274451,0.03374432,0.01570997,0.01576317
2019-00,0.02565029,0.01539039,0.02299369,-0.00330306,0.01955307,-0.01096121,0.00794297,0.01138211,-0.00692281,-0.00272325,0.00481611,-0.00339415,-0.00222279,-0.00285551
2018-51,0.02203452,0.02671312,0.03109049,0.023905,0.02983512,0.04290718,0.0172378,0.04068158,0.02213495,0.02446697,-0.04625,0.04718451,0.02388689,0.02461899
2018-50,-0.00182282,-0.02037104,-0.01903076,-0.01441363,-0.0225,0.02633889,-0.01256983,-0.04557012,-0.01802403,-0.01165347,0.023245,-0.02297485,-0.01351575,-0.01330131
2018-49,0.00988287,0.00283487,0.01011879,0.0033239,0.01045296,0.07816969,0.01261581,-0.0028238,0.00097182,0.00459942,-0.0044226,0.00334697,0.00451285,0.00448994
2018-48,-0.01612903,-0.00737619,-0.01105571,0.00620542,-0.00905088,-0.05972696,0.00019697,-0.04784089,0.00556101,0.01051605,-0.01677048,0.01838863,0.00576954,0.0054279
2018-47,0.01729849,0.01908534,0.01058668,0.01848049,0.01044257,0.01385281,0.01225638,0.00269542,0.01271328,0.01839465,-0.03737466,0.03061022,0.01938179,0.02146724
2018-46,-0.00184434,-0.01781896,-0.01536098,-0.01953266,-0.01191658,-0.00426985,-0.01460877,-0.00520646,-0.02050943,-0.01720525,0.03271028,-0.03880655,-0.0176524,-0.01824885
2018-45,0.0265818,0.00322465,0.00840708,7.282e-05,0.00621736,0.04825737,0.00442923,0.004329,0.01212121,-0.00077485,0.00842697,-0.00430528,0.00141184,0.00074102
2018-44,-0.02316323,0.01268116,0.00394564,0.01878248,0.00369731,0.00175747,0.02145923,0.00811542,0.02750696,0.0150782,-0.02628062,0.03400529,0.01921774,0.01809614
2018-43,0.0359955,0.00515464,0.01162791,-0.01510999,0.01136651,0.06337372,-0.00860479,0.01687999,-0.01122807,-0.00691453,0.03482143,-0.02846107,-0.01578725,-0.0180214
2018-42,-0.02006567,-0.03166607,-0.01617486,-0.01643815,-0.01970443,-0.00281426,-0.01666328,-0.04580828,-0.02680412,-0.01404968,0.04119511,-0.0336,-0.01788413,-0.01573918
2018-41,0.00260514,0.02826725,0.01809356,0.02682597,0.01540755,-0.02087114,0.02572614,0.0200361,0.03016485,0.02529915,-0.04525483,0.04836032,0.02628875,0.02578304
2018-40,-0.02701729,-0.02195824,-0.02620275,-0.02175035,-0.0257032,0.03171642,-0.02435065,-0.04451039,-0.0365562,-0.02191257,0.04611212,-0.05207712,-0.02244075,-0.0208529
2018-39,-0.02095915,0.01657459,-0.00786732,0.02086336,-0.00937725,-0.08038029,0.01094815,0.00844922,0.02045134,0.02247712,-0.04840764,0.04604562,0.01961971,0.02207164
2018-38,0.01154401,-0.00256787,-0.00848176,0.00196865,-0.0069561,-0.02181208,-0.00164541,0.02076677,0.0,0.00499129,0.0,-0.00169026,0.00198567,0.0011592
2018-37,0.02044542,-0.01045799,0.0,-0.01728213,-0.00023827,-0.02068417,-0.00384538,-0.0103219,-0.00311742,-0.01325479,0.03240124,-0.03678254,-0.01642105,-0.0173095
2018-36,0.02265973,0.01574515,0.00127687,0.00051879,0.00120135,0.01694915,-0.00121531,0.01589854,0.0069808,0.0003411,-0.00044366,-0.00605938,0.00059127,-0.00131976
2018-35,-0.00622483,0.00369413,-0.00551198,0.0059145,-0.00671946,0.01034208,0.0008185,0.01598256,0.00527426,0.00795206,-0.00616469,0.01108602,0.00632154,0.00725329
2018-34,-0.00964975,-0.00331492,-0.01479167,0.00203528,-0.01365348,0.0,-0.00264658,-0.00236278,0.00035273,-0.00322692,-0.02069858,0.00857382,0.00146123,0.00134383
2018-33,0.00989736,-0.01340094,0.00377834,-0.01073756,0.00189304,0.02039216,-0.00505663,-0.0053918,-0.00659493,-0.01089918,0.02676182,-0.02110129,-0.01030492,-0.01113208
2018-32,-0.01190906,0.02868852,-0.00668896,0.02661107,-0.0016572,0.01521217,0.02062706,0.02874096,0.02625044,0.03068487,-0.0524744,0.0591466,0.02627712,0.02743431
2018-31,-0.0140647,0.00714286,-0.00806618,-0.00535687,-0.0114299,-0.01168224,-0.01342555,-0.00532794,-0.00106157,-0.00069914,0.00860585,-0.01357844,-0.00533747,-0.00653469
2018-30,-0.00552677,0.01475155,0.00435323,0.01714725,0.00023375,0.01098039,0.00594506,0.00903785,0.01485507,0.01759391,-0.03569946,0.03008165,0.01763932,0.01861285
2018-29,0.01933896,0.00980777,0.00415714,0.01113259,0.00680113,0.05624483,0.00819336,0.00641752,0.00762527,0.01550667,-0.01923864,0.01682325,0.01138068,0.01382034
2018-28,0.00956429,-0.01309203,0.00228121,-0.00306443,0.00140252,-0.00747508,-0.001628,-0.01209752,-0.00144456,-0.00664925,0.00375313,-0.00407463,-0.00288411,-0.00371094
2018-27,0.00141894,0.00424383,0.00332226,0.01854594,0.00327332,-0.00563607,0.00964696,-0.01821162,0.01579141,0.01530674,-0.03759095,0.03803381,0.01839346,0.01949473
2018-26,0.02595029,0.02204176,0.02611626,0.0168893,0.02541568,0.004095,0.02620177,0.04574428,0.02664234,0.02222488,-0.03227141,0.04381779,0.01708279,0.01606268
2018-25,-0.0010803,0.00664842,0.01274156,0.0061493,0.01101533,0.0,0.00961941,-0.00429425,0.00772059,0.00845717,-0.01449859,0.02081027,0.00594921,0.00715279
2018-24,-0.0087535,0.01521217,0.00576061,0.02015804,0.00504929,-0.00079936,0.0173225,0.00907372,0.02209524,0.02052566,-0.04303892,0.04113172,0.02078352,0.02124587
2018-23,-0.0261194,0.02379975,0.00514801,0.02899034,0.00653437,-0.03596021,0.01931424,0.0290652,0.03197789,0.02374535,-0.05103837,0.02322097,0.02830816,0.02873563
2018-22,-0.02078445,-0.01247987,-0.01281777,-0.02285436,-0.01133076,0.00691776,-0.01858974,-0.01542912,-0.02990159,-0.02233375,0.04988831,-0.07016317,-0.02264116,-0.02242525
2018-21,0.01822558,-0.00240385,0.01346363,-0.00631899,0.01198337,0.01458173,0.0006413,0.00877364,-0.00670641,-0.00608544,0.01767871,-0.01253191,-0.00556671,-0.00573418
2018-20,-0.00960901,0.01216052,-0.00722789,0.02554415,-0.00884744,0.01648352,0.00403997,-0.01086324,0.02265745,0.02361605,-0.05913978,0.04400681,0.02530222,0.02562487
2018-19,-0.0247117,-0.0176,-0.02625,-0.02346774,-0.02491187,-0.03504847,-0.01782718,-0.00019535,-0.01925982,-0.02256295,0.06512685,-0.05005931,-0.02282559,-0.02390274
2018-18,0.00801871,-0.00554675,0.00271796,-0.01471985,0.00141176,-0.01451379,-0.01485149,-0.00443502,-0.01188707,-0.01272483,0.03191903,-0.02653061,-0.01499142,-0.01675414
2018-17,-0.01303781,0.00078989,0.00503461,0.00220803,0.00638751,-0.0248227,0.00288719,0.02726734,0.01766917,0.00182571,-0.00353635,-0.00988542,0.00252343,-0.00100301
2018-16,0.01660697,0.02747909,0.01141167,0.02746809,0.01265218,0.0042735,0.02211457,0.00611923,0.02695418,0.02951107,-0.06359241,0.05802937,0.0276906,0.02753802
2018-15,-0.01063487,-0.00159109,-0.00732831,-0.00314821,-0.00379147,-0.00636042,-0.00356843,-0.00039502,0.00232919,-0.00522908,0.00560957,0.00212214,-0.00267626,-0.00348361
2018-14,0.00777958,0.00161616,0.00424809,-0.01235864,0.00407772,0.00498221,-0.00734985,0.00322516,-0.01470588,-0.01905941,0.03065421,-0.01441058,-0.01256699,-0.01453429
2018-13,-0.00289948,0.01021242,0.01524058,0.00668024,0.00902879,0.01303403,0.01478149,0.03520833,0.01295133,0.00665996,-0.00848083,0.03473054,0.00652133,0.00556931
2018-12,0.00542611,0.0193575,0.01164546,0.02075783,0.00851789,0.00072098,0.02280551,0.01280198,0.02261008,0.02466454,-0.04066211,0.0474668,0.02006594,0.0194033
2018-11,-0.01952625,-0.02197802,-0.02345916,-0.01814318,-0.02288054,-0.02327273,-0.01271552,-0.00841198,-0.01814596,-0.0174551,0.03164787,-0.03447445,-0.01795064,-0.01760563
2018-10,-0.01074589,0.01801802,-0.00881242,0.02055873,-0.00688673,-0.02026555,0.01563518,0.00224352,0.01877747,0.02080143,-0.0466761,0.04489087,0.02077996,0.02058824
2018-09,-0.00126103,-0.0045045,0.01108742,-0.00842418,0.01324982,-0.01113431,0.00305744,0.00620091,-0.00759089,-0.01078954,0.02005013,-0.01093168,-0.00841687,-0.01085368
2018-08,-0.03294335,-0.0168447,-0.02967607,-0.02519698,-0.03063148,-0.03164983,-0.02627611,-0.03970173,-0.0382643,-0.02287086,0.05471014,-0.06276953,-0.02572528,-0.02512458
2018-07,0.01145866,0.01793909,0.00021,0.01772341,-0.00236072,0.01171606,0.01931943,0.01289398,0.02040816,0.01492537,-0.03949668,0.03966076,0.01703464,0.01790982
2018-06,0.0294397,0.03283582,0.02190091,0.02302715,0.02376951,-0.01143241,0.02581219,0.02656704,0.02257154,0.02703054,-0.04416296,0.03717659,0.02247839,0.02449936
2018-05,-0.00976686,-0.01355932,-0.0225358,-0.00755604,-0.01599809,0.02591036,-0.01038445,-0.0157513,-0.00890328,-0.0112943,0.00993151,-0.01517067,-0.00682233,-0.01019758
2018-04,-0.03026706,-0.02062273,-0.02763316,-0.01263141,-0.02575107,-0.06576402,-0.0154825,-0.02436149,-0.01704766,-0.01523286,0.02495479,-0.03339605,-0.01146426,-0.00992966
2018-03,0.03169333,0.01665313,0.00738228,0.01902419,0.00855086,0.00385356,0.01186189,-0.00019512,0.01757126,0.01896747,-0.02773775,0.04016354,0.01846644,0.0195711
2018-02,0.01467441,0.00285481,0.00483286,-0.00204801,0.0045403,0.00192308,-0.005074,-0.00353774,-0.00429688,-0.00063012,0.00107759,-0.00239406,-0.00140647,-0.00311785
2018-01,-0.00965892,-0.02411067,-0.00919081,-0.02981524,-0.00991885,-0.00740741,-0.01815905,-0.00252771,-0.03684211,-0.02483484,0.05922812,-0.06136618,-0.03073436,-0.02997385
2018-00,0.01287554,-0.00436335,0.00805802,-0.01651073,0.00977717,0.04020421,-0.00083665,-0.01242236,-0.01602086,-0.01255485,0.02874903,-0.03354668,-0.0160216,-0.01637707
2017-52,0.00849057,0.00597372,0.00734994,0.00992751,0.00505631,0.00776197,0.00586879,0.00486098,0.01453055,0.00696141,-0.02098717,0.01633194,0.01027768,0.01039584
2017-51,-0.02091136,-0.04220532,-0.01289283,-0.03338633,-0.02509523,0.01255783,-0.02506623,-0.02685325,-0.02841727,-0.03246677,0.06714226,-0.06514658,-0.03354425,-0.03601533
2017-50,0.00537295,-0.01310371,-0.00402414,-0.01307624,-0.00447227,0.00200133,-0.01561562,-0.01021925,-0.01958042,-0.0066179,0.02787611,-0.0086444,-0.01338189,-0.01197829
2017-49,-0.01371999,-0.00824279,-0.00521879,-0.00428994,-0.00178891,0.02469136,-0.00160192,-0.02312033,-0.00731962,-0.00731792,0.01496479,-0.01361073,-0.0038155,-0.00393848
2017-48,-0.00313283,0.00829563,0.0085003,0.00555227,0.01127904,-0.02990033,0.00762899,0.01493638,0.00733753,0.01027197,-0.00832238,0.01128844,0.00653539,0.00524934
2017-47,0.01293375,0.00341426,0.01644399,0.00365863,0.01879441,0.01486486,0.00749747,0.0105382,0.0,0.00199788,-0.00861326,0.00533491,0.00325203,0.00434865
2017-46,-0.00313775,-0.00075557,-0.00429887,-0.00422473,-0.00704545,0.0047749,-0.00862069,0.02076125,0.00422535,-0.00385154,0.00832603,-0.01125558,-0.00391023,-0.00636823
2017-45,-0.02401216,-0.00379363,-0.00182964,0.00838875,-0.00135655,-0.02801303,0.00403307,-0.00210849,0.00177936,0.00520895,-0.01175976,0.01533185,0.0071849,0.00918133
2017-44,-0.00547778,-0.0026475,0.0030656,0.00211321,0.0018186,0.00328299,0.0,-0.02700169,0.00500179,0.00320323,-0.00379587,0.0129476,0.0019891,0.00267482
2017-43,0.00453309,0.0,-0.00429009,0.00348195,-0.00544588,0.02358491,-0.00323037,0.01729974,0.00428878,-0.00530973,-0.00708924,0.00773301,0.00338336,0.00287466
2017-42,-0.00239593,0.00490751,0.00428047,0.01560698,0.00181036,-0.00338983,0.00979792,0.0086858,0.01563068,0.00953743,-0.02836305,0.02683438,0.01505945,0.01538162
2017-41,0.01488909,0.00415565,0.01647107,0.0117236,0.01559275,0.04273504,0.01675284,0.00376081,0.00728863,0.01082121,-0.0206924,0.02240239,0.01227649,0.01219272
2017-40,0.00607533,0.00341556,-0.00308769,0.00460865,-0.00251947,0.02474527,-0.00310752,0.01723148,0.00110011,0.00581818,-0.00394789,0.00863185,0.00474315,0.00554346
2017-39,0.00121581,-0.01575985,-0.00511038,-0.01146043,-0.00680735,0.0147167,-0.01166598,-0.00058038,-0.01563636,-0.01520776,0.023126,-0.01377994,-0.0115371,-0.01233843
2017-38,-0.00686362,-0.01198502,-0.00848999,-0.01718187,-0.01010782,-0.04846416,-0.01418152,-0.00233599,-0.01763859,-0.01064339,0.02705977,-0.03083976,-0.01750682,-0.01766647
2017-37,0.00717918,-0.0073692,-0.01253731,-0.0129071,-0.01173865,0.00206044,-0.01742229,-0.00232739,-0.01195499,-0.01054482,0.02378929,-0.02346391,-0.01197347,-0.01196127
2017-36,0.01809261,-0.00074102,0.00888889,0.00762777,0.00923423,0.01489362,0.01312336,-0.01561905,0.00392577,0.00189237,-0.01602301,0.01686202,0.0070922,0.0075246
2017-35,0.02248922,-0.00625,0.00688398,-0.00705722,0.00631484,0.0177683,-0.01938675,0.01404116,-0.00498221,-0.00704391,0.01578073,-0.01117432,-0.00645105,-0.00786797
2017-34,0.01493931,0.01269604,0.01556739,0.00897308,0.01322691,0.01158581,0.00679185,0.01642229,0.01190047,0.00745827,-0.02384802,0.01825347,0.00889398,0.00813953
2017-33,0.00589879,-0.00223964,0.00494336,0.00743898,0.0038964,0.01675164,0.00888889,-0.01335398,0.0007249,0.00178486,-0.01157223,0.00842283,0.00649177,0.00823691
2017-32,-0.02625954,-0.01078869,-0.01668362,-0.00264303,-0.01697985,-0.05337079,-0.00566802,-0.00445391,-0.00291015,-0.00512698,0.01030928,0.00276772,-0.00454424,-0.00373354
2017-31,0.00060957,0.00487622,0.00573301,0.01084906,0.00845135,0.01792115,0.0131309,0.0317492,0.01032448,0.00444925,-0.0229797,0.00892663,0.00865177,0.0103565
2017-30,-0.01025332,0.00797267,-0.00226198,0.00411881,-0.00091827,0.01090116,0.00206654,-0.00159046,-0.00110865,0.00485496,-0.01330798,-0.00504054,0.00481906,0.00481928
2017-29,0.01437309,0.01880276,0.01838696,0.02411963,0.01674029,-0.00725689,0.01628392,0.04355866,0.02986767,0.01964175,-0.0329142,0.05288352,0.02372162,0.02154034
2017-28,0.04115226,0.00736434,0.02214651,0.0104311,0.02256532,0.01920236,0.0142311,-0.0061589,0.00687548,0.0199621,-0.01666667,0.01387604,0.00907136,0.00906469
2017-27,-0.00031959,-0.01068702,-0.00783732,-0.00396697,-0.00401606,0.01374046,-0.00443975,-0.01287986,-0.00492051,-0.00787008,0.00729395,-0.00760544,-0.00334697,-0.00450912
2017-26,0.00579524,-0.02455357,-0.00943792,-0.03003285,-0.00816422,-0.00154321,-0.02922542,-0.00560336,-0.025,-0.03079338,0.05622804,-0.07177849,-0.02857913,-0.03007519
2017-25,-0.00161603,-0.01509017,-0.00563674,-0.01399036,-0.01112914,-0.01526718,-0.01200407,-0.01211038,-0.01313389,-0.01536061,0.01810311,-0.0158663,-0.01392608,-0.01317083
2017-24,0.00752864,0.01373932,0.01500423,0.01860318,0.01339286,-0.00230061,0.01817056,0.00098155,0.0210643,0.01259995,-0.02850539,0.02492955,0.01792017,0.0181528
2017-23,-0.00292018,-0.00812408,-0.00773897,-0.00562852,-0.00650558,-0.00832073,-0.00225041,0.01277955,-0.00331126,-0.00470503,0.01519283,-0.00916844,-0.00503371,-0.00809797
2017-22,0.00918033,0.01532138,0.01641091,0.01419894,0.01916706,0.01298701,0.01406994,0.03188228,0.0167162,0.01536585,-0.03089245,0.01997828,0.01470188,0.01316577
2017-21,0.02000667,0.00944822,0.00213858,0.01672967,0.00666032,-0.00902256,0.0117573,0.0151641,0.01973435,0.01406697,-0.03610906,0.04091429,0.01702443,0.01647681
2017-20,-0.03014753,0.00882917,0.00673767,0.00235849,0.00602265,-0.02883922,0.01304255,-0.01240695,-0.00191058,-0.00075358,-0.00359712,0.00396178,0.00140239,0.00246863
2017-19,0.02209034,-0.00308048,-0.00369967,0.00016327,-0.00145138,0.02763256,0.0010755,-0.01189256,-0.00229183,-0.00352157,0.00250627,0.00395625,0.00018785,0.00041331
2017-18,-0.00652742,-0.01374046,0.01697531,0.00656976,0.01689934,-0.00298507,0.01701942,-0.01031136,0.00229008,-0.00113336,-0.00355745,-0.01017751,0.00585292,0.00665419
2017-17,-0.00228908,-0.00302916,-0.00570801,-0.00560565,-0.00073386,0.00827068,-0.01056034,-0.0046,-0.00378358,-0.00522258,0.00970176,-0.01273738,-0.00532561,-0.00575421
2017-16,-0.02347267,-0.00680272,-0.01170753,-0.00422558,-0.01131055,-0.00537634,-0.01102226,0.00261359,-0.00528901,-0.00657731,0.00286841,-0.00069654,-0.00467202,-0.00349938
2017-15,0.0016276,-0.0003811,0.00044504,0.00286744,0.0027248,-0.01595745,0.00261438,-0.00121926,0.00152381,0.00413275,-0.0042735,0.00116986,0.00282619,0.00373599
2017-14,-0.00517799,0.00114767,0.00311665,0.00254955,0.00173956,0.02332815,0.00196635,0.05476498,0.00652842,0.00491865,-0.01431065,0.01017511,0.00293311,0.00208333
2017-13,0.00424975,0.00344168,0.00581525,-0.00604822,0.00424046,0.02491961,0.00043611,0.0125514,-0.0003827,-0.00552903,0.00319375,-0.01902111,-0.00554772,-0.00744263
2017-12,0.00427491,0.00497512,0.01574264,0.01941103,0.01471708,-0.01350278,0.02183601,0.00714131,0.01708738,0.01587302,-0.03785272,0.04645006,0.01908215,0.01973961
2017-11,0.02510176,0.01075682,0.01505675,0.01124344,0.01776519,0.01384365,0.01121579,0.03657449,0.01604697,0.00992998,-0.03333333,0.03239062,0.01139956,0.00990099
2017-10,-0.00374659,-0.00877863,-0.0009223,-0.00942928,-0.00180087,-0.00666667,-0.00824788,-0.01108156,-0.01395349,-0.0091047,0.02006226,-0.01743492,-0.00998953,-0.00879581
2017-09,0.01515152,-0.0045283,0.00836043,0.00463999,0.00386598,0.00167645,0.00987876,-0.02403433,0.00662252,0.00252717,-0.00379572,-0.00356379,0.00476781,0.00440806
2017-08,-0.01055499,0.01330798,0.00023229,0.02790027,0.00259202,-0.0090834,0.01524113,-0.00172563,0.02019002,0.02428058,-0.04772877,0.08546347,0.02769381,0.02987962
2017-07,0.00034317,0.0034749,-0.00418313,-0.00025692,-0.00389408,-0.00995025,-0.00045924,-0.00695652,0.0016,0.00090968,0.0128783,-0.00488306,0.00039428,0.00086957
2017-06,0.02950587,0.0129007,0.01731088,0.01007732,0.01667549,0.0125523,0.01851852,0.01636082,0.01176948,0.00735101,-0.01479849,0.02186512,0.00969321,0.01015004
2017-05,0.01396348,0.00781861,0.01942912,0.01183588,0.01522436,0.01888412,0.00799624,0.00593146,0.01683087,0.01203863,-0.03330278,0.02734584,0.01037679,0.0095598
2017-04,-0.00107411,0.0011705,-0.00758833,0.00017524,-0.00448904,0.03584229,-0.00444133,0.00856955,0.00245801,-0.00210748,0.00122888,-0.0153196,0.00100847,0.0
2017-03,0.00218103,-0.0058072,-0.00636492,-0.00916321,-0.00394841,0.0,-0.00763359,-0.01148927,-0.00407,-0.00690914,0.02797203,-0.00786164,-0.00816083,-0.00812473
2017-02,0.00583729,0.00470404,0.01148875,0.00766385,0.00745077,0.0252809,0.00660066,0.00678931,0.0120282,0.00677111,-0.01250381,0.01050364,0.00831053,0.00670391
2017-01,0.00994109,0.00427849,0.01009373,0.00858519,0.01046137,0.02578797,0.00896226,-0.00192843,0.00781571,0.00952003,0.00061652,0.02485966,0.00775662,0.00777778
2016-52,0.01918014,-0.00779423,0.00169205,-0.00269988,-0.00353453,0.0218254,-0.00119474,-0.01689478,-0.00531263,-0.00330688,0.00623053,-0.00159405,-0.00110254,-0.00154936
2016-51,-0.00600826,0.00156495,0.00072394,0.00034895,-0.00054422,-0.02027027,0.003848,0.0,0.00287003,-0.00145387,-0.00460264,0.00478723,-0.000401,0.00022158
2016-50,-0.01001484,0.01072706,0.01049036,0.00758578,0.00493421,-0.02902622,-0.00048263,-0.00195059,0.00330989,0.00750067,-0.01803969,0.01272334,0.00710227,0.00875028
2016-49,0.02097378,0.02867677,0.01141439,0.02510498,0.0162374,0.02077432,0.0244389,0.03316155,0.02525685,0.02797784,-0.04664232,0.04505022,0.02528326,0.02343387
2016-48,-0.02498163,-0.02681072,-0.00987411,-0.02834548,-0.01002506,0.01450677,-0.01911296,-0.03393913,-0.02962036,-0.02975229,0.0605613,-0.05861505,-0.028326,-0.02623841
2016-47,0.0044428,0.01109285,0.008,0.00821918,0.00647158,0.01694915,0.00726271,0.02374491,0.01329901,0.01011501,-0.01502504,0.00808548,0.00861164,0.00813386
2016-46,0.02555301,0.01222597,0.01175869,0.00604089,0.01121657,-0.03409091,-0.00176857,0.01674419,0.01184211,0.008206,-0.01919488,0.02015038,0.0077063,0.00638147
2016-45,-0.08672936,-0.02028986,-0.04820439,-0.05226051,-0.05109489,-0.06948109,-0.05890669,0.01946819,-0.03510998,-0.04325424,0.11694511,-0.09227872,-0.04993897,-0.05659537
2016-44,-0.03294036,-0.04085761,-0.02480324,-0.03189917,-0.02469799,-0.03231441,-0.02445842,-0.00985577,-0.03420943,-0.03541001,0.06018943,-0.061738,-0.03091438,-0.03012976
2016-43,-0.03152247,0.00657354,-0.01942207,0.00561547,-0.01041111,-0.01724138,0.00426136,-0.0039072,0.00340716,0.00761905,-0.00892857,0.00961538,0.00566135,0.00564079
2016-42,0.01227831,0.0,0.01176471,-0.00044727,0.01243579,0.02116402,0.00548272,0.0022162,0.00042717,0.00259563,0.00057372,-0.00220204,0.00072322,-0.00022645
2016-41,-0.01813907,0.00083229,-0.00548402,0.00587703,-0.00724832,-0.01797945,0.00575678,-0.006141,0.00214961,-0.00041192,-0.01851852,0.00532959,0.00448384,0.00503432
2016-40,-0.00271278,-0.01856436,-0.0320781,-0.02541093,-0.03039832,0.0078125,-0.03331004,-0.03240629,-0.03352892,-0.02536085,0.0468841,-0.05609493,-0.02573831,-0.02453297
2016-39,0.00273224,-0.02626343,0.00742287,-0.03451777,0.00338895,0.0008881,-0.01653454,-0.01376038,-0.02969502,-0.03309297,0.0698942,-0.06129985,-0.03508258,-0.03573721
2016-38,0.01953393,0.02109533,0.01307495,0.02376837,0.01713231,0.00973451,0.02003224,0.02024584,0.02931462,0.0244769,-0.05783866,0.05265862,0.02458034,0.02381993
2016-37,-0.02420168,-0.00406504,-0.02079002,0.00606167,-0.01797343,-0.0053286,-0.01103448,0.00097442,0.00419815,0.0025276,-0.0130139,0.00846785,0.00598985,0.00733659
2016-36,-0.02616945,-0.02536232,-0.01485375,-0.03224691,-0.01903292,-0.01981051,-0.02740657,-0.01621883,-0.03139199,-0.0327976,0.05896657,-0.05721584,-0.03193932,-0.03409091
2016-35,0.01723555,0.0036645,0.00537383,0.00096213,-0.00828586,0.02570922,-0.00795274,-0.00530632,0.00251151,-0.00039667,-0.00266588,0.0086865,0.00242571,0.00154902
2016-34,-0.00812458,-0.016956,-0.01773785,-0.02349802,-0.015629,-0.002693,-0.01949798,-0.01083032,-0.02472188,-0.02189496,0.0456482,-0.04682359,-0.02279287,-0.02479878
2016-33,-0.00266934,-0.00882471,0.0,0.00181645,0.0,0.01604278,-0.0064819,-0.01358437,-0.00123711,-0.00390727,-0.00060441,0.00153492,0.00170017,0.00306279
2016-32,0.01712915,-0.00238284,0.00671607,0.00222108,0.00824317,-0.01588703,0.00422692,-0.00235294,0.00040617,0.001288,-0.00185128,0.01428213,0.00217391,0.00367568
2016-31,0.01253482,-0.01871345,0.00326416,-0.02514153,0.00285048,0.00625,-0.02006543,-0.03585927,-0.03057624,-0.02574083,0.04700162,-0.04410719,-0.0238921,-0.02712363
2016-30,0.01796407,-0.00847458,0.01188811,-0.00988549,0.01063278,0.02898551,-0.00151679,-0.00803751,-0.00468019,-0.0103909,0.01690981,-0.02224797,-0.00962914,-0.01061615
2016-29,0.01196762,0.00858704,0.00396178,0.01088673,0.00337137,0.02228412,0.00764526,0.00828482,0.0082224,0.00845771,-0.02079948,0.01643192,0.01076923,0.0117746
2016-28,0.00680516,0.00508011,0.00141011,-0.00940516,0.0052356,0.00837989,-0.00500871,0.00066905,-0.00931315,-0.00323062,0.01645278,-0.01909197,-0.00878869,-0.00960735
2016-27,0.00985761,0.00314837,0.00933461,-0.00541383,0.00503045,0.01714286,-0.0039267,-0.00022356,-0.00961908,-0.00297214,0.00698835,-0.03297703,-0.00588682,-0.00622148
2016-26,0.06730038,0.04185474,0.05925182,0.02755171,0.05820106,0.07215447,0.05374368,0.03512445,0.03117506,0.03672207,-0.04604854,0.05378973,0.02868651,0.0283627
2016-25,-0.0216355,0.00082203,-0.02827702,0.00146023,-0.03604806,-0.03158934,-0.02956989,0.00700444,0.00689655,-0.00051713,-0.01849045,0.00704403,0.0008957,0.00087089
2016-24,0.00188041,0.00912484,0.00268358,0.00698095,0.0076232,0.01407035,0.00888383,0.01277804,0.00692747,0.00911577,0.00150648,0.00575144,0.00688967,0.00897352
2016-23,-0.01179941,0.00414766,-0.00887716,0.01114012,-0.01201602,0.00298507,0.00294918,0.02050663,0.01112026,0.00456561,-0.02260053,0.01900848,0.01108647,0.01127321
2016-22,0.00447094,0.01133501,0.01831949,0.01931254,0.01223158,0.00704225,0.01266697,0.0151998,0.02184874,0.01872013,-0.03972758,0.04473614,0.01982741,0.01889339
2016-21,0.00451807,0.0224622,0.0111331,0.02119531,0.01406509,0.03954214,0.02189781,0.0259773,0.02518454,0.02335427,-0.03428726,0.02717087,0.02173913,0.02009238
2016-20,-0.01872934,-0.01807482,-0.01678424,-0.02360194,-0.01137903,-0.017294,-0.02040816,-0.02347188,-0.02721943,-0.02223104,0.04619333,-0.04575509,-0.02328669,-0.02347418
2016-19,0.00111441,0.00338266,-0.00123701,0.00496586,0.00246981,-0.01807229,0.00184374,0.00617284,0.00506543,0.00372687,-0.00763143,0.0181527,0.00534869,0.00562683
2016-18,-0.01050344,-0.00757257,-0.01146341,0.00214439,-0.01506997,-0.01402806,-0.00960439,0.00074257,0.01114923,-0.00160149,-0.00503356,-0.00699677,0.00217571,0.000453
2016-17,0.00250627,0.00852878,0.02067763,0.02113194,0.01875862,0.00808898,0.01882297,0.00607903,0.02298851,0.0194281,-0.03501437,0.03214696,0.02099989,0.02050326
2016-16,-0.00777385,-0.02337229,-0.00124595,-0.03334815,-0.00628931,-0.0059761,-0.02514552,-0.0181592,-0.03005582,-0.02873105,0.07210999,-0.07807888,-0.0336464,-0.03536036
2016-15,0.01943844,0.01144553,0.00854486,0.00592088,0.01058496,0.01934827,0.00897921,0.01061142,0.00956938,0.00752789,-0.004426,0.00868621,0.0063588,0.00522727
2016-14,0.01176038,-0.01984291,0.0035452,-0.01409443,0.00280269,-0.01956746,-0.01167134,-0.01976773,-0.01199143,-0.01610986,0.01020119,-0.02924901,-0.0144408,-0.01515489
2016-13,0.03077494,0.02571669,0.00869788,0.0227721,0.0175737,0.03062302,0.01320755,0.03220081,0.02044367,0.01903996,-0.0455289,0.04997269,0.02293339,0.0222323
2016-12,-0.02370532,0.00465707,-0.01268714,0.00647948,-0.00589888,-0.01142264,-0.00189349,0.00076142,0.0069869,0.00810045,-0.0139841,0.01879491,0.00659341,0.00682594
2016-11,0.02472836,0.01456727,0.0128238,0.01625719,0.01680433,0.02600217,0.01556513,0.0076746,0.01189952,0.0128468,-0.03742476,0.03235879,0.01603483,0.01617002
2016-10,0.0163872,0.01344902,0.02313963,0.01729107,0.02028986,-0.00326442,0.01878507,0.00127747,0.01612181,0.01093426,-0.02643059,0.02432591,0.01717619,0.01645897
2016-09,0.07889386,0.03349932,0.03776148,0.01982274,0.03639098,0.10640871,0.02627628,0.01113125,0.01504102,0.02351097,-0.02560946,0.03331277,0.01948627,0.01756074
2016-08,-0.01758593,0.00547695,-0.00908848,-0.01198792,-0.00952098,-0.04403244,-0.0152409,-0.00492228,-0.01444043,-0.00214102,-0.00169903,-0.02201162,-0.0122834,-0.01215154
2016-07,0.02508361,0.00605778,0.00715662,0.00652904,0.01684533,0.00835322,0.008002,0.0055017,0.0096463,0.00993136,-0.01595618,0.01391524,0.00714126,0.00752975
2016-06,0.00560103,-0.01438515,-0.00251186,-0.01672209,-0.01169951,-0.03135889,-0.01859658,0.00105374,-0.00915751,-0.0130662,0.04231518,-0.03472649,-0.01668324,-0.01823854
2016-05,-0.02230483,0.01809745,-0.00702513,0.01353557,-0.00601142,-0.01237345,0.00024649,-0.00887728,0.00829493,0.01663748,-0.02942584,0.03310431,0.01249024,0.0155453
2016-04,0.05562799,0.06056056,0.04182077,0.04860687,0.0483718,0.02655889,0.0452183,0.04900881,0.05435847,0.04938845,-0.08085106,0.09286723,0.04906017,0.04590921
2016-03,0.0078329,0.00246184,0.03281069,-0.00310964,0.0307791,0.0022805,0.00309358,0.00082282,-0.00434783,0.000306,0.00192596,-0.00585803,-0.00268253,-0.00581395
2016-02,-0.01965812,-0.01614481,-0.02575715,-0.00142291,-0.02521273,-0.08636837,-0.01337793,-0.01477833,-0.01565558,-0.00738348,0.02663285,-0.01697852,-0.00200495,0.00179902
2016-01,-0.05246166,-0.01111648,-0.03172414,-0.00204102,-0.03525836,-0.03455285,-0.01077199,0.00359017,0.00198216,0.00030821,-0.01174047,0.00641711,-0.00213093,-0.00180505
2016-00,0.0,-0.00811843,-0.00242131,-0.00636621,-0.0050944,0.00908174,-0.00857071,-0.01176471,-0.00483325,-0.00667071,0.00740114,0.00910683,-0.00714537,-0.00613811
2015-51,0.02159136,0.02904973,0.03275958,0.02406389,0.03101013,0.03205791,0.0232318,0.02847664,0.0128522,0.02854469,-0.05137467,0.06171471,0.02466611,0.02333508
2015-50,0.01955193,0.02750891,0.01227679,0.02445768,0.00432499,0.03433476,0.01282387,0.03432624,0.04220278,0.02311494,-0.06198897,0.06835938,0.02519141,0.02277599
2015-49,-0.04689332,-0.02467917,-0.01642486,-0.02130548,-0.0193646,-0.04895833,-0.02129843,-0.03312346,-0.02106319,-0.02029981,0.03278367,-0.0325511,-0.01991983,-0.02031126
2015-48,0.00620396,-0.02224371,-0.0231823,-0.01036592,-0.0204499,-0.01214575,0.00179533,-0.01560818,-0.01140307,-0.00775795,0.02618856,-0.02652911,-0.01012536,-0.00814717
2015-47,-0.03337041,-0.00482859,-0.00131752,-0.00455204,-0.00465793,0.00205128,-0.00306044,0.00512406,-0.00348779,-0.00448986,0.01862725,-0.01138032,-0.00433109,-0.00549738
2015-46,0.02789295,-0.00048031,0.00975224,0.00402145,0.00726533,0.01240951,0.00918133,0.01284855,0.01001502,0.00416731,-0.03365291,0.00329068,0.0033557,0.00312175
2015-45,-0.00983359,-0.00680272,-0.01448894,0.00157596,-0.0122093,-0.01560874,-0.0074359,-0.01204819,-0.00101626,-0.00218955,-0.00949612,0.01175133,0.00146538,0.0042508
2015-44,0.00486345,-0.04071128,-0.02102863,-0.0372551,-0.02792516,-0.03522505,-0.03266518,-0.02583222,-0.03883972,-0.03110302,0.06646217,-0.07313643,-0.0359585,-0.03520041
2015-43,-0.03833635,-0.00607477,-0.01097257,-0.01303781,-0.01271772,-0.03773585,-0.01687042,-0.00319744,-0.00969932,-0.01052632,0.05166596,-0.02409639,-0.01269509,-0.01519757
2015-42,0.02120658,-0.00647848,0.0014881,-0.00735952,-0.00054765,0.00093633,0.00391294,0.00784094,0.00436258,0.0,-0.01511281,0.01053705,-0.00670133,-0.00477147
2015-41,0.02675585,0.01313937,0.02105791,0.01353262,0.01409619,0.01317027,0.01535794,0.01314286,0.01477105,0.01552748,-0.02043369,0.02387543,0.01348341,0.01375446
2015-40,0.03139357,0.00472813,0.01345519,-0.00142349,0.01570387,0.00377358,0.00954774,0.01819783,0.00199601,0.0015321,0.00452024,0.01096569,-0.00070897,-0.00256279
2015-39,0.05306122,0.02407862,0.02112864,0.02040602,0.03492157,0.05338809,0.03174187,0.00209018,0.00925926,0.01320605,-0.01771429,0.00377074,0.0206829,0.01931728
2015-38,-0.02297508,0.00097656,-0.01325708,0.00823219,-0.01352518,-0.03961353,-0.00259538,0.00969403,0.01137539,0.00316456,-0.02471953,0.04179448,0.00797448,0.00769639
2015-37,0.00930954,0.01897154,0.00900662,0.02209945,0.00817996,0.0019802,0.00919842,0.0303125,0.02930208,0.01819353,-0.05127279,0.04684976,0.02292191,0.02345241
2015-36,0.00428683,-0.00498008,-0.01719198,-0.00636874,-0.00549451,0.02757916,-0.00704409,0.01814131,-0.00795334,-0.00353187,0.00409471,-0.0188755,-0.00627589,-0.00678794
2015-35,-0.04651163,-0.03300493,-0.03234917,-0.03551302,-0.03535786,-0.04612365,-0.03422542,-0.02844774,-0.02729659,-0.02951971,0.05914769,-0.06752037,-0.03557752,-0.035313
2015-34,0.06482982,0.00292398,0.0188531,-0.00344216,0.02798834,0.08658923,0.01648073,-0.01131153,0.00052029,-0.00126243,0.00210688,-0.01786379,-0.00291191,-0.00471575
2015-33,-0.07209805,-0.0267158,-0.03976722,-0.01825538,-0.04690432,-0.07308378,-0.03090351,-0.01398194,-0.01917404,-0.02464894,0.03,-0.03853821,-0.01972703,-0.01612503
2015-32,-0.02894003,0.0276059,0.00218765,0.03098476,-0.00080602,-0.04303797,0.0112494,0.01177181,0.02397959,0.02636854,-0.05929168,0.05279943,0.0309119,0.03083248
2015-31,-0.01155867,-0.00142586,-0.00294046,0.00173664,-0.00135538,0.01284247,0.00650602,-0.00840841,-0.01070336,0.00169884,-0.00771361,0.00819088,0.00035579,0.00385307
2015-30,0.02161588,0.03146509,0.01608911,0.02642662,0.02067255,0.02724077,0.02193199,0.0287902,0.02981172,0.02588123,-0.05820399,0.0529876,0.02514955,0.02623211
2015-29,-0.03287487,-0.02283771,-0.02536845,-0.01964883,-0.02206674,-0.03471074,-0.01849598,-0.01970891,-0.01201672,-0.02364547,0.03488591,-0.02921348,-0.0204774,-0.01843561
2015-28,0.00735294,0.00925024,0.00387503,0.00764398,0.00080429,0.02538071,0.00783737,0.01001214,0.00729547,0.01389327,-0.03192681,0.0268431,0.0069158,0.00819022
2015-27,0.01191287,0.01084813,0.01632451,0.01370882,0.01696306,-0.0167364,0.02687767,0.01573588,0.01319958,0.00958466,-0.03250409,0.02618406,0.0135318,0.01339405
2015-26,0.01775544,0.01145989,-0.00146021,0.01623201,0.01223491,0.04013962,0.00953815,-0.01368613,0.01336898,0.01280181,-0.01848889,0.03869407,0.01604211,0.01584699
2015-25,-0.0221083,-0.02168675,-0.01225548,-0.02249317,-0.01515944,-0.01012658,-0.02152358,-0.01350135,-0.01873049,-0.01890657,0.04304452,-0.03593272,-0.02167824,-0.02206273
2015-24,-0.0041949,0.01715686,0.00914781,0.01666133,0.00883534,0.0353045,0.01689441,0.02516882,0.01746032,0.01891329,-0.03904985,0.0335152,0.01733317,0.01673414
2015-23,-0.00731552,0.0,0.00508598,0.00021311,0.00187166,-0.00440529,0.00346792,0.0036776,-0.00052659,0.00176056,0.00108637,0.01327088,0.00086495,0.00161943
2015-22,-0.01474279,-0.03691589,-0.02808989,-0.04219624,-0.02620654,-0.04556752,-0.0317271,-0.03316403,-0.04656985,-0.03977968,0.09417398,-0.09616062,-0.04169611,-0.04140947
2015-21,-0.01429015,0.00516674,0.00443407,0.00532405,-0.00386698,0.0193115,0.00792317,0.01207729,0.00808489,0.00538379,-0.0158234,0.02095376,0.00593401,0.00465839
2015-20,-0.00365631,-0.00046533,-0.00206469,0.00010168,-0.00405885,-0.00496689,0.00094675,0.00060078,-0.00697906,0.0,-0.00276298,0.00035714,0.0010617,0.00180319
2015-19,0.00947722,0.00801131,0.01483542,0.01282449,0.02087091,0.00500835,0.0156025,0.01588756,0.01267748,0.01037955,-0.01862877,0.01389905,0.01259446,0.01363041
2015-18,-0.0147103,-0.02157943,-0.0139333,-0.01707243,-0.00811771,-0.00906096,0.00095557,-0.03324429,-0.02506143,-0.01992152,0.04648823,-0.04808025,-0.01791359,-0.01739575
2015-17,-0.01886792,0.0,-0.00228206,-0.00465681,0.00923551,0.00168492,-0.00573066,-0.02278703,-0.00933202,-0.00469697,0.00947493,-0.00632689,-0.00527921,-0.00308325
2015-16,0.04857411,0.00876384,0.02537835,0.00907807,0.02390334,-0.02868852,0.01761583,0.00753405,0.00048567,0.00968816,-0.02322811,0.01874349,0.00888369,0.00870679
2015-15,0.00219505,-0.0041919,0.00471698,-0.00234838,0.00795756,-0.03032659,-0.00218394,-0.01456876,-0.00247158,-0.00443357,0.0034904,-0.00744153,-0.00212917,-0.00285122
2015-14,0.03993506,-0.00686813,-0.00325885,-0.01108891,0.00290467,0.01413983,-0.00264805,-0.01658564,-0.00917431,-0.00750751,0.02636917,-0.02325581,-0.01088971,-0.01141842
2015-13,0.02755376,0.00795136,-0.00047596,0.00335127,0.00348806,0.02663438,0.0004878,0.01635992,0.00392542,0.00350503,-0.00137363,0.01204392,0.00364921,0.00309677
2015-12,-0.00513171,-0.02535731,-0.00759013,-0.02390518,-0.01092459,-0.02827141,-0.01521004,-0.01453911,-0.02135922,-0.02731912,0.04777198,-0.03920888,-0.02421138,-0.02521008
2015-11,0.03969957,0.02024482,0.03618907,0.02608516,0.03546689,-0.01123596,0.03405108,0.02740139,0.02701351,0.02841699,-0.03705126,0.05342668,0.02582496,0.02481066
2015-10,-0.02840112,-0.00804924,-0.01428571,0.00104899,-0.01382743,0.01466993,-0.01374656,0.00893683,-0.0035461,-0.00218716,0.00418944,0.00457143,0.00097312,0.00026575
2015-09,-0.04175017,-0.01907864,-0.02831985,-0.02138598,-0.02847931,-0.04812834,-0.03408267,-0.03255675,-0.02432969,-0.02083014,0.05531268,-0.05398551,-0.02145667,-0.021875
2015-08,0.02062902,-0.00773079,-0.00759013,-0.01576599,0.0005349,0.04044409,-0.00142687,0.00088889,-0.01729938,-0.01776462,0.01158147,-0.02780604,-0.0160975,-0.01682572
2015-07,-0.00937709,0.00502972,0.00355956,0.01447075,-0.00026724,0.01347068,0.006238,0.01333333,0.01466276,0.00809231,-0.03778338,0.03460452,0.01455912,0.01228564
2015-06,0.01558794,-0.00858563,0.02058111,-0.01999802,0.01655809,0.05513784,-0.00286807,-0.02145166,-0.01394231,-0.01533019,0.03476855,-0.04258887,-0.01998851,-0.0212766
2015-05,-0.01666667,-0.01505757,-0.01045379,-0.03929884,-0.01374934,-0.04428904,-0.03312771,-0.01156738,-0.03045685,-0.024,0.07359116,-0.08567969,-0.03925642,-0.04070459
2015-04,-0.03238469,-0.02270742,-0.01293509,-0.01950042,-0.0145004,-0.02544333,-0.00843401,-0.02791878,-0.00823422,-0.01798103,0.0232979,-0.0405763,-0.01887199,-0.01599624
2015-03,0.02809365,0.00750221,0.00357569,0.00928096,0.0034713,0.02468153,0.00834106,0.01507824,0.01295097,0.00728155,-0.02543507,0.01378897,0.00958397,0.0082958
2015-02,0.01546392,0.0244676,0.01855922,0.0287012,0.02383562,0.03759398,0.02452965,0.02552817,0.02535885,0.02637749,-0.03208893,0.05468998,0.0284977,0.02859238
2015-01,0.03166784,0.00867184,0.0043956,0.01199181,0.00629964,0.0041806,0.00356295,0.01093058,0.01150527,0.00709639,-0.03491736,0.02443793,0.01188859,0.01109467
2015-00,-0.01696065,-0.03043478,-0.01760977,-0.0332621,-0.03239181,0.03592814,-0.01282639,-0.04229692,-0.02844037,-0.02978123,0.06905139,-0.06426887,-0.03357081,-0.03387438
2014-51,0.00715503,0.02678166,0.01810817,0.03279486,0.01102362,-0.02197802,0.02284503,0.03583062,0.02719466,0.03158513,-0.06816786,0.07043619,0.03280172,0.03343988
2014-50,0.02763018,0.04030346,0.03576751,0.03836809,0.0431912,0.02631579,0.03744493,0.03887689,0.04590818,0.03877989,-0.07956703,0.08398024,0.03742057,0.03840246
2014-49,-0.02546689,-0.01939058,-0.01559501,-0.00796258,-0.02564103,-0.06169872,-0.02097078,-0.00639659,-0.01698205,-0.01705566,-0.00686813,-0.00374022,-0.00844028,-0.00705823
2014-48,-0.00333111,-0.00092678,0.00356549,-0.0020014,0.00524659,0.0184739,-0.00305021,0.00736196,-0.00096386,-0.00463517,0.01722451,-0.01002766,-0.00197468,-0.00455235
2014-47,-0.00194426,0.01313321,0.00023674,0.01359164,0.00157398,-0.01411765,0.01312023,0.01811483,0.00434573,0.01438958,-0.02632569,0.02340426,0.01282655,0.0151749
2014-46,0.05303793,0.00420364,0.01149425,0.00414309,0.01084943,0.00939702,0.0067098,0.00245851,0.00726041,0.00437208,-0.0053313,0.01518898,0.00410413,0.00384025
2014-45,-0.00264463,-0.01986143,-0.0085389,-0.03322128,-0.00972405,0.00548589,-0.02336008,-0.01811594,-0.02712994,-0.0219174,0.06696868,-0.06510067,-0.03349392,-0.0330993
2014-44,-0.01657997,-0.00184928,0.0002381,0.00761218,-0.00263158,-0.01236476,0.00047574,-0.00605327,0.00527325,0.00180045,-0.02748616,0.01519337,0.00989292,0.01044054
2014-43,0.04464585,0.02820268,0.02768334,0.02433216,0.02632993,0.03932584,0.02720427,0.0355011,0.02021696,0.02444685,-0.04251486,0.04957767,0.02521614,0.02334732
2014-42,0.00132406,0.02153696,0.01553254,0.02207902,0.02217356,0.0295082,0.02078693,0.02556634,0.02268145,0.01986129,-0.04191,0.04361132,0.02218137,0.02138466
2014-41,-0.01689409,0.01204819,0.0100553,0.00398621,0.01313216,-0.00167084,0.00075075,0.02705411,0.0010304,0.00401542,0.00333444,0.01234568,0.00487074,0.00244565
2014-40,-0.0302348,-0.00648703,-0.03193806,0.00890143,-0.03592493,-0.02306425,-0.01163654,0.01262799,0.00307062,0.000962,-0.02021519,0.01489533,0.00766813,0.0090411
2014-39,-0.00493746,0.0,-0.00314846,0.01053325,-0.0082932,-0.00577558,-0.00617132,0.00410818,0.00823045,0.01100502,-0.02397967,0.02193709,0.0106748,0.01220189
2014-38,-0.00064329,-0.01624815,-0.01754802,-0.01253133,-0.01236517,-0.03367267,-0.01096758,-0.01812081,-0.01371951,-0.01365243,0.02710989,-0.01483924,-0.0118612,-0.01076753
2014-37,-0.013125,0.00937808,0.00282952,0.00993884,0.00576218,0.00938233,0.00464321,-0.00432325,0.00404858,0.01293452,-0.02669011,0.01276771,0.00986343,0.0127636
2014-36,-0.0297208,-0.02267246,-0.02298322,-0.02580508,-0.02143951,-0.00842912,-0.01917546,-0.01553901,-0.02612124,-0.02528445,0.04107083,-0.05194805,-0.02578973,-0.02549498
2014-35,0.01195815,0.01463415,0.01876738,0.01660019,0.01252877,0.0007657,0.0161914,0.00518975,0.01342616,0.01712548,-0.0256326,0.02934084,0.01721772,0.01700027
2014-34,0.00684728,0.01523342,0.00979249,0.01363341,0.00573664,-0.01697531,0.00555287,0.00684485,0.01705971,0.01330341,-0.02647393,0.03172021,0.01352367,0.01265823
2014-33,0.00120012,0.01301301,0.0037594,0.01435195,0.00554236,0.00537634,0.00464321,0.00853859,0.01430031,0.01437674,-0.03231319,0.03340381,0.01391726,0.01432987
2014-32,0.00852359,0.01678535,0.01101005,0.01761077,0.01748722,-0.00628931,0.01741727,0.00865225,0.01869159,0.01555519,-0.03194214,0.03394256,0.0172548,0.01651951
2014-31,0.00214922,0.00408372,-0.0128327,0.00720721,-0.01522436,-0.0328495,-0.00787789,0.01254237,0.00155925,0.00016526,-0.00179614,0.01404125,0.00585556,0.00628212
2014-30,-0.02383107,-0.02791381,-0.03293413,-0.03728448,-0.03563129,-0.02930128,-0.03750297,-0.02135348,-0.03201601,-0.02782664,0.04648941,-0.0751004,-0.03764178,-0.03771522
2014-29,-0.00392394,-0.0064071,0.00324826,-0.00802429,0.00311931,-0.03425656,-0.00382226,-0.01074569,-0.00453172,-0.00580271,0.01155142,-0.01584722,-0.00727546,-0.00605894
2014-28,0.0,0.00590842,0.00723623,0.00785597,0.00601937,0.06009245,0.00626053,-0.00291074,-0.00201207,0.00827922,-0.00063241,0.0081666,0.00782334,0.00944444
2014-27,0.00708783,0.00048924,0.00116986,0.00227101,-0.00443864,-0.11597222,-0.00524809,-0.00064746,0.00452034,0.00419964,-0.01276121,0.00606061,0.00300413,0.00302947
2014-26,0.01187871,-0.02767176,-0.00046189,-0.03790331,-0.0015536,0.03604903,-0.01498829,-0.0164297,-0.02875244,-0.03096997,0.08347736,-0.07435223,-0.03723404,-0.03959607
2014-25,0.00878569,0.01118677,0.00489625,0.01451441,0.00969602,0.02539208,0.00828402,0.01356589,0.01241311,0.01120179,-0.03031301,0.04267088,0.01408799,0.0135722
2014-24,0.01103057,0.02089552,0.0120113,0.02174386,0.01109937,-0.01407407,0.01852297,0.02349437,0.02176113,0.02140523,-0.05226591,0.04730564,0.0215311,0.02325581
2014-23,-0.0043956,-0.00892414,-0.00968351,-0.00674646,-0.0042508,-0.08956229,-0.0055395,-0.00622951,-0.00256016,-0.00557194,0.01072386,-0.0107438,-0.0063004,-0.0058204
2014-22,0.02059202,0.00396629,0.01051123,0.00938557,0.00937082,0.07749077,0.0075006,0.00362677,0.00874486,0.00788307,-0.01944488,0.01531457,0.00961538,0.00804885
2014-21,-0.00032227,0.01354742,0.00120279,0.01527563,0.01002438,-0.01142422,0.01077903,0.00397219,0.00726518,0.01513136,-0.02861927,0.02470187,0.01435713,0.01521555
2014-20,0.01481481,0.00303337,0.00316533,0.00561041,0.00769442,0.04269663,0.00620655,0.00537996,0.00997375,0.00301963,-0.01523669,0.0131406,0.00702576,0.00657519
2014-19,0.01532942,0.0040201,-0.00121566,0.00601202,-0.00164384,0.08925477,-0.00222058,-0.00631229,0.00156331,0.00970549,-0.01083521,0.00818613,0.00554552,0.00651558
2014-18,-0.00555919,-0.00745527,-0.00171233,-0.01286945,-0.00329399,0.03867925,-0.00123092,-0.00634815,-0.01584867,-0.00822774,0.01995946,-0.02152318,-0.01276219,-0.01438451
2014-17,0.0154707,-0.000501,0.00640394,-0.01825054,-0.00983069,-0.02578269,-0.02055126,0.00032982,-0.00764526,-0.0088772,0.03112593,-0.03866291,-0.01751313,-0.01889376
2014-16,-0.01072473,0.00759494,0.0,0.01959265,-0.004914,-0.01449275,0.00365943,0.00099043,0.01346453,0.01341607,-0.03910362,0.03875639,0.01908544,0.0204941
2014-15,-0.00161708,0.01432958,0.0149738,0.00970657,0.01104972,-0.00360685,0.01034228,0.01071668,0.01740506,0.01320914,-0.02349291,0.02977989,0.01020804,0.00848416
2014-14,0.02717932,0.00103093,0.00099875,0.00541883,-0.00138045,0.03574788,-0.00321862,-0.01458886,0.00372539,0.00342583,-0.01282799,0.00568679,0.00483407,0.00716332
2014-13,-0.00066711,0.00051361,0.00450113,-0.00123679,0.00055172,-0.01309635,-0.00935961,-0.00164366,-0.00210637,0.00463281,-0.00760234,0.00438982,-0.00078094,0.0
2014-12,0.04216028,0.00944882,0.01478084,0.00849598,0.02063896,0.06312625,0.01813602,-0.00631859,0.00321371,0.00964743,-0.02558398,0.02807179,0.0087696,0.00963504
2014-11,0.02409639,0.00317125,-0.00380807,-0.00889802,-0.00955056,-0.00305499,-0.0085213,-0.00727995,-0.00741133,-0.00158172,0.00396601,-0.01179673,-0.00752277,-0.00784428
2014-10,-0.0172232,0.02176279,-0.00281258,0.02493238,-0.00283527,-0.01816347,0.00688073,0.01294278,0.01901141,0.02241099,-0.05445873,0.05154143,0.0248878,0.02518741
2014-09,-0.00380097,-0.00485437,0.01845594,-0.0011733,0.02100719,0.09009009,0.00950424,0.00376068,-0.00378378,-0.0039547,0.01620089,-0.00717017,-0.00176343,-0.00149298
2014-08,0.00973574,-0.00642398,0.0002578,0.00081424,-0.00085665,-0.01090513,-0.00404449,-0.00338295,0.00161031,-0.00178063,0.00438837,-0.01126761,0.00040323,0.0
2014-07,0.00069517,0.00483351,0.00103226,0.00465387,0.0031591,0.01117318,0.01004637,0.00474255,0.00485437,0.00466703,-0.01237254,0.00279851,0.00376699,0.00325444
2014-06,0.02971348,0.02828619,0.03213712,0.02841727,0.0286643,0.00907029,0.02995758,0.02620545,0.025,0.02989786,-0.05202091,0.065,0.0280322,0.02839695
2014-05,0.03034682,0.0106982,0.02715304,0.0015729,0.02630783,0.06957547,0.02057947,-0.00765217,0.01072235,0.00828313,-0.00050239,0.01328564,0.00336653,0.00246685
2014-04,-0.0059754,0.02031603,0.00898693,0.02597243,0.00601504,0.02816901,0.00947226,-0.00170707,0.00946021,0.01846618,-0.0316687,0.05379747,0.02548043,0.02701854
2014-03,-0.02737411,-0.01280624,-0.01706212,-0.01193521,-0.01975236,-0.04530744,-0.01308761,-0.0077624,-0.01216142,-0.01342532,0.007911,0.0,-0.01099211,-0.01274479
2014-02,0.00917743,0.00795455,-0.00533476,0.00594427,0.00567334,-0.00322581,0.01252041,0.01100034,0.01405284,0.00738496,-0.00192354,0.01227977,0.00515685,0.00600696
2014-01,0.0142663,0.01718213,0.02041372,0.02334044,0.00959808,-0.0052687,0.01581243,0.01133242,0.01748449,0.0152381,-0.04617521,0.0504386,0.02234475,0.02403076
2014-00,-0.02591013,-0.01413228,-0.0146941,-0.01605335,0.00541028,-0.04028197,0.00410397,-0.00984052,-0.01114206,-0.01484404,0.02278692,-0.02867764,-0.01557365,-0.01672452
2013-51,0.01533845,0.00455063,0.00324062,0.00235703,0.00726612,0.00913706,0.00690608,-0.00437858,0.00898372,0.00226202,0.00332147,0.00915455,0.00272793,0.0031736
2013-50,-0.00566667,0.01152738,0.00879604,0.01392897,0.01390176,0.01137539,0.00613839,0.02540014,0.02488426,0.01434857,-0.02703325,0.00882029,0.01335269,0.01378205
2013-49,-0.02126963,-0.01711352,-0.01560789,-0.01687554,-0.01807598,-0.07751196,-0.01795084,0.01563055,-0.01092582,-0.01848708,0.02772231,-0.03619665,-0.01580233,-0.01834862
2013-48,0.00762599,0.01032702,-0.00109379,0.0144002,0.00030647,0.07604167,-0.00027632,0.00282586,0.00115207,0.01064841,-0.0317662,0.0174482,0.01377011,0.0150016
2013-47,0.00986193,-0.00963719,0.01029531,-0.0115892,-0.00333637,0.02659574,-0.00953159,0.00069808,0.00114613,-0.01013323,0.02519704,-0.03014278,-0.01310355,-0.01255493
2013-46,-0.00775695,-0.01278488,-0.02700535,-0.01465068,-0.00901442,-0.02116402,-0.0078125,-0.00279525,-0.00398633,-0.01415962,0.02720752,-0.02923077,-0.01468121,-0.01690747
2013-45,0.03565422,0.00613497,0.00868857,0.00779822,0.01367366,0.02433628,0.00569878,-0.00871384,0.00342661,0.0089153,-0.01510353,0.00780843,0.0083122,0.01117665
2013-44,-0.03584229,-0.01106807,-0.01319688,-0.0059358,-0.01232712,-0.05082988,-0.00459708,-0.00484597,-0.00795455,-0.01215022,0.01773836,-0.02052335,-0.00448682,-0.00494132
2013-43,-0.0081011,-0.00165837,-0.0088094,-0.00230191,-0.0086593,0.03466956,-0.00700054,-0.02665755,-0.00170551,-0.00440933,0.00296223,0.00154004,-0.00238463,-0.00154512
2013-42,-0.00388853,0.02261164,0.00535332,0.02310639,0.00448967,-0.02089864,0.00975874,0.01816277,0.01326413,0.02367086,-0.0347018,0.02893891,0.02347552,0.02206114
2013-41,-0.00420712,0.01834862,0.01634432,0.01679198,0.01368613,-0.0104712,0.01397643,0.03972303,0.02654867,0.01904399,-0.04128284,0.01269316,0.01654332,0.01371173
2013-40,0.02228134,0.02573099,0.01971675,0.03001154,0.02171216,0.03626374,0.0215204,0.01251841,0.01433692,0.02649007,-0.05745748,0.01760363,0.03018139,0.0310559
2013-39,0.02795772,-0.00232288,0.00893855,-0.00634276,0.00780762,0.05764706,0.00223776,-0.00873999,0.0029976,-0.00348567,0.01248189,-0.00450197,-0.00646773,-0.00614489
2013-38,-0.01632789,-0.0103211,-0.00194932,-0.01325,-0.00403226,-0.01148106,-0.00967385,-0.00543478,-0.00947306,-0.01483736,0.0193973,-0.01713654,-0.0130397,-0.01495863
2013-37,0.014276,0.01417602,0.01590457,0.01686623,0.01743265,0.03760282,0.01610624,0.03575504,0.01209921,0.01208106,-0.03141192,0.02142444,0.01821167,0.01570167
2013-36,0.00652025,0.00413956,0.01153735,0.00271283,0.01290323,0.0274463,0.01292732,0.01065449,0.00976801,0.00156678,-0.00680561,0.01311866,0.00344879,0.00263071
2013-35,0.03703704,-0.00059559,0.02326275,0.00156027,0.01559907,0.10482759,0.01228789,-0.00304414,0.00306748,0.00236827,-0.00632378,0.00475907,0.00075392,0.00297915
2013-34,0.00036284,-0.01107872,-0.00970588,-0.00549872,-0.01120264,-0.03474903,-0.01098266,-0.01410019,-0.00787402,-0.00640528,0.01792742,-0.01503759,-0.00445236,-0.00195886
2013-33,0.01239067,0.01173021,0.00731636,0.01169515,0.00723446,0.01030928,0.00517688,0.0097269,0.00791236,0.01231912,-0.01940492,0.01691949,0.01086795,0.01180328
2013-32,-0.02518363,-0.03205849,-0.00687679,-0.03635024,-0.01187039,-0.02527076,-0.02011735,-0.05144468,-0.03212617,-0.03261481,0.10021526,-0.06990395,-0.03698435,-0.03573668
2013-31,0.00847757,-0.0005596,0.00657331,-0.00571568,0.00224,0.01587302,0.00055586,-0.01178918,-0.00636206,-0.0081391,0.00287839,-0.01699279,-0.00521127,-0.00372787
2013-30,0.00845666,0.01940639,0.00573066,0.00303104,0.01123235,-0.07700893,0.01741084,-0.00687521,0.0034823,0.00500093,-0.0043573,0.0098804,0.00577302,0.00309598
2013-29,0.00773558,-0.00453515,0.00201149,-0.00072842,0.00643501,-0.02857143,0.00335852,-0.00854117,-0.00921659,-0.00611224,0.00288115,0.00051948,-0.00112597,0.0
2013-28,0.01507538,0.0039818,0.0052356,0.00303951,0.00584795,-0.01452282,0.00990659,0.02811951,0.00404858,0.0027907,-0.00288392,0.00835946,0.0025395,0.00310752
2013-27,0.01510129,0.02746269,0.03730664,0.03018724,0.02210315,0.0295082,0.02549077,0.02992701,0.03897686,0.02783184,-0.05539773,0.06632361,0.03137487,0.0322791
2013-26,-0.02538992,-0.00180832,-0.01493875,-0.00385802,-0.01039222,-0.04241782,-0.00383142,0.00898876,0.00061614,-0.0066719,0.01797945,-0.0313569,-0.00463101,-0.00689655
2013-25,0.07176106,0.04388133,0.03266564,0.03021978,0.03289474,0.04209329,0.02850285,0.02899657,0.03807107,0.03156843,-0.05178128,0.05787589,0.03225806,0.03074866
2013-24,-0.05962156,-0.02927121,-0.04116788,-0.0312777,-0.04632953,-0.05931322,-0.0396916,-0.02117385,-0.02647783,-0.03321104,0.05364152,-0.07114625,-0.0312086,-0.0316947
2013-23,-0.02740201,0.00540865,0.00440529,0.0051079,-0.00196721,-0.01138716,0.00288684,-0.00657414,-0.00061538,0.00582072,-0.01630901,0.01318052,0.00059119,0.00097434
2013-22,-0.02381751,0.0042245,0.00175798,0.00564537,-0.00229208,-0.02618817,0.0017326,0.00036603,0.00184843,0.00604288,-0.0059778,-0.00635838,0.00608851,0.00555011
2013-21,-0.02423052,-0.01488095,-0.02389177,-0.01568032,-0.02699229,-0.05233645,-0.02317694,-0.01051868,-0.00669507,-0.02135774,0.02652174,-0.02244669,-0.01697395,-0.01831031
2013-20,-0.02813299,-0.02200347,-0.02488814,-0.032129,-0.0252809,-0.07820738,-0.02699755,-0.02370004,-0.02315914,-0.02842993,0.06615385,-0.06343476,-0.03321654,-0.03226798
2013-19,-0.00605867,0.02551929,-0.00028082,0.0188215,-0.00031348,0.04574565,0.01247574,0.01654081,0.01808318,0.01454139,-0.04055752,0.03609342,0.01877667,0.01742377
2013-18,0.00511345,-0.00294811,-0.00167598,-0.01017812,0.0,-0.01492537,-0.00629275,-0.0014373,0.0011976,-0.010279,0.01836058,-0.02208526,-0.01106753,-0.01192661
2013-17,0.02903332,-0.00058411,0.00278552,-0.0084253,0.0046875,0.02336029,0.00653773,0.00607577,0.00059418,-0.00792936,0.0152747,-0.01812837,-0.0080955,-0.01014623
2013-16,0.00365085,0.00713012,0.01283148,0.00650211,0.01182486,-0.00815956,0.01310653,0.00833938,0.00659472,0.00934237,-0.0210074,0.01469843,0.00626479,0.00727273
2013-15,0.01037136,0.02061856,0.00780347,0.02490138,0.00843061,0.07199211,0.00365066,0.02133234,0.01286765,0.01495886,-0.01475886,0.04118268,0.02437981,0.0248139
2013-14,0.00561427,0.01506932,0.02335085,0.01041922,0.01291572,0.01489573,0.0239726,0.02723881,0.02289604,0.0150122,-0.02744425,0.02209363,0.01076945,0.01144094
2013-13,0.00198544,0.01602959,0.01308745,0.01125422,0.00586893,-0.02536585,0.02105263,0.01018868,0.01069182,0.01611356,-0.01682719,0.02079912,0.01302649,0.01453856
2013-12,0.01849361,0.02131661,0.01836243,0.02558854,0.01251235,0.01288404,0.01718519,0.01180503,0.01464036,0.0221135,-0.04733164,0.04597701,0.02591441,0.02654581
2013-11,-0.00566667,0.00062696,0.01699029,0.00811333,0.02027252,-0.07227813,0.0209205,0.00572519,0.00832266,0.00353218,-0.00965981,0.01985981,0.00654567,0.00650195
2013-10,-0.02525089,0.00881612,-0.00241692,0.00709403,0.0006605,-0.01945181,0.00446296,0.0061092,0.00514139,0.0070908,-0.0153019,0.02343292,0.00955509,0.01078431
2013-09,0.0110318,0.00762873,0.0042592,0.00467897,0.00397878,0.07007576,0.00538278,0.00849421,0.00973394,0.00476569,-0.00690285,0.00235988,0.00481565,0.0022981
2013-08,0.00853018,0.00580645,0.0118196,0.01790486,0.01493551,-0.02983725,0.01693871,0.0007776,0.00791035,0.01196997,0.00396393,0.03175592,0.01934985,0.01754978
2013-07,-0.01479575,-0.00190355,-0.00273973,0.00211836,-0.00659848,-0.02353967,-0.00150739,-0.00115473,-0.00260078,0.00162173,0.01362344,0.00988875,0.00260856,0.00402955
2013-06,0.00032268,-0.01329114,-0.00549618,-0.00133476,-0.00430749,-0.03301477,-0.00453858,0.00390016,-0.00716612,-0.012717,0.00192567,-0.00124611,-0.00077387,-0.00169033
2013-05,0.01430894,0.00893997,0.00555042,0.00932055,0.00767947,-0.02923977,0.00335468,0.00982704,0.00522193,0.0018315,-0.01060004,0.02173913,0.00813008,0.00716968
2013-04,0.02439024,0.01025641,0.00889298,0.01608068,0.00728236,0.00410846,0.00875604,0.01416765,0.01112565,0.01437372,-0.02561723,0.02916397,0.01577287,0.01270604
2013-03,-0.00751143,0.00516462,0.00244798,0.00437876,0.00299501,-0.02316294,0.00362647,-0.00275699,-0.00130976,-0.00020576,-0.00293121,0.00654022,0.00538571,0.00691324
2013-02,0.01642642,0.0085639,0.00585336,0.01018842,0.00335683,0.02191558,0.00182871,0.00804829,0.00599201,0.00292215,0.0,0.01150982,0.0105076,0.00985568
2013-01,0.01118265,-0.00458115,-0.00154036,0.00139567,0.00810263,-0.02184466,0.0070401,-0.0056338,-0.00198939,-0.0004178,-0.00175793,-0.00067981,0.00242758,0.00035137
2013-00,0.02300824,0.02727878,0.01363496,0.0250389,0.01354096,0.02970297,0.0115889,0.03417044,0.02719239,0.03496353,-0.06559448,0.06135402,0.02441822,0.02350427
