Week,AAXJ,ACWX,ADRA,AIA,AXJL,CHIQ,CWI,DNL,EEMA,FPA,IEMG,REMX,VEU,VXUS
2019-21,0.00320317,0.00044326,-0.00270544,0.0010506,0.0007734,-0.01087695,0.00172563,-0.00383142,0.0016,-0.02129145,0.01283378,-0.00134771,0.00081666,0.00019724
2019-20,-0.00501825,0.00088222,-0.01337345,-0.00936037,-0.00230769,-0.02491582,0.00028604,-0.00036258,-0.01225919,-0.00627396,-0.0033092,0.00963524,0.00223532,0.00117739
2019-19,-0.00075267,0.00909091,0.00797342,-0.00648907,0.00512582,0.00985545,0.01036269,0.01275743,-0.0059918,0.01623147,-0.00695439,0.02237136,0.00898693,0.00947119
2019-18,-0.03575435,-0.01761834,-0.0306574,-0.0288,-0.02026927,-0.0406942,-0.01792609,-0.01338898,-0.03604531,-0.02844712,-0.03029722,-0.01484099,-0.01818893,-0.01683374
2019-17,0.00842541,0.00441919,0.00808709,0.00724866,0.00306704,0.01754386,0.00437637,0.00276434,0.00827406,0.00065725,0.00623701,0.00690608,0.00329649,0.0031865
2019-16,-0.00811443,-0.00336417,0.00156593,-0.00928841,-0.00655594,-0.0155351,-0.00382409,-0.00431555,-0.00906997,-0.01215905,-0.00937734,-0.04676489,-0.00368146,-0.00355739
2019-15,0.00909091,0.00484823,0.00466418,0.01167929,0.00276243,0.02701116,0.00493016,0.00276769,0.00502874,-0.01459144,0.0088429,-0.00311333,0.00466291,0.00412835
2019-14,0.00315198,0.00253165,0.00186916,0.00472515,0.00217865,0.00347423,0.00274123,0.00347524,0.00043011,0.00322373,0.00018748,-0.01334951,0.00233508,0.00395257
2019-13,0.02022033,0.01066553,0.00375235,0.02667952,0.01336466,0.01882353,0.01165049,0.01625729,0.0229264,0.00258148,0.01656827,0.01418877,0.01081825,0.01084269
2019-12,0.01551501,0.008061,0.01463891,0.00957728,0.01218228,0.03219814,0.00907029,0.00903996,0.00985222,0.00995685,0.00858202,0.03285151,0.0080402,0.00874636
2019-11,-0.01972943,-0.02030782,-0.01181354,-0.01735323,-0.01276722,-0.01898347,-0.01949318,-0.01091039,-0.01547531,-0.00524246,-0.02630074,-0.03441802,-0.02013025,-0.02020587
2019-10,0.01340058,0.01618194,0.0,0.01357616,0.0107267,-0.00248911,0.01650541,0.01943528,0.01475015,0.01131071,0.01604697,0.0,0.01696627,0.01656597
2019-09,-0.02168294,-0.01718138,-0.01921845,-0.02401316,-0.01208459,-0.04329268,-0.01616104,-0.02030825,-0.02253944,-0.02188827,-0.01875733,-0.02885822,-0.01647248,-0.01667313
2019-08,-0.01892121,-0.00173348,0.01402022,-0.0203062,-0.01688389,0.0,-0.00282247,-0.00217667,-0.0208026,-0.02208,-0.02295772,-0.01840491,-0.00120096,-0.00270375
2019-07,0.01699346,0.00745451,0.00524418,0.01636093,0.01282825,0.03183886,0.00770988,0.01105787,0.01763454,0.01104972,0.01530312,0.02855246,0.00790113,0.00782014
2019-06,0.00102654,0.02113785,0.00726312,0.00184008,0.00845114,0.01128069,0.02050381,0.02174735,-0.00092081,0.00864074,0.00217692,0.03044983,0.02035729,0.01983968
2019-05,-0.00828368,-0.01349558,-0.01739416,-0.01323408,-0.00899253,-0.00402414,-0.01154401,-0.0152928,-0.00926629,-0.00768974,-0.01534279,-0.02931152,-0.01389173,-0.01516644
2019-04,0.0196487,0.01556157,0.00766156,0.01742514,0.01510668,0.03049203,0.01705381,0.02197172,0.02412451,0.0229688,0.02411319,0.02026555,0.015625,0.01463806
2019-03,0.03319628,0.02150538,0.02834965,0.0403423,0.02931804,0.05183585,0.02029245,0.0204042,0.03202677,0.02596953,0.03154253,0.0162086,0.0206882,0.02097333
2019-02,0.03352387,0.02469991,0.01556157,0.03897491,0.02552577,0.05886736,0.02314397,0.02908587,0.03019971,0.01356994,0.02816033,0.00546075,0.0246861,0.02318424
2019-01,0.02280894,0.01824135,0.02663438,0.02651037,0.0193433,0.03193916,0.01609475,0.01433406,0.01797973,0.01912181,0.02252346,0.02277433,0.01829925,0.01745999
2019-00,0.00157406,0.01763584,0.00210822,-0.0034358,0.00658003,0.01002313,0.0195713,0.0138043,0.00608053,0.02030269,0.01463415,0.04646018,0.01937472,0.01912046
2018-51,0.02559562,0.02999754,0.02194245,0.02236186,0.02299815,0.021875,0.02944,0.0298382,0.03648649,0.01603281,0.02672751,0.02043906,0.02995235,0.03050252
2018-50,-0.01322002,-0.02681538,-0.05221573,-0.00456121,-0.01624282,-0.03391108,-0.02653502,-0.02938197,-0.00842418,-0.02818937,-0.00960717,-0.09029192,-0.02647123,-0.02662722
2018-49,0.01150512,0.00377358,0.00587422,0.00090563,0.00491562,0.02102102,0.00399263,0.00160481,0.00889914,0.0164054,0.01004059,-0.0139165,0.00391986,0.00357518
2018-48,-0.05066112,-0.0451195,-0.01139792,-0.0529019,-0.03918813,-0.05944056,-0.04504505,-0.05188411,-0.05135764,-0.04540764,-0.04773414,-0.08690546,-0.04554823,-0.04499303
2018-47,0.01449052,0.00684619,0.02367879,0.01014957,0.005939,0.00656934,0.0077381,0.00796581,0.01267447,0.00141844,0.01844864,0.03245943,0.00568301,0.00691338
2018-46,-0.0105919,-0.01165714,-0.01885522,-0.01193274,-0.00740741,-0.00593032,-0.01102832,-0.00313418,-0.01214575,-0.00570613,-0.01504702,-0.04705882,-0.01139962,-0.0114053
2018-45,0.0470154,0.0163331,0.00951734,0.03849696,0.02089069,0.05448964,0.01862981,0.00369794,0.0457429,0.02592187,0.04214147,0.01060071,0.0170068,0.01558335
2018-44,-0.02537521,-0.00607698,-0.01308286,-0.02604997,-0.00954806,-0.05316092,-0.00558988,-0.01308901,-0.0209205,0.00898957,-0.02682071,0.00291545,-0.00478867,-0.00621616
2018-43,0.07403718,0.04299812,0.03539209,0.07677689,0.0415,0.11722488,0.04114216,0.06531666,0.08184498,0.06060606,0.07330076,0.13222591,0.04280748,0.04484493
2018-42,-0.04216301,-0.03122172,-0.03207484,-0.05606813,-0.03534704,-0.0465288,-0.03159138,-0.03721897,-0.0437837,-0.0513181,-0.03494001,-0.04158908,-0.03335418,-0.03381643
2018-41,-0.00237379,-0.00158014,-0.01003009,0.00107759,0.00257732,-0.01876877,-0.00205943,0.00151745,-0.00574901,0.00423878,-0.00296296,-0.03117359,-0.0014547,-0.00040177
2018-40,-0.01839362,-0.03075916,-0.0275974,-0.02386305,-0.02134003,-0.01949458,-0.02850627,-0.03194419,-0.02151394,-0.03835709,-0.01648465,-0.05444126,-0.03052209,-0.03157691
2018-39,-0.05615551,-0.03037334,-0.04653313,-0.05702681,-0.04269663,-0.06066667,-0.02894157,-0.04084137,-0.0599223,-0.0394822,-0.04701023,-0.0199115,-0.02971451,-0.02868391
2018-38,0.00230448,-0.0033741,0.01153367,0.00179621,0.00375432,0.00467914,-0.00055188,-0.0052521,0.00135014,0.00194301,0.00494071,-0.00824176,-0.00271897,-0.00224845
2018-37,0.03721205,0.02911365,0.02349952,0.03790431,0.01835143,0.07789474,0.02788732,0.01859394,0.03610386,0.01391586,0.03539644,0.0928019,0.02779432,0.026965
2018-36,0.02312053,0.01486664,-0.0356925,0.02217295,0.01696762,0.00627615,0.01370254,0.01519757,0.0165098,0.02439024,0.01881391,0.01735488,0.01570048,0.01414729
2018-35,-0.02716298,-0.01807229,0.0,-0.03317536,-0.0178626,-0.04302477,-0.01630588,-0.02266737,-0.02607659,-0.04368622,-0.01847804,-0.03979534,-0.01821782,-0.01828571
2018-34,-0.01469559,-0.0142468,0.00706605,-0.00978819,-0.00210495,-0.01324921,-0.01449275,-0.01283807,-0.01088218,-0.01891551,-0.01476793,-0.0374933,-0.01388889,-0.01410019
2018-33,0.01879971,0.01158798,0.00631114,0.02278776,-0.00168557,0.00983607,0.01036124,0.01211376,0.02119982,0.00576369,0.02103592,0.01295775,0.01107157,0.01236917
2018-32,-0.00520457,-0.0017234,-0.00658307,-0.00794834,0.0052976,-0.02824134,0.00028137,0.00408453,-0.00601052,0.00711284,-0.00515362,-0.01511758,-0.00277613,-0.00190767
2018-31,0.00071164,-0.01537489,-0.01225866,0.00394024,-0.00552571,0.00702875,-0.01513067,-0.01291899,0.00162626,-0.00573066,-0.01611047,-0.01243916,-0.01608839,-0.01583458
2018-30,-0.0139821,-0.00831947,-0.01678657,-0.01660755,-0.00882129,-0.03545232,-0.00652706,-0.00895163,-0.01449906,-0.01193093,-0.00812547,-0.03855911,-0.0080352,-0.00864129
2018-29,0.01943814,0.01348788,0.0123494,0.01815505,0.01578459,0.00547112,0.01294409,0.00903091,0.0213959,0.01697086,0.02335006,-0.01681503,0.01493116,0.0141791
2018-28,0.00581066,0.00570825,-0.00030303,0.01095129,0.00357198,-0.02002356,0.00469613,0.00679561,0.00530817,0.00222646,0.00733308,-0.02692308,0.00525088,0.00579764
2018-27,-0.00644348,-0.00482889,-0.00452489,-0.01079948,-0.005378,-0.00923254,-0.00493421,0.00069845,-0.0051013,-0.00345477,-0.00744133,0.01483964,-0.00502415,-0.00501393
2018-26,0.00458716,0.01660198,0.01427685,0.0028002,0.01486636,-0.00527241,0.01745004,0.01522479,0.00312593,0.00509068,0.01118524,-0.00441393,0.01587617,0.01427756
2018-25,-0.00479008,0.0029985,0.00981595,0.0060418,0.00863016,-0.01643991,0.00391608,-0.00212202,-0.00263775,-0.0104551,0.0,0.01124694,0.00236407,0.0032124
2018-24,-0.01758451,-0.00608221,-0.025,-0.01782616,-0.00368494,-0.03094984,-0.00766284,0.00350079,-0.02063313,-0.01205909,-0.01136364,-0.0246397,-0.00578927,-0.0062963
2018-23,-0.02612577,-0.01435603,-0.01186343,-0.03194214,-0.02335962,-0.01930099,-0.01577118,-0.01134996,-0.02467285,-0.04091559,-0.02210449,-0.04372792,-0.01472532,-0.01519812
2018-22,-0.00131441,0.00082457,0.00963785,0.00196197,0.01182458,0.01425554,0.00107672,0.0025992,0.00040972,-0.00057703,-0.0081448,-0.01309472,0.00037943,0.00163815
2018-21,0.01893171,0.01494422,0.0200486,0.01440074,0.00420863,0.01956522,0.0162177,0.01432614,0.01922807,0.0172619,0.02148328,0.01580334,0.01745201,0.0184186
2018-20,0.00239394,-0.01683912,-0.01609599,-0.00272562,-0.01480823,0.00053879,-0.01615466,-0.00501904,0.00416089,-0.01013318,0.00182983,-0.08290155,-0.0164486,-0.01597272
2018-19,-0.02192752,-0.01230583,-0.02866972,-0.02026723,-0.014018,-0.01883746,-0.01287103,-0.01224983,-0.02116619,-0.01665709,-0.02630166,0.00648824,-0.0124489,-0.01107736
2018-18,0.02676399,0.01497743,0.02484286,0.0355204,0.01604198,0.02216066,0.01497326,0.01326121,0.02542849,0.01999412,0.02496787,0.01665313,0.01511145,0.01525331
2018-17,-0.0046829,-0.00082001,-0.00029922,-0.00883204,-0.00297442,0.01015228,-0.00080085,0.00087321,-0.00472091,-0.00088002,-0.01065559,-0.00286533,-0.00056561,0.00018132
2018-16,0.00820003,0.0026574,0.0,0.0102808,0.0093472,0.00282646,0.00346759,0.00944717,0.00767942,0.01172677,0.0068654,-0.01328502,0.00282592,0.00235124
2018-15,-0.00980262,0.000204,-0.00180777,-0.00877724,0.00388002,-0.01875345,-0.00053191,-0.01746276,-0.01494789,-0.01610121,-0.00800142,-0.00198807,-0.00018779,-0.00054064
2018-14,0.01083467,0.01073493,0.01666162,0.01438188,0.00765191,0.00995575,0.0105093,-0.00171733,0.00761562,-0.00144175,0.00989031,0.03572912,0.01007413,0.010031
2018-13,-0.00938589,0.00606314,-0.0030553,-0.00646452,-0.02224877,0.00168539,0.00738108,0.0145614,-0.00723327,-0.00493039,-0.00483784,-0.00786098,0.00654854,0.00703183
2018-12,-0.00262467,0.00289436,-0.00179748,-0.00433224,0.00631104,-0.01300108,0.00323537,0.01251521,-0.00783996,0.00085592,-0.00122915,-0.02084972,0.00399772,0.00365698
2018-11,-0.04320747,-0.0286944,-0.02469136,-0.05344296,-0.02852474,-0.04986737,-0.02700535,-0.01452533,-0.04485806,-0.04061625,-0.03533322,-0.06412674,-0.02813444,-0.02705156
2018-10,-0.00332481,-0.0072566,-0.00858861,0.00276645,-0.00873999,-0.01956746,-0.00893092,-0.00478632,-0.00184794,-0.00608407,-0.01230349,-0.01219963,-0.00817236,-0.00767857
2018-09,0.0372489,0.01850709,0.01971748,0.04441392,0.02385954,0.05400982,0.01850858,0.02152231,0.03421377,0.02257973,0.03089689,0.0089955,0.01818182,0.01821162
2018-08,-0.0370465,-0.0362117,-0.04349054,-0.03673888,-0.03351712,-0.04904491,-0.03661387,-0.03995936,-0.03575198,-0.02365887,-0.03788651,-0.03190718,-0.03576013,-0.03544974
2018-07,0.0158543,0.01095335,0.01354467,0.0160492,0.01020861,0.02884615,0.01085518,0.0030896,0.01527646,0.01918122,0.01743679,0.03850553,0.01102598,0.0129613
2018-06,0.04794799,0.03106233,-0.00819912,0.06460149,0.03125944,0.05895692,0.02915767,0.03683468,0.04782487,0.03436123,0.04722422,0.04825949,0.03033193,0.02838308
2018-05,-0.02524713,-0.01367026,-0.0372617,-0.02793982,-0.04589193,-0.04224569,-0.01749664,-0.0119403,-0.03211639,-0.02796195,-0.01795332,-0.0450627,-0.01617507,-0.01283226
2018-04,-0.04449678,-0.0314126,-0.02071409,-0.04148906,-0.03161724,-0.03571429,-0.03039437,-0.02599967,-0.05074399,-0.03069818,-0.04220671,-0.05921748,-0.03070643,-0.03036506
2018-03,0.02197528,0.01411173,0.01606203,0.02254128,0.01884921,0.02003163,0.01667509,0.00872141,0.02511269,0.01314708,0.02535684,0.02963498,0.01388642,0.0147336
2018-02,0.01930946,0.01199607,-0.00083011,0.02105728,0.01004737,0.01397849,0.01129944,0.01770359,0.01890784,0.00359513,0.0222721,-0.04244955,0.01085973,0.01044205
2018-01,0.00834189,0.01231625,0.00450324,0.00579495,0.01108518,0.00532481,0.01299714,0.0,0.0063358,0.00502372,0.00831169,0.01925096,0.01300843,0.01338971
2018-00,0.01964894,0.02109533,0.02981584,0.02125076,0.01821413,0.00538503,0.02200424,0.02296667,0.02123056,0.01486139,0.02159674,0.03899417,0.02037764,0.02213823
2017-52,0.01355565,0.00556816,0.00328162,0.01687697,0.01407811,0.01112347,0.00700809,0.01261609,0.01503654,0.02359882,0.01539025,0.03658067,0.00627496,0.00548346
2017-51,0.01243679,0.00414079,-0.00059418,0.00966107,0.00670834,0.03098107,0.00351636,0.0022819,0.00704126,0.00029516,0.01222449,0.03764517,0.00381825,-0.00473244
2017-50,-0.0036961,-0.00062775,0.00030276,-0.0055582,0.00724414,0.00057904,-0.00327243,-0.00405501,-0.00212254,0.01227177,0.0003746,0.01643489,-0.00057904,0.0
2017-49,0.0042865,0.00231433,0.00549954,-0.00255143,-0.01304081,0.00472255,0.00164384,0.00230088,0.000999,-0.00570399,-0.00244269,-0.05533118,0.00213344,0.0014782
2017-48,-0.02397952,-0.00583455,-0.03098259,-0.03753639,-0.01035008,-0.02132565,-0.00516445,-0.00789474,-0.02159376,-0.02348107,-0.02172312,-0.00564061,-0.00423647,-0.00293686
2017-47,0.01506186,0.01660013,0.01651156,0.01728093,0.01669219,0.00056786,0.01671691,0.01844953,0.01247401,0.02224859,0.01214351,0.0440806,0.01651447,0.01629328
2017-46,0.00776673,0.00274435,0.00422833,0.00775314,-0.00578739,0.00345224,0.00358028,0.00537346,0.01084507,0.00177725,0.01254917,-0.04955681,0.00253708,0.00372301
2017-45,-0.00596206,-0.00938478,-0.00120192,0.00124727,0.0,0.01168907,-0.00951345,-0.00972419,-0.0022431,-0.01045904,-0.01035886,0.05139006,-0.00867052,-0.00863494
2017-44,0.01751703,0.00738241,0.01689189,0.02013423,0.01105821,0.02422774,0.00798238,0.00517395,0.01833548,0.02395927,0.0109558,-0.00383959,0.00760086,0.00817692
2017-43,0.00793872,0.00147992,0.00338983,0.01484589,0.0010751,-0.01702877,0.00165517,-0.00125022,0.01125379,-0.00029647,0.00623347,-0.00506116,0.00175816,0.00074419
2017-42,-0.00687758,-0.00461506,-0.00552147,-0.0063857,-0.00380402,-0.01382488,-0.00519694,-0.00655563,-0.00583879,-0.00059506,-0.00725987,-0.01047779,-0.00465116,-0.00480148
2017-41,0.01982007,0.01750267,0.0190387,0.02107499,0.02369447,-0.00746697,0.01697746,0.02062602,0.01918605,0.01657625,0.02283105,0.00553191,0.01854409,0.01917654
2017-40,0.01488053,0.00471496,0.00094103,0.0184416,0.001875,0.03935599,0.0047486,0.0045438,0.02048389,0.01130461,0.01701141,0.0392936,0.0037594,0.00396301
2017-39,0.00883674,0.00559862,0.00574346,0.00537003,0.00504811,0.03167702,0.00589722,0.00291598,0.00704225,0.00834621,0.00563983,0.05068043,0.00517104,0.00435936
2017-38,-0.0113876,0.00214087,-0.00407141,-0.00838127,-0.01079414,0.0006006,0.00139548,-0.00323044,-0.01407021,-0.01822528,-0.00795605,-0.02770331,0.00158134,0.00094251
2017-37,0.00227434,0.00107319,0.00694006,-0.00132758,-0.00848111,0.02311056,0.0,0.00126103,0.0051592,-0.00180126,0.00247619,-0.02463704,0.00118977,0.00075572
2017-36,0.00755155,0.01338894,0.00063898,0.00816049,0.00895101,0.01741935,0.01200686,0.01065981,0.01088765,0.00365742,0.00719285,0.0622871,0.01377355,0.01371716
2017-35,0.00881121,0.00613228,0.00606254,0.00454469,0.00561622,0.02823375,0.00599315,0.01032829,0.00763245,0.00914634,0.00930593,0.08534031,0.00565771,0.00578481
2017-34,0.02340989,0.01329787,0.01096774,0.02522306,0.02046969,0.01716172,0.0132948,0.01722846,0.02521394,0.02204284,0.02415842,0.02139037,0.01267894,0.01229028
2017-33,0.00118396,-0.00199247,-0.00226025,-0.00137575,0.00175355,0.00932091,-0.00317369,0.00244637,0.02717224,-0.00277606,0.0068,-0.02107482,-0.00265523,-0.00350604
2017-32,-0.03161711,-0.02351404,-0.02475405,-0.03303,-0.01710877,-0.01726428,-0.02357955,-0.0134504,-0.03186532,-0.03128797,-0.0307361,-0.05963303,-0.0239196,-0.0224482
2017-31,0.00497731,0.00614305,-0.00574163,0.00374341,0.00189125,-0.00467602,0.00572574,0.00564972,0.00318665,0.0021348,0.00395804,0.00846561,0.006691,0.00637928
2017-30,-0.002779,0.00441404,0.01884953,-0.00662702,0.00126763,0.00066534,0.00490337,0.00283607,-0.00288272,-0.00340663,0.0,0.04090909,0.0040783,0.00388802
2017-29,0.00935273,0.00666371,0.00951444,0.01331949,0.006238,0.00472973,0.00551204,0.00874525,0.00971922,0.01032864,0.00983541,0.03064231,0.00676923,0.00724496
2017-28,0.04198062,0.02614825,0.02718121,0.04566703,0.03501562,0.03606103,0.02673797,0.03128055,0.04179962,0.03675048,0.04357798,0.01939394,0.02602308,0.02602082
2017-27,-0.00950629,-0.00431524,-0.0080591,-0.01109918,-0.01385493,0.0070028,-0.00798817,-0.00798442,-0.01002865,-0.00420032,-0.01060071,0.06028834,-0.00544503,-0.00558994
2017-26,-0.01409732,-0.00136054,-0.00471222,-0.01447996,-0.00438953,-0.01737318,-0.00088757,-0.00560495,-0.01261233,-0.01771591,-0.00971677,0.02915254,-0.0010469,-0.000998
2017-25,0.00275989,-0.00498076,0.00714043,0.00268384,-0.00310559,0.00279916,-0.00502067,-0.00038911,0.00478927,-0.0069335,0.00146138,-0.01483479,-0.00501253,-0.00537634
2017-24,-0.0027825,0.00273848,-0.00675447,0.00163607,0.00414182,-0.004954,0.00446828,0.00394244,-0.00048512,-0.0056872,-0.00356843,-0.00067568,0.00442385,0.00401606
2017-23,0.00230769,-0.00677813,0.02046385,-0.00323858,-0.01063656,0.01210826,-0.00647821,-0.01201783,-0.00016023,-0.00312891,-0.00249896,-0.00803213,-0.00811993,-0.00715279
2017-22,0.01087294,0.01484696,0.00925926,0.02561268,0.0065757,0.02936858,0.01459202,0.01276763,0.01343912,0.01458928,0.00586265,-0.0151715,0.01516747,0.01567839
2017-21,0.00906675,0.0002281,0.00447043,0.00830871,0.00296785,0.00442478,-0.00118871,0.00473279,0.01007147,0.00961538,0.01075496,0.01192053,0.00084193,0.0014059
2017-20,-0.00015676,0.00298234,0.00693481,-0.00536838,-0.00181698,0.00373972,0.00388872,-0.00335306,0.0,0.00719189,-0.01127349,0.00132013,0.00253646,0.00181342
2017-19,0.02194964,0.00674105,0.01335207,0.01769743,0.0077246,0.01750381,0.00726832,0.0086,0.01676165,0.01364847,0.02239931,0.02185792,0.00642261,0.00591837
2017-18,-0.00242483,0.01573139,-0.00280308,0.00616808,-0.00485356,-0.01509434,0.01530925,0.00864495,-0.00202361,-0.00806452,-0.00150538,-0.00934579,0.01689043,0.01525144
2017-17,0.01264575,0.00283688,0.01755643,0.02228303,-0.00202361,0.00539707,0.00308261,0.00447064,0.01271041,0.00203321,0.00652458,0.00067613,0.00348584,0.00207469
2017-16,-0.00346535,-0.00144613,0.00467963,-0.00801251,-0.00576174,0.00623053,-0.00282663,-0.00370752,-0.0006924,-0.0087927,-0.00503723,-0.01260783,-0.00266193,-0.00253593
2017-15,-0.00115971,-0.00314846,-0.00862689,0.00098078,-0.00033881,-0.00234375,-0.00315457,0.00605807,0.00052047,0.00648907,0.00022095,-0.02373316,-0.00267738,-0.00276184
2017-14,-0.00410644,-0.00505415,-0.0078264,-0.00948326,-0.00016872,-0.00617284,-0.00533082,-0.00249428,-0.00275292,-0.01274313,-0.00503172,0.01163542,-0.00531797,-0.0046492
2017-13,-0.00608453,-0.00216294,-0.00035423,0.00058754,0.00826865,-0.00849421,-0.00281426,-0.00186645,-0.00824601,0.0239071,-0.0078637,0.012394,-0.00243201,-0.00252898
2017-12,-0.00442188,-0.00024079,-0.01322659,-0.00701208,-0.00686767,0.00230238,-0.00125196,0.0026943,-0.00068505,-0.00203804,-0.0039071,-0.02896725,0.0,0.00063358
2017-11,0.02666893,0.01542228,0.02549372,0.02698316,0.02585459,0.0172956,0.0146357,0.02668659,0.02497343,0.02455279,0.02542754,0.01526718,0.01576222,0.01503436
2017-10,0.00293205,0.00123365,-0.00357782,0.00370599,-0.00751223,0.01286174,0.0028911,-0.00364026,0.00126035,0.00638751,-0.0052166,-0.05173463,0.00181612,0.00238095
2017-09,-0.00787536,0.0054415,0.00927578,-0.00796406,-0.0066041,0.00887097,0.00449871,-0.0059727,-0.00877979,-0.02725078,-0.00316599,-0.02815249,0.00477924,0.00433651
2017-08,-0.00068224,-0.00564833,-0.00421348,-0.00485633,-0.00431109,-0.00721732,-0.00479846,-0.00381841,0.00125022,-0.00068776,-0.00693357,-0.01596351,-0.0070009,-0.00688616
2017-07,0.00275767,0.0024728,-0.00599225,0.00928026,-0.00156196,-0.00486618,0.00064371,0.00063993,0.00017979,0.00069857,0.00090477,0.01585437,0.00250227,0.00108342
2017-06,0.0113696,0.00977444,0.0,0.004158,0.01593484,0.02600671,0.00912349,0.01392515,0.0081729,0.01206958,0.01381534,0.00362319,0.00899446,0.01010989
2017-05,0.01275239,0.01057935,-0.00252071,-0.00393864,0.0117668,-0.00170648,0.01047463,0.00895001,0.01460799,0.02207745,0.01445558,0.03378378,0.01159017,0.0117153
2017-04,0.01542324,0.00984848,0.01202624,0.01384228,0.01132075,0.00943396,0.00952068,0.01409381,0.02053117,0.0131291,0.01079559,0.02913825,0.00953488,0.00908487
2017-03,-0.00451101,-0.00252972,0.00146574,-0.0023246,-0.00665707,0.01219512,-0.00164474,-0.00177817,-0.00980392,-0.01155652,-0.0049763,0.00125865,-0.0018622,-0.00222124
2017-02,0.02098288,0.01330263,0.01783724,0.02464332,0.01591366,0.02146691,0.01532822,0.00491181,0.01591563,0.02579439,0.02129204,0.02439024,0.01223242,0.01370171
2017-01,0.01915133,0.01556824,0.0220281,0.01339776,0.01850121,0.01183971,0.01416049,0.01039078,0.01569859,0.01402046,0.01569397,0.02813128,0.01720841,0.01640465
2016-52,0.01111963,0.00498165,-0.01024279,0.01101124,0.00626781,0.01403181,0.00477816,0.01240239,0.01144578,0.00078339,0.01637692,0.00889802,0.00435203,0.00646801
2016-51,-0.01232695,0.00078678,-0.02331606,-0.01178563,-0.01318516,-0.01660517,0.0,-0.00045945,-0.0170432,-0.00390778,-0.00752823,-0.00811359,0.00024195,-0.00046189
2016-50,-0.01850824,-0.01087519,-0.00258398,-0.01503268,-0.01896171,-0.01891892,-0.0111261,-0.01198824,-0.02265686,-0.02582605,-0.018591,-0.03979126,-0.00957167,-0.0109539
2016-49,0.01299425,0.02297333,0.03174603,0.00978048,0.0178273,0.00792952,0.0223291,0.01901925,0.01695906,0.01974448,0.02007435,0.04161074,0.02389078,0.0234502
2016-48,-0.00148644,0.00160043,-0.00037936,0.0110205,-0.00167193,-0.01223776,0.00208333,-0.00574317,-0.00234512,-0.01977186,-0.00792864,-0.01447368,0.00345083,0.00399436
2016-47,0.01168268,0.00373533,0.00802446,0.01526718,0.01100778,0.0088574,0.00452646,0.004869,0.01073345,0.01036468,0.00677201,0.04818436,0.00344998,0.00423131
2016-46,0.00838415,-0.00348806,0.01628538,0.00888383,0.00419527,0.02367942,-0.00350263,0.00751527,0.00724055,-0.00690979,0.01073894,-0.01403509,-0.00470413,-0.00283755
2016-45,-0.05720905,-0.02139316,0.00347356,-0.04628633,-0.04095377,-0.03144105,-0.02277362,-0.0472913,-0.05410483,-0.03905674,-0.06872933,0.04249084,-0.01881331,-0.02026249
2016-44,-0.02181298,-0.02290474,-0.0274024,-0.02116174,-0.01718779,-0.0237467,-0.0240027,-0.02900461,-0.02632074,-0.01579721,-0.0321437,-0.01322557,-0.02257445,-0.02270122
2016-43,-0.0227392,-0.00980392,-0.00261097,-0.02116513,-0.02032009,-0.02544529,-0.00938023,-0.02076125,-0.01402473,-0.02377522,-0.02208275,-0.01253687,-0.00952835,-0.00999773
2016-42,0.01464286,0.01546932,0.01246224,0.01539119,0.00854856,0.01911381,0.01602455,0.01579294,0.01259872,0.00469653,0.01976661,0.01812689,0.01401982,0.01360387
2016-41,-0.03407331,-0.02073733,-0.00817844,-0.03696099,-0.02679831,-0.03093645,-0.01835169,-0.01989305,-0.03160189,-0.03115156,-0.03067343,-0.03005865,-0.0193991,-0.01918303
2016-40,-0.00155844,-0.00588536,0.00111649,0.00750156,0.00321371,0.01633706,-0.00732845,-0.01529962,-0.00218221,-0.01045661,-0.00069767,-0.01470588,-0.00661001,-0.00697727
2016-39,0.01090973,0.00876967,0.00074488,0.01785335,-0.00972247,0.01399825,0.00805369,0.00946644,0.01638734,0.0309019,0.01087728,0.02773613,0.00857347,0.00862265
2016-38,0.01535475,0.02323153,0.03436426,0.01556835,0.01734843,0.01300954,0.02346939,0.01838633,0.02030551,0.02411399,0.02000476,-0.03010753,0.02316043,0.02205882
2016-37,-0.00601238,-0.02259307,-0.01836582,-0.00745951,-0.00932529,-0.00342759,-0.0246996,-0.01714898,-0.00430954,-0.0198987,-0.01043891,0.01094891,-0.0250947,-0.02459386
2016-36,-0.02762431,-0.02546005,-0.01742677,-0.02432432,-0.02603424,-0.00767918,-0.02491803,-0.0293378,-0.03062149,-0.02574048,-0.03664439,-0.03034483,-0.02400373,-0.02246441
2016-35,0.01320485,0.01341243,0.01144165,0.01012277,0.00108893,0.02139037,0.01309164,0.00578654,0.00671266,0.00400146,0.00949893,-0.00685401,0.01263409,0.00998412
2016-34,-0.00196886,-0.00873362,-0.00644183,-0.00238198,-0.00307025,0.00539568,-0.01001335,-0.01363152,0.00150235,-0.00181488,-0.00782918,-0.02439024,-0.00901756,-0.0083578
2016-33,-0.00912761,-0.00535578,0.0018875,-0.00171895,-0.00906667,-0.02782609,-0.00431177,-0.01445329,-0.00849492,-0.01212986,-0.00743322,0.01688049,-0.00471476,-0.00493827
2016-32,0.01511607,0.01641908,0.01815373,0.00414938,0.00360101,0.03467153,0.0159322,0.01345866,0.01572565,0.00468637,0.01572927,-0.0033557,0.01614458,0.01420064
2016-31,0.00986482,0.00552196,0.00234283,0.00551876,0.0021842,0.00646353,0.00409976,0.0060436,0.00940499,0.00435414,0.01410506,0.02274294,0.00218447,0.00415512
2016-30,0.01446319,0.01701223,0.0164,0.01272438,0.01447393,0.01503759,0.0183518,0.01328397,0.01448141,0.0335175,0.0162762,0.00273973,0.01744472,0.01848818
2016-29,0.00239852,-0.00211416,-0.00199681,0.00271186,-0.00018454,0.00280374,-0.00137883,0.00304745,0.00097276,-0.0010981,0.0,-0.03650587,-0.0026908,-0.0006993
2016-28,0.02221378,0.0175486,0.01664637,0.02762819,0.02276608,0.01628352,0.01831631,0.01596806,0.01934583,0.02528302,0.02395361,0.00852459,0.01698302,0.01809955
2016-27,0.01084431,0.01022664,0.01522199,0.0097782,0.01101875,0.00589971,0.01009009,0.01226437,0.01142391,-0.00653595,0.01496388,0.02,0.01100307,0.01096758
2016-26,0.06536347,0.06257209,0.03891561,0.05828373,0.05914523,0.06701031,0.06478343,0.06540284,0.07041649,0.06753458,0.07334963,0.06969697,0.06323372,0.06045212
2016-25,-0.02283914,-0.04567568,-0.02404643,-0.02328373,-0.01810311,-0.01988072,-0.0469467,-0.03753653,-0.0203193,-0.02527216,-0.0274223,-0.04483986,-0.04451113,-0.04683785
2016-24,0.00340818,0.00221545,0.00511509,0.00245158,-0.00300661,0.00402414,-0.00036101,0.0009187,0.00444162,-0.00748326,0.00506937,0.01440922,0.00307692,0.00243784
2016-23,-0.01782946,-0.02760818,-0.00791007,-0.00785527,-0.01172104,-0.02859867,-0.02667129,-0.0204399,-0.02002043,-0.00655611,-0.01833678,-0.0454854,-0.02704031,-0.02803083
2016-22,0.01431696,0.01026472,-0.0033195,0.01990172,0.01749447,-0.00670498,0.01021127,0.01617312,0.01817802,0.01266324,0.02208622,0.03620565,0.0089955,0.01118249
2016-21,0.02908416,0.02426917,0.02687713,0.02998462,0.01873585,0.02197802,0.02520706,0.02346654,0.02797658,0.0149314,0.02566903,0.03533026,0.02503832,0.02430724
2016-20,-0.01123137,-0.00845608,-0.00467091,-0.00282196,0.0006192,-0.02588686,-0.00677362,-0.01123853,-0.00798619,-0.01117318,-0.01078167,-0.02180451,-0.00683198,-0.00864346
2016-19,-0.00902564,-0.00467418,0.00941378,-0.01762002,-0.00980993,-0.01454898,-0.0043088,-0.00668357,-0.0134112,-0.00757576,-0.00271739,0.02336449,-0.0048457,-0.00412521
2016-18,-0.03607136,-0.03128314,-0.01671542,-0.03422983,-0.03219474,-0.03597786,-0.03185596,-0.03162584,-0.03707539,-0.03771429,-0.03863988,-0.03727599,-0.02931757,-0.03019663
2016-17,-0.01297947,-0.0061008,-0.03541247,-0.01616405,-0.02166763,-0.02160216,-0.00794199,0.00112461,-0.00721055,-0.01652893,0.00102907,-0.02635328,-0.00884521,-0.00771569
2016-16,-0.00917431,0.00905459,0.02531646,-0.00429287,0.00289184,-0.00089445,0.00831601,0.00269663,-0.00868687,-0.00705533,-0.00559796,0.07342922,0.00912454,0.00891809
2016-15,0.02363135,0.03042035,0.04460493,0.02843016,0.027,0.03914259,0.0294752,0.01489459,0.02303861,0.01558935,0.02247778,0.03993735,0.02966752,0.02796013
2016-14,-0.01061529,0.0,-0.0084246,-0.00938272,-0.00701122,0.0056926,0.00036049,-0.00023079,-0.01776492,-0.00190331,-0.00943149,-0.01278977,-0.00128107,0.002442
2016-13,0.01606505,0.00387812,-0.00627878,0.01139178,0.01041875,0.02601156,0.00505415,0.0193338,0.01479783,0.00304298,0.02009519,0.05053853,0.00332821,0.00243724
2016-12,-0.01695906,-0.01965602,-0.02748154,-0.01710237,-0.01985063,-0.03168686,-0.01957295,-0.02019738,-0.02029104,-0.01388889,-0.02104443,-0.03508772,-0.01894418,-0.02019231
2016-11,0.02644231,0.01019846,0.00788709,0.02933066,0.02203084,0.01821668,0.01260807,0.01302629,0.02619349,0.02625483,0.03008327,-0.00639488,0.01202046,0.01168736
2016-10,0.01069843,0.01733781,0.01474926,0.01653944,0.00683554,0.00677638,0.01715328,-0.00519358,0.00870119,0.01202483,0.01323966,-0.02239382,0.01684811,0.01674464
2016-09,0.07287188,0.05861456,0.07429086,0.06851902,0.07261366,0.05065856,0.05948243,0.06326889,0.06172561,0.05699057,0.08008154,0.13285458,0.05756579,0.06023468
2016-08,-0.02217061,-0.01194291,-0.01827909,-0.01721854,-0.02586207,-0.04081633,-0.0121673,-0.01755253,-0.02382012,-0.0177205,-0.02879954,0.04567079,-0.01215559,-0.01003086
2016-07,0.0047681,0.01164875,0.01447309,0.00353069,0.03087517,0.02561475,0.0116777,0.01867008,0.00892449,0.00995438,0.00943396,0.03158934,0.01162147,0.01131281
2016-06,-0.00485651,-0.0102626,-0.02603929,-0.00111514,-0.00177384,0.01626898,-0.00866142,-0.0080207,-0.00903405,-0.00295608,-0.01071429,-0.02514507,-0.01006711,-0.01299046
2016-05,-0.01333047,-0.02173283,-0.03686036,-0.0125136,-0.00694746,-0.03465851,-0.02192817,-0.02431762,-0.01309846,-0.02165033,-0.00988947,0.02683897,-0.02359249,-0.01890166
2016-04,0.03666888,0.03931573,-0.00526778,0.02865974,0.0308311,0.00101729,0.037544,0.05080771,0.03860465,0.01910017,0.05602923,0.0040201,0.03976641,0.04131356
2016-03,0.0068072,0.01591592,-0.00563014,0.00418644,0.01792603,-0.00099305,0.01131928,0.0080415,0.00925926,0.00598291,0.01428137,0.01425662,0.01528627,0.01318913
2016-02,-0.0360302,-0.0331087,-0.03389831,-0.04041507,-0.03694636,-0.04567541,-0.03353659,-0.02007722,-0.04064487,-0.032,-0.03861004,-0.05728155,-0.03569497,-0.03651324
2016-01,-0.05274995,-0.05198777,-0.04991948,-0.0518269,-0.05488959,-0.07091562,-0.05072464,-0.03910068,-0.04654687,-0.04963971,-0.05441795,-0.06601249,-0.051888,-0.05040372
2016-00,-0.01118744,-0.00945435,-0.00708941,-0.02312423,-0.00852965,-0.00343938,-0.01126761,-0.00541049,-0.01833539,-0.02276235,-0.01375034,0.00530504,-0.00875876,-0.00858164
2015-51,0.01501086,0.02031851,0.01705491,0.01707921,0.03283458,0.01375752,0.02368988,0.02569645,0.02007948,0.01977511,0.01607192,0.08787011,0.02321429,0.02184466
2015-50,0.0182704,0.00500278,0.02403259,0.0169363,0.01667018,0.01223776,0.00726216,-0.0012089,0.02590674,0.02197363,0.01818182,-0.08730159,0.0046344,0.00639449
2015-49,-0.04279545,-0.03983957,-0.0601072,-0.04146341,-0.04344296,-0.05661948,-0.03983229,-0.04161823,-0.04464845,-0.03308965,-0.05294276,-0.04924875,-0.03923516,-0.04004739
2015-48,0.00330354,0.00212089,0.02305246,0.00581395,0.01576713,0.0,0.0,0.00980163,0.0004111,0.00114199,-0.00211138,0.0008071,0.00098449,0.0030581
2015-47,-0.01576923,-0.00105736,-0.02711077,-0.01577061,-0.01532338,-0.03588907,-0.00206825,-0.01858651,-0.01359026,-0.00454201,-0.02040816,0.01901743,-0.00171737,-0.00234797
2015-46,0.02006624,0.01655099,0.0,0.0171332,0.02820045,0.03101425,0.01813743,0.02313625,0.01910828,0.02292152,0.02521671,-0.00394945,0.01584158,0.01655629
2015-45,-0.0258388,-0.01910321,-0.05124283,-0.0212766,-0.0248,-0.04376013,-0.01732502,-0.0161215,-0.02707618,-0.01653846,-0.0237722,-0.03875969,-0.01797587,-0.0199765
2015-44,-0.00112994,-0.01191093,-0.00304994,-0.00233973,-0.014355,0.01364366,-0.00915875,-0.00321322,-0.00688434,-0.00337965,-0.00683371,0.00154919,-0.01107366,-0.01217271
2015-43,-0.02818991,-0.01418623,-0.01863118,-0.01988899,-0.02905983,0.01463415,-0.01549865,-0.01828989,-0.02832202,-0.02169847,-0.02782652,-0.03071161,-0.01318313,-0.01441648
2015-42,0.01963718,0.01405152,0.01954652,0.02197802,0.01532861,0.03352892,0.01602455,0.01479085,0.01682645,0.01248581,0.01233635,0.02406015,0.01671107,0.01689815
2015-41,0.02025364,0.00782677,0.0043273,0.02639715,0.0040176,0.01949153,0.00853534,-0.00206375,0.02096934,0.0188172,0.01441214,-0.00222058,0.00874423,0.00881262
2015-40,0.03233976,0.02672368,0.02533172,0.03944773,0.04586241,-0.00596252,0.02836134,0.02962615,0.0371732,0.0159409,0.03516541,0.07244094,0.02710094,0.02624113
2015-39,0.06086773,0.04295875,0.03381849,0.05318867,0.03438819,0.10591603,0.04491018,0.04972236,0.06175033,0.02265372,0.06513735,0.01231527,0.04232804,0.04751074
2015-38,-0.03585657,-0.02656546,-0.01391731,-0.03532064,-0.02842169,-0.01646844,-0.02669039,-0.03138476,-0.03616221,-0.0344294,-0.03753994,-0.05048983,-0.02696573,-0.02578313
2015-37,0.01353262,0.00244432,0.01604938,0.01524778,0.00808244,0.02073516,0.00142399,0.00764636,0.01811208,0.01379039,0.01268898,-0.03246753,0.00354072,0.00024125
2015-36,0.01383801,0.00189394,-0.00040733,0.00661241,-0.00382756,0.01505174,0.00248668,0.00526568,0.01597927,0.01996008,0.01171662,0.0065123,0.00100654,0.0016835
2015-35,-0.04506871,-0.04188901,-0.04614767,-0.03472045,-0.04646465,-0.04450758,-0.04070175,-0.03352219,-0.04582441,-0.04827316,-0.04641803,-0.02008608,-0.03904501,-0.04174573
2015-34,0.08201001,0.05395583,0.06590621,0.07203274,0.05680851,0.06072478,0.05164835,0.05668821,0.10732054,0.09326425,0.08357432,0.10795902,0.05089587,0.05254027
2015-33,-0.07461832,-0.06377615,-0.05458681,-0.07485605,-0.04920847,-0.09623431,-0.06028486,-0.06099482,-0.08276002,-0.07695238,-0.07102708,-0.11784068,-0.06298291,-0.06289167
2015-32,-0.03517405,-0.02400784,-0.03085966,-0.03324925,-0.03631387,-0.03688853,-0.02257336,-0.03023711,-0.03512157,-0.03899417,-0.03651412,-0.03331198,-0.02459576,-0.0248366
2015-31,-0.00147792,-0.00024826,0.0,-0.00185744,-0.00695716,0.02341137,-0.00227939,-0.00723526,-0.002936,0.00858209,-0.00247097,-0.00652316,-0.00184374,0.0004415
2015-30,0.01495293,0.02170073,0.03458647,0.02501754,0.03303638,0.01337793,0.02318649,0.01946903,0.01033945,0.0274333,0.01756991,0.02289078,0.02084309,0.01924368
2015-29,-0.02534765,-0.02627737,-0.02667628,-0.02369245,-0.0332508,-0.01417323,-0.02240717,-0.03193739,-0.0156512,-0.02338327,-0.03507951,-0.03163772,-0.02623247,-0.02657161
2015-28,0.00122613,0.00710262,0.00770642,0.00512935,0.00373732,-0.00853375,0.00449871,0.00595238,0.00500278,0.0077634,0.00139632,-0.00364742,0.00637088,0.00631121
2015-27,-0.00856793,0.0144819,-0.0091878,-0.01371681,-0.00921986,0.00719424,0.01638807,0.00838349,-0.02035577,-0.01490367,-0.00698649,-0.03684211,0.01390821,0.01284038
2015-26,0.01903444,0.00812808,0.00548847,0.00605144,0.01964568,0.01003086,0.00873221,0.00870858,0.01821789,0.02997076,0.01912002,-0.00725042,0.00732768,0.00764359
2015-25,-0.01186696,-0.00689655,0.0028551,-0.01378158,-0.01359619,-0.02549162,-0.00717629,-0.0113332,-0.01296199,-0.00140895,-0.00803034,-0.0748503,-0.00641451,-0.00570101
2015-24,0.00629787,0.00461725,-0.01103203,0.00445955,0.00846141,-0.01875902,0.00477099,0.01997026,0.00732666,0.01763859,0.00819113,-0.01776284,0.00452182,0.00388098
2015-23,-0.00083808,0.00826245,0.01480679,0.00251783,0.0015382,0.00996441,0.00700414,0.00932203,-0.00422461,0.00685179,0.00225734,-0.00768861,0.00769057,0.00842333
2015-22,-0.01936331,-0.01198179,-0.01927795,-0.00975104,-0.01819101,-0.01381215,-0.01255099,-0.02264229,-0.01819118,-0.02696078,-0.0214412,0.00811456,-0.01270053,-0.01171459
2015-21,-0.02732502,-0.005458,-0.00765217,-0.0255739,-0.02572084,-0.03173531,-0.00682382,-0.00473836,-0.02511721,-0.01464578,-0.02073434,-0.00190114,-0.00728316,-0.00695909
2015-20,0.01463964,-0.0027894,0.01077137,0.01732926,0.00245902,0.04192872,-0.00121914,-0.01084773,0.0205803,0.00402145,0.00149158,-0.01774872,-0.00259965,-0.00206868
2015-19,0.01407312,0.01765952,0.01230228,0.01186822,0.01765385,0.00637845,0.01632779,0.01768652,0.00776502,0.02482149,0.0182835,0.02827521,0.01866081,0.01951731
2015-18,-0.01993721,0.00187091,-0.00963192,-0.01886418,-0.01872599,-0.01474719,0.0,0.01265306,-0.01968504,-0.01813386,-0.01116024,-0.04217926,0.00065416,0.00125052
2015-17,-0.01940692,-0.00950174,-0.02733716,-0.01670926,-0.02070819,-0.02357836,-0.01030615,-0.01533804,-0.01996105,-0.02504065,-0.01604167,0.00313339,-0.00952175,-0.00889901
2015-16,0.02298851,0.02164605,0.02897033,0.02723577,0.03028319,0.05077263,0.02401747,0.02508292,0.02481679,0.02003339,0.02574003,0.03733084,0.02198046,0.01972847
2015-15,-0.00682756,0.00262593,0.00638524,-0.01412429,-0.00917281,-0.05485232,0.00533584,-0.00432455,-0.00612786,0.00473773,-0.00064309,0.00185529,0.00378872,0.0038355
2015-14,0.03822706,0.01201634,0.01612325,0.04070013,0.02255262,0.09610984,0.00755192,0.01387738,0.03725962,0.01428086,0.02628121,0.0348892,0.01233737,0.01179245
2015-13,0.01534829,0.0058651,0.00217077,0.00968575,0.00904746,0.04270749,0.00609952,0.01699958,0.01746032,0.02649241,0.02409091,0.01429276,0.00593066,0.00654736
2015-12,-0.00782446,-0.01188743,-0.02199361,-0.00865801,-0.00649462,0.01939292,-0.01496339,-0.0183583,-0.01767409,0.02176279,-0.01591995,-0.02284881,-0.01400181,-0.01447084
2015-11,0.02422025,0.02910186,0.02633504,0.02145543,0.0234102,0.0419214,0.02924745,0.03149606,0.02446095,0.0342772,0.02962615,-0.00693413,0.02797203,0.02811245
2015-10,-0.01563043,-0.0145,-0.00919456,-0.0097843,-0.01479805,-0.01127493,-0.01504251,-0.02313514,-0.01878952,-0.02214839,-0.02097413,-0.02880461,-0.0144052,-0.01444444
2015-09,-0.02454299,-0.02436647,-0.01366415,-0.02455454,-0.03075883,-0.02449324,-0.0242579,-0.02933166,-0.02542373,-0.0127924,-0.03060306,-0.04219409,-0.02316076,-0.02302846
2015-08,0.00978205,0.00589536,0.007249,0.00848404,0.00765306,-0.01256281,0.00739788,0.00714736,0.01618414,0.01807664,0.01068182,0.00141443,0.00617143,0.00656024
2015-07,0.00222032,0.01062253,0.02416697,0.00244771,0.00169492,-0.00166251,0.01131953,0.00886637,0.00537249,0.01672727,0.00203344,0.00520833,0.01220074,0.01011879
2015-06,0.01821968,0.02406891,0.030326,0.01447636,0.01981734,0.03237095,0.02393617,0.01960362,0.01948288,0.00769795,0.02141377,0.06129686,0.02411348,0.02303003
2015-05,-0.00189655,0.00610066,0.0317092,-0.00583221,0.00882506,0.00173762,0.00599201,0.00151581,0.00400437,-0.00761974,0.00253515,0.02428941,0.00640721,0.00520833
2015-04,-0.03271186,-0.02070184,-0.03579418,-0.03402399,-0.02395726,-0.01030043,-0.0237467,-0.01994852,-0.04148201,-0.00329308,-0.03678628,-0.03524673,-0.0204947,-0.01959901
2015-03,0.03011204,0.01160392,0.02874665,0.03179256,0.02922423,0.03094607,0.01245372,0.01845343,0.03308215,0.01608679,0.03071911,0.01603725,0.01130351,0.00919118
2015-02,0.01613475,0.01628151,0.01957713,0.01050468,0.00980217,-0.01475694,0.0188744,0.017713,0.01393016,0.01095166,0.01151316,-0.02897814,0.01888644,0.01803701
2015-01,0.02352515,0.01003963,0.00865801,0.02334267,0.02059621,0.01665206,0.01106883,0.02022268,0.01998492,0.0273224,0.02977906,0.00399401,0.01036525,0.01252067
2015-00,-0.00533903,-0.0180203,-0.01110686,-0.01142596,-0.01303276,-0.00262467,-0.01565623,-0.01709776,-0.01004277,0.00665883,-0.0084408,0.01239465,-0.01544677,-0.01389838
2014-51,0.00231646,0.0035506,0.00192234,0.00759144,0.00459445,0.02661934,0.00599002,-0.00284651,0.00093284,0.00274617,0.00163743,0.00498753,0.00522565,0.00752566
2014-50,0.0200552,0.03843096,0.03538767,0.02302944,0.03010713,0.00267618,0.03929068,0.0416,0.02005399,0.01642628,0.0362923,0.05364583,0.03971209,0.03635068
2014-49,-0.03525472,-0.0400902,-0.02394527,-0.03135729,-0.02892926,-0.02756245,-0.04010519,-0.02422523,-0.0373728,-0.01542722,-0.04520295,0.0,-0.03871422,-0.0391275
2014-48,0.01434136,-0.00049493,0.01141553,0.0203987,0.01256637,0.00337838,0.00065062,-0.00470588,0.01640261,0.00668765,0.00319343,-0.00992556,0.0,0.00155763
2014-47,0.0017452,-0.00514832,0.00187547,0.00411147,-0.00874936,-0.00328947,-0.00644538,-0.00528653,0.00295312,0.00384615,-0.01153761,-0.02389878,-0.00482537,-0.00484902
2014-46,0.01268946,0.01647118,0.0106141,0.0071052,0.00863111,0.00164069,0.01641497,0.026658,0.01289479,-0.00303605,0.03088803,-0.00323326,0.01684999,0.01635305
2014-45,0.00702988,0.00373785,0.00678477,0.00706311,0.0018797,0.02396694,0.00625,0.00587595,0.00483811,0.01258101,0.00293255,0.01403181,0.00444133,0.00447628
2014-44,-0.00718542,-0.00819062,-0.01373932,-0.00733608,-0.00960384,-0.00740741,-0.00850507,-0.01356005,-0.00814966,-0.00981132,-0.01315789,-0.01115242,-0.00976063,-0.00911719
2014-43,0.02867384,0.03096447,0.05261122,0.03791804,0.03102667,0.043257,0.03042461,0.03129132,0.03368023,0.0193769,0.03107151,0.00981308,0.03255703,0.03183265
2014-42,0.00935252,0.01564905,0.003108,0.00874085,0.0140277,0.0,0.01521813,0.00640318,0.002646,0.0164751,0.00477598,-0.0147585,0.01731185,0.01653652
2014-41,0.00181785,0.00388299,-0.00707547,0.00261842,0.0042261,-0.00166667,0.0,0.01984216,-0.00724223,0.00545171,-0.00589837,0.00757238,0.00218076,0.00115768
2014-40,-0.02267047,-0.04074534,-0.02615385,-0.02911039,-0.01546481,-0.00657895,-0.0406291,-0.03265839,-0.02553588,-0.03710716,-0.03236533,-0.04553265,-0.03915171,-0.04048943
2014-39,-0.00570919,-0.02133399,-0.01180053,0.00567376,-0.0066041,-0.00497512,-0.02167583,-0.0225855,-0.00576852,-0.01641179,-0.0060241,-0.04520946,-0.02070393,-0.01977587
2014-38,-0.00539882,-0.01317365,-0.01042054,-0.00712644,-0.00883002,0.00486618,-0.01201771,-0.01032448,-0.00584582,0.00219058,-0.00824116,0.0,-0.01325843,-0.01202491
2014-37,0.0,-0.00023798,-0.0029347,-0.00851636,-0.00915294,-0.01733649,-0.00250705,-0.00062762,-0.00519248,0.00508351,-0.00255754,-0.0404384,-0.00156111,-0.0008527
2014-36,-0.02239177,-0.01080319,-0.00897666,-0.01852659,-0.025,-0.03150788,-0.01175743,-0.01367026,-0.02247387,-0.01912181,-0.03024691,-0.0448833,-0.01013439,-0.01198234
2014-35,0.01657736,0.00584249,0.00793079,0.01893856,0.01199741,0.01601831,0.00369231,0.00994819,0.0143986,0.0088433,0.01760928,-0.00566372,0.00547885,0.00501987
2014-34,-0.00332336,-0.0004674,0.00072595,-0.00622986,-0.00550518,-0.01742424,-0.00092308,-0.00575067,-0.00296788,-0.01165182,0.00062163,-0.02111932,-0.00109577,-0.00083595
2014-33,-0.00049992,0.00023518,-0.00974026,-0.0019359,0.00065147,-0.01573034,-0.00123762,-0.001657,-0.0017507,0.01017544,-0.00083368,-0.01100791,-0.00176211,-0.00168173
2014-32,0.00810127,0.00859189,0.01403768,0.00937841,0.01754093,0.00150602,0.009431,0.00293132,0.00869257,0.01325215,0.00528206,-0.00926561,0.00940018,0.00854153
2014-31,-0.01410106,-0.01651723,-0.01759531,-0.00978899,-0.00868258,-0.00977444,-0.01708605,-0.01200253,-0.0125331,-0.0074893,-0.01557567,-0.00410818,-0.01549358,-0.01772526
2014-30,-0.0108623,-0.02543353,-0.01306241,-0.00543006,-0.00826037,-0.00832073,-0.02466504,-0.02314625,-0.01438092,0.00035932,-0.02160366,-0.03219316,-0.02559653,-0.02605459
2014-29,0.01386511,0.00583022,0.01520208,0.01650312,0.00873656,0.02647975,0.00583359,0.0,0.01003944,0.00655499,0.00929054,0.02696078,0.00546687,0.00562734
2014-28,0.00085881,-0.00023234,0.00110824,0.00134559,0.00202566,-0.00920952,0.00214592,-0.0081367,0.00216255,0.00328827,-0.00148054,-0.00313917,0.0,-0.0008316
2014-27,-0.00957429,-0.01316093,-0.01003344,-0.00402955,-0.00339098,-0.01750381,-0.01339422,-0.00973236,-0.00450369,-0.00655022,-0.00445387,-0.01641635,-0.01472818,-0.0136251
2014-26,0.02219504,0.01442531,0.01310371,0.01971895,0.01828532,0.02730109,0.01440834,0.01294432,0.02207506,0.01738166,0.01988759,0.02313167,0.01441048,0.01393221
2014-25,0.01311359,-0.00209011,-0.00265655,0.01822376,0.00711435,0.02154828,-0.0039804,-0.00020555,0.01101363,0.00707372,0.00651466,0.01149013,-0.00196335,-0.00166251
2014-24,-0.00211566,0.01007734,0.01894818,-0.0032,0.00156087,0.00238663,0.01021356,0.0070306,-0.00055939,-0.00259933,0.00325945,0.00733945,0.00900703,0.00984293
2014-23,-0.00315845,-0.00419776,-0.00537016,-0.00431426,-0.00534299,0.01117318,-0.00554358,-0.00062009,-0.00092421,-0.0033284,-0.00215843,-0.02131503,-0.00371829,-0.00333611
2014-22,0.01067426,0.01203682,0.02035225,0.00113688,0.00399098,-0.0071885,0.00933416,0.00811993,0.0076464,0.00933881,0.01852669,0.00292719,0.01040053,0.01096815
2014-21,0.00071544,0.00023646,0.0146709,0.00436681,0.00052393,-0.00080451,-0.00124688,0.0,-0.00205954,0.00941974,-0.00352734,-0.02736318,0.00066637,0.00042391
2014-20,0.00697924,0.00548664,0.00358138,0.00552613,0.0036662,0.0,0.00597109,-0.00333264,0.00806754,0.01097238,0.00527473,0.00542888,0.00628084,0.00642398
2014-19,0.02043423,0.00214797,0.00039714,0.01472651,0.01857092,0.0008058,0.00157134,0.01056412,0.02367661,0.01714939,0.01337196,-0.02772903,0.00067265,-0.00149573
2014-18,-0.00166574,0.0,0.0044337,0.00214184,0.0051832,-0.03426295,0.00190235,-0.00128096,-0.00038858,0.00580046,0.00613776,-0.03532236,0.00067843,0.0
2014-17,0.00594023,0.00994904,0.02336066,0.00332384,0.00644238,0.01286174,0.01217558,0.00449968,-0.00426687,0.00540958,0.00891021,-0.00549639,0.01164649,0.01044386
2014-16,-0.01895735,-0.00629083,-0.01330645,-0.02216519,-0.01419698,-0.02750191,-0.00544174,-0.01214575,-0.02159786,-0.01571483,-0.02091768,-0.00101937,-0.00614754,-0.00758068
2014-15,0.00036304,0.01126071,-0.00440529,-0.00301764,0.00498931,-0.0015163,0.01363194,0.01159296,0.00747699,0.00693642,0.00677048,-0.00877489,0.01082201,0.00920447
2014-14,0.01910946,-0.00635231,-0.00282258,0.0147024,0.01556561,0.01712062,-0.00614489,-0.00107782,0.01031329,0.0183953,0.0095498,0.03423932,-0.00620404,-0.00655881
2014-13,0.00953271,0.00244439,0.00561798,0.01685529,0.00381471,-0.00695518,0.00323415,-0.00064544,0.00882526,0.00470404,0.00711989,0.01172708,0.00229568,0.00371747
2014-12,0.0267668,0.02522068,0.03017776,0.03491019,0.03274986,0.01822504,0.02601734,0.02327128,0.03292929,0.02108309,0.03245823,0.01696751,0.02561062,0.02319297
2014-11,-0.00828516,-0.00852344,-0.01383238,-0.01309494,-0.01159529,0.0055205,-0.00664231,-0.00199689,-0.01645925,-0.00490396,0.00288739,0.0,-0.00895593,-0.00828853
2014-10,-0.02152791,-0.02666008,-0.00760608,-0.02434178,-0.00842223,-0.03435115,-0.02646194,-0.01847778,-0.01575903,-0.03253012,-0.02003339,-0.02805398,-0.02664504,-0.02475138
2014-09,0.01284017,0.02153769,0.01554404,0.01370546,0.01714393,-0.00224888,0.0212272,0.02516854,0.01902664,0.01129944,0.01930502,0.01950355,0.02141176,0.0212909
2014-08,0.00823439,-0.00147203,0.00119095,0.00395942,-0.00240919,0.00527903,0.0,0.0041841,0.00860516,0.00162734,-0.00023781,0.0020957,0.00069252,0.00065963
2014-07,0.00384098,-0.00074166,-0.00865801,0.00223325,0.00467202,-0.00745156,-0.00065531,0.00088988,0.0080694,0.00081867,0.00358081,-0.00833912,-0.00139373,0.00044287
2014-06,0.03683898,0.02862986,0.00850547,0.04241645,0.03523296,0.04021655,0.02670723,0.03337937,0.03939962,0.05112652,0.03228963,0.0478955,0.02565332,0.0253078
2014-05,0.02824289,0.0413245,0.04031919,0.0221585,0.03162055,0.03500398,0.03925692,0.0426902,0.03438031,0.04598738,0.04013125,0.02289513,0.04044665,0.04041598
2014-04,0.00297089,-0.01002571,-0.00976801,-0.00608982,-0.0077235,0.01014041,-0.01088435,-0.00465008,0.01065831,-0.01716002,0.00494315,0.00108225,-0.01013025,-0.00851162
2014-03,-0.03502094,-0.03359684,-0.03713733,-0.0415856,-0.0345859,-0.0513573,-0.03398693,-0.02747375,-0.02602906,-0.05617056,-0.03850697,-0.02749739,-0.03449873,-0.03337017
2014-02,0.00495994,0.00397812,0.01448141,0.00833333,-0.00428146,-0.0080292,0.00794702,0.00067431,-0.00602047,0.00246508,0.00094429,0.03670385,0.00678363,0.00669942
2014-01,0.01341253,0.01048427,-0.00693642,0.0046398,0.01083505,0.01319648,0.01298701,0.00698198,0.00644641,0.01688633,0.01350391,-0.01612903,0.01220657,0.01165658
2014-00,-0.03026947,-0.01494732,-0.01142857,-0.04200511,-0.02228261,-0.00576369,-0.01569653,-0.01498788,-0.03088207,-0.01965503,-0.02783482,0.00527797,-0.01635945,-0.01388583
2013-51,0.00937559,0.01369863,0.00933126,0.01197183,0.00807043,0.01164483,0.01262458,0.01526375,0.01316565,0.01059927,0.01133472,0.03397881,0.01006083,0.01165397
2013-50,-0.00969245,0.01144456,0.08971646,-0.00981079,-0.00202132,-0.01853172,0.01153324,0.00637233,-0.00742623,-0.00082102,-0.00717095,-0.02374955,0.01171128,0.01004108
2013-49,-0.02931003,-0.01982932,-0.04664611,-0.02711324,-0.03186538,-0.02445842,-0.01973904,-0.02233639,-0.03720664,-0.01316331,-0.02292849,-0.04227813,-0.02028302,-0.01871477
2013-48,0.01149212,-0.004,0.00038329,0.00159963,0.00592885,0.00420757,-0.00466045,-0.00447127,0.00908915,0.00822707,0.01220636,-0.01567291,0.00070838,-0.00269845
2013-47,0.02504673,0.00598653,-0.00114723,0.02034612,0.01513786,0.02411348,0.00464037,0.00223814,0.02467685,0.01215559,0.0167739,0.00948831,0.00727187,0.00582698
2013-46,-0.01260504,-0.00272345,-0.01656003,-0.0034626,-0.02223779,-0.00964852,-0.00263418,-0.01343612,-0.01795264,-0.01741195,-0.01190744,-0.01898527,-0.00279265,-0.00378451
2013-45,0.02443645,0.0161331,0.02329193,0.02100239,0.01522752,0.04628949,0.01507538,0.01303078,0.02486573,0.02155348,0.02866465,-0.00321958,0.01634684,0.01540204
2013-44,-0.02451613,-0.01492166,-0.02283105,-0.01941066,-0.01321586,-0.03460452,-0.01159708,-0.02028666,-0.03074246,-0.01035857,-0.03378076,-0.02964119,-0.01284747,-0.01273743
2013-43,0.00388601,-0.01184893,0.00574053,0.00992439,-0.00386168,0.01734104,-0.00954575,-0.02423718,0.00428016,-0.00277778,-0.01156069,-0.02024291,-0.01067781,-0.01110124
2013-42,-0.01531449,0.00074129,-0.01766917,-0.01796547,-0.00454387,-0.04623879,0.00098749,0.00808566,-0.01406551,-0.01673803,-0.00906478,-0.00123419,0.00046436,0.00111086
2013-41,0.00400583,0.01812689,0.01830664,0.00631431,0.01816899,0.0212766,0.0194827,0.01777778,0.01575875,0.02192108,0.00644588,-0.02105897,0.02013741,0.0183507
2013-40,0.02530459,0.02089244,0.03149606,0.01885442,0.02247797,0.02036364,0.01853759,0.01995917,0.02004366,0.02323685,0.02751032,0.00725953,0.02060107,0.01948052
2013-39,0.03022188,0.00643004,0.00467836,0.02529183,0.02431501,0.03494424,0.0054757,0.00681973,0.03445464,0.01021242,0.02923977,0.01599759,0.00458826,0.00624566
2013-38,-0.01620112,-0.00330452,-0.00694177,-0.00856124,-0.01484361,-0.00146735,-0.00472654,-0.01375028,-0.01743265,-0.00483481,-0.02111237,-0.01765225,-0.00263221,-0.0013752
2013-37,0.0088429,0.01313417,0.01055925,0.00717875,0.01215805,-0.0037037,0.0143688,0.02242356,0.00879121,0.01690025,0.01430879,0.01718519,0.01383495,0.01136627
2013-36,0.00210124,0.01076115,0.01111111,-0.00457721,-0.00126881,-0.00446761,0.00870474,0.01134259,0.00546669,0.0,0.00397661,-0.00242351,0.01112485,0.00921332
2013-35,0.03473344,0.01791045,0.01720606,0.03122639,0.02420117,0.03061224,0.01910598,0.02191715,0.03813196,0.02887139,0.03829893,0.0140625,0.0163641,0.01786588
2013-34,0.00245399,-0.02286175,-0.01958384,0.0086514,-0.00553118,-0.00551615,-0.02248394,-0.02850412,0.00368684,0.00227376,-0.00573423,-0.03813953,-0.0248227,-0.02544838
2013-33,-0.0110664,0.00294748,-0.01089588,-0.00529902,-0.00959368,-0.01015625,0.00391598,-0.00514861,-0.00301984,0.00586378,0.00123671,0.01989893,0.00302954,0.00289925
2013-32,-0.00158322,-0.00053093,0.00121212,0.00934343,-0.00074391,0.00233463,-0.0017618,-0.00688705,-0.00169062,0.00133988,-0.0096177,-0.00309789,0.00050038,-0.00167384
2013-31,-0.01166469,0.00426553,-0.00443012,-0.01335685,-0.00112233,0.01815312,0.00389243,0.00598251,-0.01828499,0.00044823,-0.00120861,0.01279181,0.00376412,0.00528719
2013-30,0.00791766,0.01730197,0.02923014,0.02565418,0.00447094,0.0291498,0.01615799,0.01489065,0.00378868,0.00718133,0.00848074,0.01801802,0.01704401,0.01606621
2013-29,0.01287384,-0.00213732,-0.01285657,0.0191561,0.01322653,0.02040816,-0.00142146,-0.00183824,0.01091062,0.01084501,0.00529483,-0.01419315,-0.00276521,-0.00240674
2013-28,-0.00752475,0.00649351,0.01100244,-0.01159196,-0.00074864,0.00165153,0.00792222,-0.00960219,-0.00524549,-0.0091659,-0.00217812,0.00063231,0.00636618,0.00805271
2013-27,0.04172722,0.03060938,0.03456998,0.04411367,0.02933178,0.0204953,0.0305856,0.02987906,0.04860186,0.03344482,0.03738555,0.04717297,0.03148148,0.03087826
2013-26,-0.0193168,-0.00337553,0.0033741,-0.01863189,-0.01671149,-0.02016807,-0.00484713,-0.01080319,-0.02942449,-0.00903901,-0.02888889,-0.03022424,-0.00633078,-0.00430271
2013-25,0.06020716,0.03366511,0.03971441,0.05577137,0.04899194,0.03661726,0.03214562,0.04249012,0.05789111,0.04180846,0.05802405,0.00434492,0.02992861,0.03022339
2013-24,-0.05330405,-0.04939956,-0.03155238,-0.04631798,-0.05014138,-0.04393816,-0.04642728,-0.05281365,-0.04954284,-0.0585034,-0.05461165,-0.06957583,-0.04624872,-0.04478346
2013-23,-0.01940594,-0.0133953,-0.01473064,-0.03044257,-0.01205727,-0.02786624,-0.01267657,-0.00988506,-0.02697616,-0.00453515,-0.02273815,-0.02838363,-0.01361418,-0.01279842
2013-22,-0.02704762,-0.00839881,0.00425532,-0.03092784,-0.02582288,-0.01472868,-0.0086145,-0.01750056,-0.02792847,-0.03679932,-0.02668507,-0.01663748,-0.00535988,-0.0094983
2013-21,-0.02693539,-0.02525253,-0.03063725,-0.01786151,-0.03585444,-0.01234568,-0.02261484,-0.03512216,-0.01675309,-0.02370872,-0.03009731,-0.01457559,-0.02602603,-0.02423806
2013-20,-0.03415978,-0.02723029,-0.053125,-0.03225036,-0.04390496,-0.02534562,-0.02652429,-0.02512887,-0.03354788,-0.03687014,-0.02481719,-0.01953125,-0.02781845,-0.02915792
2013-19,0.01027653,0.00471451,-0.00117509,0.00847663,-0.00224952,0.00465116,0.00417827,-0.00451516,0.01311085,-0.01069959,0.00468959,-0.03395914,0.00517369,0.00259251
2013-18,0.00426795,0.00578643,0.00601926,0.00288046,-0.00206469,0.0140625,0.0038381,0.00236916,0.00138094,-0.00892857,-0.00044346,0.08129371,0.0032075,0.00591296
2013-17,0.01263674,0.00955414,0.00563607,0.01454545,0.00711558,0.01510334,0.01164021,0.01022184,0.01439712,0.01186094,0.01851852,0.01056763,0.01173826,0.01219804
2013-16,0.00883596,0.02423575,0.01780538,0.01542672,0.01843236,0.00726979,0.02486289,0.01855993,0.01455813,0.01812052,0.00827967,0.02278402,0.02302121,0.02477087
2013-15,0.03001391,0.00388242,-0.00374532,0.02041337,0.02842377,0.01927913,0.00331004,0.00812825,0.03499787,0.01337937,0.02244271,0.01288498,0.00573963,0.00599401
2013-14,0.00550314,0.02047026,0.02999578,0.0035309,0.01005301,0.02591973,0.020558,0.00664599,0.00357669,0.01072961,0.00672074,0.02443385,0.01921579,0.01963221
2013-13,-0.01788118,-0.00193531,0.01908066,-0.0199311,-0.01012658,-0.0269168,-0.00183217,-0.00266193,-0.02112387,-0.03264463,-0.01484357,-0.02790834,0.00078166,-0.00124224
2013-12,0.01705096,0.00827586,-0.00127389,0.01658826,0.01398983,0.00080775,0.00913743,0.01473543,0.0163122,0.02798106,0.01702715,-0.01606086,0.0096304,0.00819062
2013-11,-0.00096749,-0.0005466,-0.00084388,0.00174129,-0.00559668,0.02035831,0.00036284,-0.00969804,-0.00882232,-0.00424809,-0.00775371,-0.01905799,0.00025786,0.0014782
2013-10,-0.02460391,-0.0002702,-0.0115894,-0.02445457,-0.01446974,-0.02734375,-0.00071633,-0.01547056,-0.02572729,-0.02350515,-0.02205072,-0.01904762,-0.00228891,-0.00170607
2013-09,0.01754386,0.01763571,0.00719424,0.00938854,0.02339813,0.03415409,0.01789627,0.01596326,0.01702383,0.01168127,0.02474134,0.0275378,0.01709845,0.01788376
2013-08,0.01636225,0.01851332,-0.0016942,0.01723719,0.00808771,0.02258065,0.01860811,0.01285461,0.01528253,-0.00041271,0.01404622,-0.01579363,0.01635021,0.01617387
2013-07,-0.01224036,-0.01247627,-0.01253133,-0.00664294,-0.01196341,-0.0365575,-0.01186197,-0.01435612,-0.00412574,-0.0109356,-0.01147903,-0.04486862,-0.01249681,-0.01223391
2013-06,0.00823507,0.0005475,-0.0033741,0.0091018,0.00962224,0.00451467,-0.00072595,0.00324394,0.00870942,0.00861362,0.00421006,0.00321782,0.0,0.00074092
2013-05,0.00300413,0.003017,0.00679406,0.00846228,0.00518876,0.01064639,0.00145296,0.00280293,0.00435816,0.0120532,0.00288312,-0.00688299,0.00154639,0.00222662
2013-04,0.01503194,0.01366494,0.02374784,0.01762434,0.01608292,0.00299401,0.01194354,0.01765339,0.01470004,0.00697293,0.01421275,0.01027649,0.01128494,0.01581418
2013-03,-0.01399889,0.00601093,-0.01067008,-0.01924883,-0.0097156,-0.02415813,0.00726216,0.00343348,-0.02151163,-0.00688259,-0.01089562,-0.01421801,0.00693018,0.00616675
2013-02,0.00184672,0.00191833,-0.00764331,-0.00117371,0.00960341,0.00073475,0.00291333,0.00538097,0.00619795,0.00815328,0.00130747,0.0,0.00077141,0.00148185
2013-01,0.0,0.01166991,-0.00639659,0.00187838,0.00071378,0.0036846,0.0095729,-0.0027957,0.00251792,-0.00409333,-0.0030541,-0.03734912,0.0117218,0.012003
2013-00,0.01264646,0.01456175,0.02544976,0.0098661,0.01236559,0.0304878,0.01370878,0.00798619,0.01993355,0.01033485,0.01452145,0.03335733,0.01231334,0.01006036
