Month,AAXJ,ADRE,AIA,ASEA,CHIE,CHII,CHIM,CHIQ,CHIX,CQQQ,CXSE,DBEM,DEM,DGS,ECNS,EDC,EDIV,EDZ,EEM,EEMA,EEMV,EET,EEV,EIDO,EPHE,EPI,EUM,EWM,EWX,FCA,FEM,FEMS,FNI,FXI,FXP,GMF,GXC,HAO,IDX,INCO,INDA,INDL,INDY,INXX,MCHI,PEK,PGJ,PIE,PIN,SCIF,SCIN,SMIN,SPEM,THD,VNM,VWO,XPP,YANG,YINN,YXI
2019-05,-0.08652778,-0.09310675,-0.09109698,-0.04425323,-0.0777592,-0.08668076,-0.09813365,-0.1516035,-0.10017172,-0.16519348,-0.1432142,-0.06850495,-0.03494441,-0.05948112,-0.08695652,-0.2063588,-0.02143758,0.22338902,-0.06949541,-0.08506285,-0.04586694,-0.13939635,0.14638923,-0.05602782,-0.00403807,0.00998081,0.07354555,-0.00880461,-0.04179705,-0.08684593,-0.05708502,-0.06643952,-0.10951009,-0.08559169,0.18457584,-0.07975338,-0.12082515,-0.09928812,-0.06520788,-0.01131985,0.00875706,0.00091217,0.02075125,-0.03404255,-0.12553225,-0.08797867,-0.17198666,-0.05432243,0.00078462,0.01225962,-0.03867403,0.0247449,-0.05931034,-0.01769616,-0.02,-0.06208015,-0.1715446,0.28912648,-0.25031394,0.09391965
2019-04,0.00766978,-0.00048031,0.01542912,0.02121023,-0.04299363,-0.04545455,-0.04819277,0.01117647,-0.00679502,0.01629895,0.00577237,0.01614311,0.00067461,-0.00271172,-0.01533809,0.01160704,-0.00310945,-0.01606329,0.006876,0.00905374,0.00536913,0.00921053,-0.01226693,0.00810498,0.01836199,-0.0165725,-0.00440044,0.0003367,-0.00332005,-0.01184919,-0.02007084,-0.01579385,0.00580016,-0.01089373,0.01727177,0.007506,0.00167043,-0.00148754,0.0118473,-0.02707156,-0.0028082,-0.01778229,-0.00026171,-0.02740864,0.0026835,-0.02963827,0.01395573,0.00290023,-0.00234742,-0.06320036,-0.07041344,-0.04080137,0.00523849,0.01740791,-0.01998824,0.00625869,-0.02426461,0.02634077,-0.03840063,0.01047987
2019-03,0.01741508,0.01427517,0.00575753,-0.00628141,-0.01532258,0.0,-0.02547771,0.02332719,-0.03411633,0.02676145,0.04969028,0.01068091,0.00967296,0.01399053,0.00618785,0.02046559,-0.00063171,-0.03879877,0.01012003,0.01928582,0.00713679,0.02018247,-0.02590194,-0.00734441,0.04097117,0.10676755,-0.01070091,-0.01707157,0.00997054,0.00294768,-0.00595711,0.00423729,0.03914989,0.00226398,-0.01166526,0.03465243,0.01920537,0.00837776,0.00132979,0.03251039,0.08261671,0.24677446,0.09849363,0.09944751,0.01993138,0.01790972,0.02952405,0.02224895,0.07061311,0.12081737,0.12824314,0.10995339,0.0173542,0.00124688,-0.01075269,0.02188026,0.00027855,-0.01782928,-0.00738916,-0.00378174
2019-02,0.01094891,0.01524238,0.00714998,-0.01297899,0.04978541,0.0442541,0.06909548,0.08137189,0.07768187,0.06789155,0.06869451,0.00808625,-0.01275626,0.00521399,0.04635294,-0.02858208,-0.02333436,0.0182954,-0.00748363,0.00699088,-0.00659452,-0.01642014,0.01240637,-0.06300073,-0.03841743,0.00849979,0.00754717,0.00032733,-0.00113636,0.02181401,-0.01106719,0.00141723,0.04073857,0.02082358,-0.0451033,0.01030599,0.02352694,0.04967427,-0.06020067,0.00195791,0.00646552,0.00260799,0.00464981,0.01217228,0.02985581,0.14117309,0.07205003,-0.00658683,0.00551549,-0.01128494,-0.01857355,0.00388781,-0.00340522,-0.01397447,0.06991661,0.00362406,0.03654732,-0.06740221,0.05461056,-0.02246604
2019-01,0.09335869,0.09671233,0.10616563,0.0547588,0.10361217,0.07609531,0.08333333,0.14296754,0.12077295,0.13959391,0.13499258,0.07537206,0.10379242,0.09819306,0.08553137,0.3127093,0.09552438,-0.26005407,0.10061287,0.0930271,0.06511211,0.20344716,-0.18065018,0.09710662,0.0696319,-0.02176591,-0.09310345,0.03569024,0.07210259,0.09833972,0.11359649,0.10534493,0.11911717,0.1130031,-0.20225583,0.08102248,0.13474084,0.08476821,0.09000452,-0.05391705,-0.00425015,-0.03397612,-0.00655457,-0.07277397,0.13338429,0.10636943,0.16761724,0.06887755,-0.00041894,-0.06776084,-0.07738492,-0.05274097,0.09144089,0.08059914,0.06308725,0.09162304,0.23531532,-0.28964709,0.36018957,-0.10349716
2018-12,-0.05615807,-0.07538462,-0.05324431,-0.0384858,-0.10324729,-0.06214286,-0.0839599,-0.09300699,-0.09349845,-0.12549978,-0.11174325,-0.03954023,-0.04506438,-0.04413446,-0.05828516,-0.16331456,-0.03429311,0.17000786,-0.05400823,-0.05585725,-0.018964,-0.1107763,0.11214147,-0.01547005,-0.01116625,0.0169702,0.05662338,-0.01227605,-0.04831591,-0.0970948,-0.04839383,-0.06722689,-0.06682794,-0.07349455,0.1602302,-0.0596807,-0.09439402,-0.08457511,-0.01582994,0.01655934,0.01152913,-0.00579581,0.01058655,0.01194539,-0.09244567,-0.08029197,-0.11680672,-0.05525197,0.00876461,0.01703046,0.01843003,0.01021477,-0.04851514,-0.06206818,-0.06822489,-0.05209372,-0.15065208,0.25358491,-0.21846847,0.08080288
2018-11,0.02348367,-0.00441903,0.01412227,0.0039267,0.02586207,0.04868914,0.00515132,0.0,0.02952756,0.00898618,-0.00015026,0.01086443,-0.00048709,0.02047132,-0.00170441,0.01840846,0.03049814,-0.05486849,0.01276276,0.01855737,0.0233738,0.0199756,-0.03370562,0.08249232,0.03639909,0.05545852,-0.01354062,-0.0218543,0.01558006,0.01751592,-0.00462574,0.01533835,0.00741427,0.02642628,-0.06487973,0.02452133,0.02835052,0.03960818,0.08041958,0.09163746,0.07405002,0.2238806,0.08464143,0.04460303,0.0268759,-0.0275579,-0.03709902,-0.00738916,0.06577778,0.02048281,-0.00612662,0.04178045,0.01488005,-0.02715909,0.02704485,0.01183128,0.04774277,-0.09851181,0.06171601,-0.02560315
2018-10,-0.10611951,-0.07600891,-0.12250203,-0.05537874,-0.07790143,-0.0801718,-0.135183,-0.12133333,-0.09679408,-0.1507107,-0.11545467,-0.07664884,-0.08086377,-0.10145889,-0.10745663,-0.2605759,-0.06714472,0.26990713,-0.0877276,-0.10624626,-0.07294521,-0.17030685,0.17843866,-0.03977273,0.00876601,-0.06599412,0.0890411,-0.06307159,-0.08392086,-0.11878655,-0.07996801,-0.10330347,-0.0880117,-0.0867215,0.17304566,-0.09237074,-0.10960914,-0.12096139,-0.04392892,-0.04781756,-0.06874028,-0.21972477,-0.06656848,-0.06482282,-0.1109238,-0.08990318,-0.125,-0.09789414,-0.07535986,-0.01288855,0.01134752,-0.03190319,-0.0742142,-0.08377688,-0.08394161,-0.07879234,-0.18035869,0.26346771,-0.26280716,0.08806964
2018-09,0.00014372,0.0163728,0.00261481,0.01677419,0.03078203,0.05785124,-0.00991832,-0.0202086,0.01252348,-0.01523261,-0.02173616,-0.00044543,0.0451146,0.00511225,-0.00851064,0.03286327,0.03618532,-0.04368381,0.01390887,-0.00536433,0.01424353,0.0268632,-0.03111111,0.02732975,-0.08389262,-0.07126168,-0.01454545,0.00031466,-0.02361854,0.01818857,0.03011551,0.00112328,-0.03413258,0.01729522,-0.04102852,-0.01499638,-0.00355314,-0.01558846,0.02516356,-0.09801762,-0.0636813,-0.18766988,-0.05623269,-0.07239459,-0.00168322,0.020159,-0.01807536,-0.03571429,-0.0642998,-0.16405434,-0.17495611,-0.13347508,0.01267315,0.05297492,0.03283767,0.00918798,0.03127833,-0.06241722,0.03943909,-0.02340637
2018-08,-0.01345291,-0.02506024,-0.00064777,-0.0113852,-0.02891566,-0.04792561,-0.04988914,-0.04107909,-0.00433705,-0.06555197,-0.02850387,0.00043802,-0.0271514,-0.02670623,-0.04581757,-0.09969914,-0.03623649,0.0726101,-0.02899543,-0.00641306,-0.00597168,-0.06053867,0.04887653,-0.03516756,-0.00634441,0.00303721,0.02723312,-0.00745805,-0.03155443,-0.03778966,-0.04004666,-0.05233012,-0.02693966,-0.00616406,0.00085629,-0.01349854,-0.03050915,-0.03893215,-0.03084112,0.00209468,0.00113186,-0.00960679,-0.00669344,0.01864802,-0.03108892,-0.03143093,-0.07412555,-0.03923593,-0.00153198,-0.01070367,-0.01277068,0.00136178,-0.03365786,0.00403135,0.01233046,-0.03468479,-0.02087591,-0.00471222,-0.04526749,0.00453172
2018-07,0.03211009,0.04563591,0.02750782,0.05592992,0.060477,0.05492852,0.03196859,-0.03632103,0.0468948,-0.02817157,-0.01949931,0.02866099,0.06497931,0.03241244,0.01009888,0.12615385,0.05737158,-0.13011864,0.04565886,0.03185472,0.04353982,0.08308017,-0.08753486,0.04493392,0.08341609,0.07064555,-0.04356955,0.06952224,0.02695066,0.03823954,0.04735152,0.03960129,-0.02021528,0.03627192,-0.07882111,0.0316985,0.0,-0.00580552,0.04270109,0.05006588,0.07908397,0.23953424,0.07426598,0.05323505,0.0020612,0.03065973,-0.04958497,0.00462012,0.07546392,0.06039002,0.09277108,0.05467626,0.04966599,0.08227384,0.04746632,0.05134474,0.06765799,-0.11925879,0.09305263,-0.03076923
2018-06,-0.06250829,-0.04773157,-0.0595329,-0.09474328,-0.05572998,-0.09121395,-0.1085,-0.07515991,-0.08517888,-0.0694001,-0.07305102,-0.03719538,-0.05863636,-0.07238552,-0.07708453,-0.1722716,-0.06930693,0.18323996,-0.05865491,-0.06279262,-0.04861343,-0.11438693,0.11914685,-0.0904403,-0.08140244,-0.02286165,0.05902192,-0.03587162,-0.05727051,-0.08625684,-0.06774669,-0.06491228,-0.0323641,-0.07908992,0.17170032,-0.05658922,-0.07192888,-0.09049627,-0.09341637,-0.03335444,-0.01403823,-0.05324759,-0.01544944,-0.06354009,-0.07113821,-0.10206015,-0.04983457,-0.06593407,-0.01576395,-0.09208069,-0.10489883,-0.06687403,-0.05091206,-0.10624795,-0.07584597,-0.05851548,-0.15919202,0.26349206,-0.23290598,0.08219178
2018-05,-0.0012066,-0.03022553,-0.01022745,-0.05376973,0.08721423,0.0268595,0.01061142,0.04893138,-0.01020987,0.02990033,0.03781714,-0.01025641,-0.01361162,-0.00481444,0.05698641,-0.07198306,-0.02947432,0.05547653,-0.0214442,-0.00652959,-0.00134386,-0.04945422,0.03689946,0.01708706,-0.03227735,-0.03589156,0.02037351,-0.059474,-0.003861,0.05092749,-0.01894353,-0.00771912,0.01456816,-0.00393357,0.00114025,0.00774434,0.02533546,0.06705842,0.02958853,-0.0346473,-0.03391304,-0.10929342,-0.01035834,-0.05353319,0.02755906,0.00831947,0.04306952,0.03095357,-0.02848101,-0.08622449,-0.06512087,-0.06204607,-0.02342488,-0.02888583,-0.0580535,-0.01786522,-0.01484004,0.0034708,-0.02532427,-0.00162866
2018-04,0.00214535,0.00749941,0.0107742,0.00757135,0.09254268,0.05604076,0.01852805,-0.00393258,0.01961916,-0.02046784,-0.01828477,0.01426719,-0.01511111,-0.01724138,0.02702703,-0.0387571,-0.02148955,0.02414983,-0.0103426,0.00180832,-0.00682196,-0.02012116,0.01626843,-0.05766313,-0.01435267,0.0269742,0.01033889,-0.02001741,-0.01097366,0.04267668,-0.01461155,-0.03786086,0.01319261,0.01574279,-0.03872687,-0.00341563,0.00254501,0.01113431,-0.04908775,0.05230171,0.03344282,0.08744058,0.02753083,0.02099928,-0.00075804,-0.02189445,0.00933541,-0.01267674,0.02881494,0.03271519,0.02309237,0.03336898,-0.01429328,-0.01276861,-0.08466701,-0.01331262,0.02351039,-0.05692783,0.03373647,-0.01865672
2018-03,0.01198402,-0.0025097,0.01647095,-0.00579374,0.04761905,-0.05326232,-0.04264494,-0.02095648,0.00113379,-0.0329599,-0.0054757,0.00042301,0.01172048,0.00757429,0.03401361,0.00316882,0.00496061,-0.80855721,0.0074611,0.00893471,0.0206272,0.00429544,-0.02542373,-0.0547602,-0.02930505,-0.01793209,-0.01041667,0.0375447,0.00118017,-0.02522936,-0.00070472,0.00370971,-0.01825095,-0.00043356,-0.01743341,-0.00028738,-0.00993347,0.02579296,-0.05303958,0.00675087,-0.00441826,-0.03211662,-0.00930101,-0.03409882,-0.00602853,-0.003125,-0.01833689,0.01359223,-0.01853312,-0.06801501,-0.0672667,-0.02339181,-0.00672008,-0.00552034,0.067694,-0.00174596,0.00203106,-0.90282138,-0.0192757,-0.00865801
2018-02,-0.04796861,-0.04905741,-0.0558361,-0.016412,-0.03865979,-0.0176586,-0.03481013,0.0037234,-0.07939803,-0.0140172,-0.03178269,-0.04945718,-0.03677721,-0.03773231,-0.04143755,-0.15412234,-0.00203725,0.09644447,-0.04607266,-0.05448635,-0.0429212,-0.10113519,0.06839493,-0.03110957,-0.03716578,-0.05395683,0.03857746,-0.01634559,-0.04014391,-0.05045157,-0.03533809,-0.04102219,-0.04026846,-0.09038879,0.16556914,-0.04978118,-0.05107597,-0.05526142,-0.03266431,-0.04362277,-0.06337834,-0.19710584,-0.06617647,-0.05013193,-0.05355161,-0.0635186,-0.00826959,-0.02712994,-0.05196262,-0.04592934,-0.05298013,-0.04927766,-0.03920596,0.00946697,-0.04138645,-0.04461122,-0.18401774,0.25431335,-0.26904307,0.087802
2018-01,0.0500393,0.08193711,0.06375228,0.03518187,0.05206463,0.02775942,0.09148418,0.03231018,0.0988764,0.02262227,0.04911924,0.04819782,0.0753643,0.05683837,0.05586249,0.18991188,0.07425897,-0.16880838,0.06299213,0.05693036,0.04603623,0.12366475,-0.1168084,0.04326064,-0.02618742,0.03023679,-0.05807936,0.07051482,0.03936545,0.09322602,0.07784649,0.06485207,0.04992548,0.10250911,-0.18629921,0.0607624,0.08488234,0.06657372,0.04773562,-0.02549177,0.03073484,0.0911667,0.04629128,-0.02233567,0.08217168,0.06911018,0.04891654,0.05106594,0.03816794,-0.03762894,-0.01609488,-0.01668585,0.06554798,0.0704613,0.0929972,0.06721022,0.21329545,-0.26692607,0.32695933,-0.09346299
2017-12,0.03202208,0.02595827,0.01415762,0.04235145,0.01953488,0.00608108,0.0169144,0.07067138,0.03369434,0.01684636,0.04257402,0.03171806,0.05417881,0.06147975,0.04294746,0.12661779,0.06780799,-0.11953146,0.04343891,0.02847786,0.04399859,0.08390233,-0.08335171,0.07033051,0.06887967,0.05781917,-0.0420939,0.05829447,0.04996877,0.04670529,0.04854369,0.06719672,0.03774588,0.02782847,-0.06002484,0.03530602,0.03177405,0.0501497,0.07190119,0.06283508,0.06120024,0.18259961,0.05218135,0.06712329,0.0319333,0.02901578,0.06299025,0.0293966,0.06387307,0.07387445,0.09915014,0.0651727,0.04130617,0.03843056,0.07715674,0.0471831,0.05265842,-0.08769477,0.07129217,-0.03136065
2017-11,-0.0043686,-0.01637011,0.00234668,0.0675853,0.01301115,-0.05736636,-0.04489995,-0.00235433,-0.00239378,0.02562797,0.01945813,-0.01251618,-0.0055435,-0.00105686,-0.0497831,-0.03108318,0.01292078,0.01707317,-0.00891862,-0.00549141,-0.00280653,-0.01925229,0.01355932,-0.00533333,-0.01300813,-0.01801802,0.00765864,0.02168022,0.00309981,-0.02964772,-0.02152568,-0.04006883,-0.00598958,-0.0011302,-0.00780923,-0.00379848,0.00262391,-0.0258088,-0.01344902,0.02791103,-0.02314286,-0.07517411,-0.02038567,-0.03188029,0.00750117,0.003927,0.00426237,0.03858351,-0.02762646,0.02568575,0.00977654,0.02085484,0.0,0.01602714,0.03486924,-0.00577768,-0.00499376,-0.01403614,-0.00676299,-0.00203562
2017-10,0.03906138,0.01770126,0.04901146,0.0099734,0.01212687,0.00198544,0.01698302,0.00715564,0.03768844,0.0250662,0.0354954,0.02761693,0.01420872,0.00683469,0.00734985,0.0912217,0.00068283,-0.09482291,0.03239241,0.04512394,0.01882058,0.06150698,-0.06446212,0.00693642,0.00217746,0.07660962,-0.03057459,0.0006759,0.02415766,0.01443662,-0.00301318,0.008953,0.00605741,0.0397351,-0.08333333,0.03828101,0.02705149,0.01960059,0.01282618,0.0739868,0.07845579,0.2386319,0.06581678,0.1084425,0.02964523,0.04216867,-0.01982739,0.02393906,0.08547009,0.11270856,0.11087975,0.0845704,0.02708096,0.02166667,0.08041237,0.02347641,0.07828455,-0.12332494,0.11029923,-0.0453012
2017-09,-0.00286369,-0.00818488,0.00385389,0.00604839,0.01611374,0.0414651,0.00251004,0.06066411,-0.0215783,0.0240832,0.04048637,0.00268817,-0.01517707,0.00407114,0.04084321,-0.02929143,-0.03291639,0.01816444,-0.00757924,-0.00178227,-0.00605737,-0.01541015,0.01270379,-0.01433962,0.02938707,-0.04978773,0.00636267,0.0077729,-0.01009676,0.07115821,0.02556158,-0.01682335,-0.0013224,-0.00495751,0.00504032,-0.0062273,0.0160115,0.04450464,-0.02197329,-0.02950595,-0.0486152,-0.14530198,-0.04399323,-0.03701117,0.01554747,-0.01874703,0.00519849,0.00274273,-0.04985813,-0.0372449,-0.04688279,-0.02233903,-0.01124543,0.03855691,0.01738526,-0.0119578,-0.01485483,0.00399338,-0.02164948,0.00826045
2017-08,0.0114976,0.0235265,0.01741803,0.00340832,-0.00095969,0.02578797,0.09470124,0.0396772,0.02134338,0.07561024,0.03356449,0.01642336,0.033091,0.02702104,0.02229807,0.05304243,0.02038736,-0.0625759,0.02030217,0.0113054,0.01398474,0.03876258,-0.04082449,0.00228659,-0.01001669,-0.01423077,-0.01959773,0.00719178,0.02611534,0.06425703,0.05523495,0.07619817,0.0051089,0.02816901,-0.05846154,0.02110649,0.03393256,0.0313253,0.00742034,-0.01552866,-0.01729191,-0.06178269,-0.02229033,0.0042735,0.03659165,0.03108041,0.00890279,0.03887936,-0.00974817,-0.03455216,-0.01891488,-0.00724479,0.02880419,0.04457188,-0.0062069,0.02592054,0.04960205,-0.08958435,0.07198228,-0.02970297
2017-07,0.0473781,0.07490637,0.05217391,0.01941748,0.03711133,0.06166419,0.11326658,0.04831933,0.07412491,0.09982601,0.09627376,0.03751187,0.03943588,0.03735301,0.02776471,0.15702576,0.03401122,-0.14588262,0.05206776,0.04902897,0.02754873,0.10113605,-0.09806382,-0.01939575,0.01229394,0.07101329,-0.05068226,-0.00205198,0.03087672,0.08405546,0.08411215,0.05880674,0.09211301,0.06015625,-0.11482618,0.05241208,0.07511791,0.04309623,-0.01504083,0.03599523,0.05994978,0.18993315,0.05366143,0.0648855,0.07953697,0.04585722,0.1296447,0.06231095,0.07378129,0.05719361,0.03621314,0.03287671,0.05174007,0.01121372,-0.02749832,0.04845703,0.12248569,-0.16893621,0.18755677,-0.05792014
2017-06,0.00525502,0.00946458,0.01136989,0.0112202,0.0,0.02459646,0.06108898,0.01362007,-0.00551724,0.03259892,0.01826128,0.01013025,0.00131337,0.00606485,0.01889993,0.00130517,0.0056798,-0.00963815,0.00075226,0.01146641,0.00207195,0.00574713,-0.00617611,0.02423077,-0.03309821,-0.02289452,-0.00193705,-0.00205058,0.01117701,0.0467033,0.02109124,0.01992966,-0.00176056,-0.01528893,0.0262103,0.01099027,0.01054852,0.02125813,0.02257636,-0.00501912,-0.01957738,-0.06111603,-0.01965962,-0.02043906,0.00833491,0.05497812,-0.02399789,0.00856793,-0.01485365,-0.01749426,0.01821103,0.00300648,0.00216987,0.01029825,0.02233077,0.00128271,-0.03289792,0.03715366,-0.05062167,0.00788091
2017-05,0.0362108,0.02655857,0.03932151,0.02968863,-0.001,-0.0261976,-0.03483871,0.03773585,0.04668125,0.01171337,0.07676596,0.01032956,-0.00500263,0.01018716,-0.00145208,0.05560573,-0.00035702,-0.07500188,0.02249806,0.04080944,0.01678565,0.04087678,-0.04831794,0.00706159,0.01035544,0.00248036,-0.02482436,0.00310666,-0.00728763,0.022567,0.00509259,-0.01518692,0.06000628,0.03996737,-0.08014842,0.02221172,0.03959053,0.0,0.00269542,0.02486944,0.01335453,0.03367771,0.03105968,-0.01865672,0.04697852,0.035572,0.06503137,0.00809465,-0.00087835,-0.03478866,-0.057289,-0.02608099,0.01137081,0.00662431,0.02310469,0.00597868,0.07752075,-0.11819374,0.11501272,-0.03647799
2017-04,0.01281209,0.00367024,0.01219276,0.01548673,-0.01574803,0.00073801,-0.03018868,0.00617284,0.0,0.03749099,0.02954342,0.01759678,0.0026476,0.00381497,-0.01100215,0.02940383,0.01086957,-0.03823459,0.01130984,0.01445286,0.00740308,0.0267625,-0.02528626,0.00712307,0.04131263,0.01854193,-0.01151543,0.03181981,0.01087208,-0.01299907,-0.0176951,-0.00088731,0.02757294,-0.00487937,0.00847852,0.0076711,0.01052236,-0.01086012,0.00497738,0.04123444,0.00802311,0.01873889,0.01173926,0.04276827,0.01617858,-0.01763224,0.04037081,0.01652893,0.00752212,0.0683172,0.05248918,0.04975962,0.00800256,-0.01085209,0.00145349,0.00762556,-0.01231527,0.01094844,-0.02252252,0.00167154
2017-03,0.02841586,0.01255708,0.02610966,0.03053435,0.03665988,0.02896341,-0.06313891,0.01662708,0.00295639,0.03140578,0.03916881,0.00816327,0.01102447,0.0195122,0.01245421,0.05542658,-0.00180766,-0.0716759,0.02079395,0.02631111,0.02451768,0.04183427,-0.04539326,0.04924242,0.01681177,0.05150022,-0.02238138,0.02473237,0.01704949,0.03239845,0.00275989,0.02121212,0.01771072,-0.00299076,-0.00146843,0.02426944,0.00893997,-0.00350416,0.04059217,0.05532731,0.04508475,0.13592853,0.04431411,0.05284889,0.01339192,-0.00780597,0.02629137,0.00320307,0.04180214,0.07354734,0.06957547,0.06995563,0.01141925,0.02582516,0.03071161,0.01234237,-0.00530598,-0.00165659,-0.01560141,-0.00124948
2017-02,0.02590765,0.01643675,0.01938144,0.0015361,0.00614754,0.05721193,0.03393086,0.05721605,0.0686901,0.04146982,0.0673209,0.00051894,0.01884701,0.03857033,0.03869654,0.04740764,0.01796407,-0.05423669,0.01673173,0.02332843,0.01944962,0.03846154,-0.03549881,0.0,-0.03001766,0.04966571,-0.0177566,0.01129518,0.03450844,0.04761905,0.01858913,0.05470531,0.02593857,0.04178592,-0.08000661,0.03327722,0.03855972,0.0443418,0.00240385,0.00899382,0.03565062,0.10341014,0.02725724,0.01696353,0.03596491,0.01244344,0.05183229,0.03154362,0.04851485,0.05438329,0.09184329,0.07856533,0.02683424,-0.00708826,-0.01485884,0.02030033,0.08229085,-0.12008141,0.1252184,-0.04142012
2017-01,0.06346226,0.07432005,0.06435317,0.05781759,0.0664488,0.07874016,0.17697063,0.07103825,0.03292181,0.08942857,0.0796779,0.03269025,0.03681334,0.05585831,0.0381154,0.16274764,0.06491438,-0.14803419,0.05411765,0.06456044,0.03312674,0.11142695,-0.10066692,0.00425532,0.05756067,0.05159332,-0.05088223,0.04026583,0.05389064,0.0828305,0.0690184,0.07656859,0.08008899,0.0438937,-0.08475218,0.05726449,0.06406406,0.04833984,0.01463415,0.05758684,0.05309063,0.16046923,0.06585725,0.1069723,0.06369575,0.03726526,0.07264352,0.05229682,0.05459318,0.07708831,0.07904023,0.068,0.04828326,0.04600203,0.02305919,0.04606414,0.08705832,-0.1226919,0.12983607,-0.04293785
2016-12,-0.02279044,-0.00128452,-0.02407809,0.00742574,-0.03510638,-0.07591837,-0.03320755,-0.05078809,-0.07054264,-0.03644964,-0.04364518,0.01041667,0.0232212,0.01448468,-0.03175013,0.01340326,0.04156171,-0.03551896,0.00931211,-0.0127401,-0.00554726,0.0086427,-0.02030274,0.03230088,0.00815303,0.00719794,-0.01082164,0.00117463,-0.00079724,-0.0368393,0.01526316,0.02308538,-0.0297466,-0.05808433,0.11751133,-0.01754863,-0.04356818,-0.03909562,0.02360623,-0.00092707,0.0026738,-0.01019504,-0.00183824,-0.01998097,-0.04481982,-0.09083514,-0.04906303,-0.00212766,-0.00052938,-0.01453488,-0.01279318,-0.00777363,0.00508536,0.01553025,0.00470958,0.00414324,-0.11065812,0.17921725,-0.16950113,0.05395825
2016-11,-0.02885822,-0.04185351,-0.01365479,-0.0399361,-0.02699896,0.04729149,0.04412924,0.01759015,0.02120974,-0.02582345,-0.01276512,-0.01757188,-0.0177274,-0.03768577,0.00692663,-0.11717842,-0.05003909,0.08003306,-0.03632723,-0.03174003,-0.04457953,-0.07068016,0.05806703,-0.09836066,-0.08443423,-0.06390081,0.03091061,-0.08132422,-0.03902316,-0.01427816,-0.02577059,-0.06281491,-0.03427978,0.01301273,-0.03484764,-0.02698808,-0.00382148,0.00704225,-0.0952164,-0.09401231,-0.07165549,-0.19713637,-0.06848382,-0.09375,-0.00951117,0.04152348,-0.01989563,-0.05750165,-0.0625,-0.12719665,-0.1246182,-0.10851648,-0.03708839,-0.00118029,-0.05670103,-0.03337104,0.02352709,-0.05478795,0.02734148,-0.02390131
2016-10,-0.03151515,0.00922894,-0.0233382,-0.03596021,-0.00723888,0.0008643,0.00475059,-0.02235598,-0.04012112,-0.05073365,-0.01317829,-0.01149425,0.0040568,-0.02112858,-0.0284006,-0.05137249,0.00153905,0.0348469,-0.01509223,-0.03273322,-0.0266876,-0.03539525,0.02420554,-0.02761795,-0.05617067,-0.01588785,0.01279863,-0.02111189,-0.01165386,-0.03520408,-0.00301205,-0.01639344,-0.00782845,-0.03117241,0.05645362,-0.02430953,-0.03488219,-0.03753957,-0.02585451,-0.03326122,-0.03142077,-0.0683149,-0.02096506,-0.00607639,-0.03169844,0.00375723,-0.03397756,-0.01863753,-0.01739971,0.01650794,-0.0151607,-0.00600273,-0.00341763,-0.02247191,-0.03988803,-0.00363636,-0.05758374,0.07896891,-0.09973333,0.0249505
2016-09,0.0251606,0.02703533,0.03478825,0.01163693,0.00317125,-0.0252738,0.02019386,0.01845343,0.03346304,0.0531692,0.05889596,0.01112288,0.01538462,0.01765016,0.03006939,0.03864264,0.01097179,-0.0818333,0.0174635,0.02613273,0.01014925,0.03430683,-0.05217171,0.04588283,-0.03761755,-0.00427553,-0.02400662,-0.00841515,0.01858452,0.01666667,0.00766871,0.0222973,0.02207428,0.01827897,-0.05364587,0.0181961,0.03169637,0.02225313,0.03953488,0.00501393,-0.0103377,-0.01506942,-0.014995,-0.00879507,0.02984085,-0.01961899,0.03576073,-0.00449871,0.00197531,0.0239588,0.02967742,0.02336314,0.01504022,-0.03024786,0.01260504,0.01486139,0.03354664,-0.07483436,0.04011142,-0.02593883
2016-08,0.01753745,0.03251514,0.01898455,-0.00690184,0.0053135,0.0513729,0.05063291,0.03047091,0.0742616,0.1120283,0.07791343,0.01725067,0.00238166,0.00132521,0.06443584,0.02968777,-0.02495202,-0.0416686,0.01079032,0.02149712,0.00341091,0.01488744,-0.02780814,-0.03106567,-0.02962206,0.01895965,-0.01297648,-0.00244841,0.01954143,0.0590182,0.02472383,-0.0010118,0.02873772,0.04934602,-0.09589808,0.02549575,0.06370544,0.07403702,-0.02609087,0.00681431,0.00347705,-0.00017044,0.01670644,0.01428571,0.06193853,0.05365127,0.05900838,0.0117724,0.00547809,0.01621005,0.03208906,0.02113296,0.02009329,0.03564155,0.02106742,0.01162453,0.09652343,-0.14046305,0.14192708,-0.04648609
2016-07,0.04568043,0.04616929,0.04446503,0.02439024,-0.01465969,0.03863845,0.01984469,0.04347826,0.02959095,0.03219871,0.04656471,0.02656336,0.05762606,0.06213101,0.02796804,0.13002681,0.06176351,-0.13300346,0.04374241,0.03971119,0.02382419,0.08802678,-0.08883953,0.0626853,0.00538876,0.04552352,-0.04423749,-0.00865951,0.04599891,0.03422704,0.0572372,0.07009346,0.03250189,0.02739726,-0.0617781,0.04012954,0.02532974,0.01162203,0.06138231,0.05170877,0.04491126,0.13818951,0.03947832,0.07677725,0.03071672,0.03172205,0.05164146,0.03908356,0.04653568,0.04917258,0.05371901,0.03835532,0.03949329,0.06928125,0.03635068,0.04381989,0.0543971,-0.09378084,0.075,-0.03093883
2016-06,0.0342766,0.03474635,0.04709345,0.06286672,-0.01222222,-0.01010101,0.02402135,-0.00097371,0.03164557,-0.00490798,-0.0040965,0.01702611,0.06024096,0.06650544,-0.02936288,0.11551951,0.07648352,-0.16953938,0.04621309,0.03981559,0.0419445,0.07525011,-0.11290635,0.10425432,0.04590872,0.03062302,-0.0545653,0.05783309,0.03900911,0.01273148,0.0644589,0.05335893,-0.00640543,0.03066709,-0.08205925,0.0324514,0.0251932,0.00925926,0.1110515,0.0345042,0.01451433,0.04547351,0.01853871,0.06237425,0.02208835,-0.00329736,-0.03764205,0.02565881,0.02249598,0.07249357,0.06552494,0.06935645,0.04026583,0.04222187,0.01375815,0.05019182,0.05478788,-0.1285724,0.0681302,-0.03401361
2016-05,-0.01411488,-0.02168756,-0.00488998,-0.0324412,-0.01853871,-0.00810081,0.00807175,-0.03690037,-0.00625559,0.01656442,-0.0239245,-0.00283447,-0.06124372,-0.04639769,-0.01335188,-0.10806075,-0.06128364,0.09225506,-0.03437597,-0.00869925,-0.02677824,-0.07526665,0.06134843,-0.03390597,0.07981221,0.01010638,0.03155522,-0.07277628,-0.03551762,-0.03925967,-0.05856107,-0.03302412,0.00037509,0.00537125,-0.02041659,0.00292398,0.00337527,-0.0284006,-0.04018547,0.01934665,0.01783681,0.0075535,0.0369254,-0.00400802,0.00348692,-0.007034,-0.02106354,0.00069541,-0.00053591,-0.01810865,-0.00148699,0.00700467,-0.02812619,-0.00523311,-0.00933908,-0.02974899,0.00457831,-0.03824036,-0.00446097,-0.01179643
2016-04,-0.00546555,0.01563031,-0.00146915,-0.01992032,-0.00863931,-0.01253357,-0.02449694,0.02065728,-0.01055409,-0.00394298,0.02833371,-0.00056433,0.03463904,0.01786237,0.0222284,0.0107359,0.00959133,-0.04050484,0.00715397,-0.01026905,0.00231092,0.01563134,-0.02563326,-0.02776554,-0.04298392,0.00427122,-0.01006336,-0.03944391,0.00332134,0.00281215,0.0078256,-0.00370096,0.01426369,-0.00157431,-0.01211447,-0.01295523,-0.00213415,0.0125502,-0.02904357,0.0083871,0.00152555,-0.00815047,0.00564546,0.02151639,-0.00222772,-0.01788806,0.01637631,-0.01037344,0.00538793,0.02490919,0.00970874,0.02083333,0.00917782,0.00719655,0.04305136,0.00716065,-0.00879696,-0.02460692,-0.01955105,-0.00437563
2016-03,0.07421305,0.09630459,0.08105981,0.07534247,0.13341493,0.14681725,0.07189542,0.06268657,0.08436019,0.07024927,0.12056562,0.04893868,0.08802817,0.07048458,0.05112652,0.28635458,0.10623557,-0.2450142,0.09100135,0.07732981,0.06483345,0.18951132,-0.16956009,0.0176311,0.09890444,0.10105758,-0.08821526,0.09861653,0.06333235,0.07720145,0.09029896,0.07197427,0.07022587,0.07650826,-0.1496059,0.06567439,0.06642903,0.05475811,0.02162719,0.09043113,0.07560278,0.24100719,0.08534096,0.12082854,0.07135307,0.09815756,0.05042017,0.05240175,0.0766129,0.11196455,0.10057708,0.10996956,0.08548791,0.03978692,-0.00960118,0.08760611,0.15365787,-0.22096387,0.2267951,-0.07800312
2016-02,0.00021501,0.0109375,0.00843308,0.03076923,0.02252816,0.00205761,0.071,0.00611621,-0.01912046,0.00363757,-0.00542808,0.01348039,0.0354049,0.03531786,0.05630769,-0.01302578,0.01601942,-0.03486609,0.00140302,0.00248419,0.00252932,-0.00787002,-0.01986501,0.04888674,0.01805512,-0.0831448,-0.00717547,-0.02122302,0.0145017,-0.01761847,0.01282051,0.01086048,-0.02819237,-0.00796675,-0.00408675,0.00031601,0.00033563,0.01662971,0.05196241,-0.06043956,-0.07205414,-0.21290767,-0.07914523,-0.06974128,-0.00732899,0.01357616,-0.0222709,0.00149254,-0.06629213,-0.16514241,-0.14962963,-0.12504378,0.00431779,0.04411242,0.01827875,0.00708717,-0.01963574,-0.00891217,-0.04541242,-0.00150921
2016-01,-0.04048252,-0.04155747,-0.05121639,0.01457195,-0.10869565,-0.11654804,-0.10554562,-0.11669659,-0.11525705,-0.09289128,-0.15777262,-0.02257873,-0.00954479,-0.03049968,-0.12650919,-0.0954089,0.0053528,0.03358343,-0.02374491,-0.03312405,-0.01089424,-0.06260297,0.02745977,0.05348956,-0.03283673,-0.04647436,0.01537947,0.08298118,-0.04711735,-0.09782609,-0.02769231,-0.0241064,-0.05572636,-0.08637771,0.15933573,-0.04579467,-0.09382494,-0.10986874,0.05944056,-0.08013937,-0.03520857,-0.10867818,-0.03300455,-0.09654472,-0.08789871,-0.12981969,-0.08086522,-0.02398256,-0.0275378,-0.10033128,-0.11317009,-0.09245283,-0.03524046,0.06225463,-0.06699232,-0.02994216,-0.17446043,0.23289176,-0.26500639,0.08266667
2015-12,-0.03078107,-0.04733932,-0.03897657,-0.02595156,-0.04860393,-0.03970827,0.00720072,-0.04293972,-0.02028081,-0.02332116,-0.02728765,-0.03367003,-0.05488215,-0.03632479,-0.00281114,-0.1435569,-0.06490066,0.12933398,-0.04535433,-0.0318976,-0.02737659,-0.08972797,0.08360776,-0.003,-0.03428239,-0.00052411,0.04259127,-0.2305492,-0.00994883,-0.01489471,-0.04192993,-0.01630219,-0.01168736,-0.04163078,0.07398599,-0.02816108,-0.03333333,-0.01970669,-0.00795003,0.00533752,0.00451637,0.0128593,-0.00628698,0.01112235,-0.03624009,-0.00126231,0.00638774,-0.05823293,0.00585729,0.01356497,0.02543507,-0.00282663,-0.03955021,-0.07771933,-0.01461378,-0.03998731,-0.08658092,0.1099772,-0.13336663,0.03571429
2015-11,-0.03088512,-0.0242073,-0.03416004,-0.02983802,-0.05004907,-0.07496252,-0.03231293,-0.03451043,-0.02848345,0.03485647,0.02073298,-0.03963084,-0.06108813,-0.04324801,0.02946593,-0.13472803,-0.0635186,0.11880642,-0.04428268,-0.04307632,-0.04936996,-0.09651424,0.0812573,-0.02601301,-0.05201012,-0.02310062,0.04065041,0.00762016,-0.02636692,-0.02698651,-0.0532967,-0.04032258,-0.01877934,-0.02940353,0.05243471,-0.02118172,-0.00918964,-0.01453885,-0.02836075,-0.00719424,-0.04236061,-0.12331536,-0.03408683,-0.0332681,-0.02115342,0.02089244,0.0343677,-0.0218543,-0.04164524,0.01334628,-0.00134499,0.00094251,-0.04271263,-0.04774235,-0.08715013,-0.04132231,-0.06205512,0.07470852,-0.09433962,0.02699745
2015-10,0.06569046,0.10738766,0.08583141,0.09210526,0.10851064,0.05877681,0.09132841,0.13972603,0.08305369,0.20186113,0.17893432,0.05266204,0.05207624,0.03484754,0.0915434,0.1713518,0.05433318,-0.18248247,0.05791885,0.06870066,0.04677596,0.11904244,-0.12374006,0.1482367,0.03041145,0.01957672,-0.06286103,0.0477237,0.0573648,0.07367281,0.06954436,0.06143628,0.13014827,0.07170953,-0.14950871,0.07284268,0.10835672,0.08204873,0.14979757,0.01894669,0.00512821,0.02167783,0.00987925,0.00393701,0.07232401,0.1016662,0.20424837,0.03467406,0.01476015,0.02437186,0.03724526,0.0174992,0.06452922,0.05910458,0.0952381,0.04942717,0.14640356,-0.2244034,0.20488082,-0.07303183
2015-09,0.02192982,-0.01943199,0.01951992,-0.04808549,0.0042735,0.10765125,0.03041825,0.07905138,0.0524911,0.04831461,0.017769,0.02007084,-0.01932045,0.01557038,0.08801956,0.00930823,-0.02844639,-0.06281428,0.00762599,0.03178808,0.00418594,0.00801425,-0.0395189,-0.08365019,-0.00236407,0.05466593,-0.01729874,-0.00894234,0.01708359,0.09144543,0.00785498,0.02640545,0.01802935,0.03435235,-0.09715793,0.02342901,0.03324684,0.07303974,-0.08225108,-0.00318878,0.05359877,0.12857978,0.05481027,0.03806584,0.04145602,0.024156,0.00943783,-0.00964852,0.04808743,0.08470019,0.06992481,0.07186858,0.00490998,-0.02105804,-0.01654032,0.01062064,0.06252853,-0.15983389,0.07548347,-0.04349206
2015-08,-0.0859043,-0.07974641,-0.07965226,-0.11514683,-0.09855335,-0.07059736,-0.1043956,-0.11705686,-0.12388724,-0.13148032,-0.1071352,-0.0556456,-0.07291667,-0.0758443,-0.15578999,-0.22514831,-0.08763086,0.19540579,-0.07389891,-0.0859268,-0.07418457,-0.14625612,0.13809296,-0.10714286,-0.09220986,-0.10596659,0.07066223,-0.14422579,-0.09749529,-0.10813492,-0.07379679,-0.09304933,-0.122851,-0.09994583,0.18745564,-0.0920087,-0.10912616,-0.1282395,-0.10344828,-0.1006448,-0.08611955,-0.29348774,-0.09863379,-0.12756849,-0.10470639,-0.15935226,-0.13102253,-0.06965174,-0.0949185,-0.15012053,-0.14477703,-0.09287834,-0.08324324,-0.06460275,-0.09359903,-0.08360129,-0.19907023,0.27472985,-0.29954785,0.09632861
2015-07,-0.06353262,-0.06495515,-0.06455095,-0.02670623,-0.07654321,-0.14070681,-0.176875,-0.08251325,-0.11570782,-0.13395225,-0.09921082,-0.0489899,-0.0724559,-0.07680292,-0.14378952,-0.19211111,-0.07438596,0.17968123,-0.06316363,-0.07764915,-0.038993,-0.12766583,0.12008879,-0.03110911,0.00078823,0.0081262,0.06060606,-0.01154039,-0.07654563,-0.11392405,-0.07662651,-0.08895603,-0.04529973,-0.11483932,0.21371033,-0.06870706,-0.1027305,-0.14573239,-0.04385518,0.05132692,0.01492031,0.00379949,0.01172529,-0.00932203,-0.1007263,-0.11530485,-0.07689873,-0.04070796,-0.00094652,0.09747818,0.07555848,0.05317485,-0.06247923,-0.06594689,-0.02193995,-0.06278631,-0.22591445,0.3002798,-0.34629892,0.1044898
2015-06,-0.04102396,-0.01868596,-0.03002309,-0.01247249,-0.06814701,-0.13479977,-0.1529219,-0.07941989,-0.05555556,-0.07306273,-0.08603812,-0.03986388,-0.01954569,-0.03360283,-0.12776025,-0.08521456,-0.02321611,0.0687668,-0.02547095,-0.0391282,-0.02241156,-0.04548616,0.04560752,-0.07379455,-0.02753474,-0.01572177,0.02326531,-0.04429302,-0.05137786,-0.07848497,-0.040553,-0.07096172,-0.0120603,-0.06014541,0.11485257,-0.04223498,-0.06730224,-0.11444591,-0.07761054,-0.00639721,-0.0010281,-0.02652029,-0.01374916,-0.03811102,-0.06444168,-0.13082655,-0.01655934,-0.02364475,0.00240154,-0.04674221,-0.0625,-0.03847328,-0.02863578,0.00352216,0.05654579,-0.02470434,-0.12125443,0.16695645,-0.1842798,0.04786546
2015-05,-0.03625712,-0.04981391,-0.03257131,-0.04589708,-0.03854707,-0.03463441,-0.0088741,0.01846591,-0.04306785,-0.04144955,-0.07795958,-0.03334899,-0.05471651,-0.02762161,0.07758456,-0.14291898,-0.06202046,0.14630906,-0.04685139,-0.0359331,-0.03852271,-0.09402242,0.0966957,0.03507271,-0.01601831,0.02293802,0.04847705,-0.06128449,-0.00186829,-0.07695113,-0.04591167,-0.01147643,-0.0308399,-0.05871252,0.1041769,-0.01974148,-0.035988,0.00477816,0.03114518,0.0461305,0.03240578,0.04755817,0.02650602,0.02102607,-0.05383832,0.01240741,-0.00402228,-0.02857143,0.02196193,-0.00726676,-0.00247372,0.02439024,-0.0317757,-0.03602082,-0.02393776,-0.04128902,-0.11864243,0.15126703,-0.18184703,0.07097934
2015-04,0.05405405,0.06785385,0.05662002,0.01553672,0.14213625,0.24233983,0.29618979,0.1028481,0.17052632,0.13804348,0.13506064,0.04047384,0.0971881,0.04582693,0.23776558,0.16974132,0.07868284,-0.16196522,0.0553624,0.05631579,0.04177449,0.12081104,-0.11113611,-0.10796325,-0.04840271,-0.07639836,-0.05671762,0.01852281,0.04933399,0.25258427,0.12007874,0.0988075,0.03626411,0.13551177,-0.2473822,0.05244145,0.13096897,0.23442136,-0.09471846,-0.09576529,-0.09207985,-0.23379653,-0.08056266,-0.06279809,0.13149728,0.14270478,0.12207065,0.02009185,-0.082198,-0.08534727,-0.08495982,-0.08200982,0.05641702,-0.02328465,0.07987013,0.05986577,0.28028204,-0.35757614,0.42522062,-0.12740857
2015-03,-0.0013541,-0.04109589,0.00456323,0.00499643,-0.00084034,0.10455975,0.0296077,0.04898649,0.00646088,0.0622807,0.02740514,0.0,-0.02858684,-0.00871795,0.06072351,-0.05082682,-0.03023098,0.01968881,-0.01335827,-0.00052966,0.00621235,-0.03074343,0.01436526,-0.00495238,-0.00999756,-0.06149848,0.00800961,-0.01490484,-0.01424711,0.03355388,-0.0109127,-0.00410818,-0.00443989,0.01263314,-0.04131898,-0.00400501,0.02845421,0.0438914,-0.00782949,-0.03656555,-0.04570896,-0.10849858,-0.06152909,-0.05729565,0.02257609,0.1354631,0.0608436,0.00465658,-0.03253119,-0.05793767,-0.05960265,-0.03334283,-0.02064897,-0.03368962,-0.12083569,-0.01894849,0.02358114,-0.0655942,0.02656642,-0.01811321
2015-02,0.01448276,0.02326284,0.01330082,0.01005025,0.00340136,0.04777595,0.04163454,0.02432667,0.05442177,0.01706076,0.03020731,0.0221998,0.04446309,0.0129668,0.00235726,0.06867509,0.01370332,-0.08237072,0.02571819,0.02857663,0.0141033,0.05028339,-0.05560831,0.02406312,0.01443864,0.00967458,-0.02695313,0.03687072,0.02209945,0.03990268,0.03481823,0.01521965,0.01462396,0.04324184,-0.08661031,0.0250933,0.02237895,0.01799723,0.02340234,0.00435256,0.02131043,0.02456761,0.00835138,0.01942502,0.03825941,0.05599577,-0.01035503,0.02311796,0.01177003,0.00360017,-0.00222593,0.01512507,0.02238557,0.00506018,0.06470588,0.02821918,0.0862119,-0.12974942,0.12567376,-0.0465368
2015-01,0.0211129,0.00184559,0.02380952,-0.01427552,-0.00591716,-0.07928197,0.00309358,0.01140351,-0.05743001,0.01008557,0.01335726,-0.00510725,-0.00873732,0.01604278,-0.01048768,0.00813474,-0.00861178,-0.04145709,0.00644619,0.01578057,0.02044829,0.01594358,-0.02476873,-0.00634921,0.07123656,0.0500236,-0.0106383,-0.01503406,-0.00253357,-0.01153846,-0.00259202,-0.00279135,0.01966393,-0.01068265,0.00666825,0.01457533,-0.00546672,-0.02702703,-0.00905387,0.10410288,0.05660377,0.15704554,0.06191432,0.04376548,0.00277897,-0.07299452,0.00111359,0.02652684,0.05298979,0.03524834,0.03791469,0.04933292,0.01033058,0.04354136,-0.03655054,0.00957207,-0.02487926,0.00441344,-0.04357733,0.00537827
2014-12,-0.00548867,-0.05249495,0.00880853,-0.01667825,-0.00755034,0.07095159,0.02182385,-0.03125,0.12417763,-0.03149838,-0.0086905,-0.01856498,-0.05574637,-0.02607798,-0.01534527,-0.07870653,-0.04137931,0.05870131,-0.02297297,0.00223672,-0.01743295,-0.05287583,0.03935675,-0.00385802,-0.01609499,-0.04254346,0.02118478,-0.02745536,-0.01535033,-0.01353311,-0.06379894,-0.02505078,-0.06498809,0.0870922,-0.13892724,-0.00776316,0.02251433,-0.00583745,-0.00838112,-0.01468339,-0.05368906,-0.16258375,-0.04546931,-0.04578313,0.04514975,0.2489083,-0.05844846,-0.03925015,-0.05344585,-0.02915718,-0.02769593,-0.01058201,-0.02824859,-0.06328944,-0.03275109,-0.0291813,0.1311421,-0.20847847,0.18341794,-0.07306543
2014-11,0.00595864,-0.00725244,0.00779459,0.00136426,-0.05516706,0.04050633,0.01696222,-0.00246914,0.08680556,0.0019926,0.00436421,0.00949525,-0.03083144,-0.00585391,-0.00372578,-0.02848843,-0.00709677,0.00297422,-0.00712025,0.00648268,-0.01837758,-0.0167157,0.00550721,0.00623782,0.00347037,0.00136302,0.00360433,-0.04192611,-0.01110039,0.02918288,-0.01223529,-0.00892267,0.00564596,0.0266591,-0.0645632,0.0039032,0.02126477,0.0142539,-0.00175901,0.02063145,0.00724876,-0.0266826,0.01107492,-0.02859351,0.01818988,0.11596696,-0.01279892,-0.00860585,-0.00600739,-0.00424391,0.02707581,0.01353052,-0.01131222,0.0122449,-0.05222337,-0.00449023,0.05582323,-0.10256382,0.0675316,-0.03471995
2014-10,0.04230979,0.03778987,0.05028599,0.00895934,0.00311769,0.0509839,0.00770416,0.03187919,0.08208955,0.07561494,0.01163957,0.02453988,0.00988343,-0.00453629,0.02054273,0.09861557,0.01603928,-0.11382221,0.03547252,0.03094924,0.0242654,0.06730364,-0.07608696,0.02699484,0.02138158,0.07673509,-0.03656165,0.0057923,-0.0016835,0.05761317,0.01917546,-0.03180212,0.08698778,0.06586826,-0.12912444,0.04671632,0.05985658,0.04911132,0.02590442,0.04350671,0.0627834,0.16782007,0.0780539,0.092827,0.0585491,0.04360257,0.07199424,0.02524956,0.06008793,0.08132678,0.09485638,0.05479452,0.03324468,0.0056872,-0.03034901,0.04211102,0.13025133,-0.19351348,0.19351101,-0.07158351
2014-09,-0.06279303,-0.10025126,-0.07116431,-0.0323646,-0.08938547,-0.01660839,-0.03313697,-0.07322654,-0.04947917,-0.05963939,-0.06628296,-0.04908566,-0.06812369,-0.05882353,-0.0247246,-0.21837726,-0.07901746,0.24721755,-0.07620681,-0.05899912,-0.04578787,-0.15077453,0.16095548,-0.05825959,-0.00935829,-0.04938272,0.07692308,-0.03562945,-0.05999108,-0.05932606,-0.06584723,-0.06065133,-0.07787553,-0.05952053,0.11666839,-0.05398587,-0.05960086,-0.04010577,-0.06014102,0.01574803,-0.03373413,-0.10942249,-0.03294509,-0.07733538,-0.06063212,0.02571532,-0.09731438,-0.065662,-0.03387471,-0.06778523,-0.06060606,-0.00927459,-0.06953339,0.00160449,-0.05848514,-0.07355865,-0.12071905,0.17622352,-0.18100625,0.06837319
2014-08,0.01334685,0.06533477,0.01026425,0.00530504,0.05675878,0.01869991,-0.03620565,-0.01067887,-0.04568106,0.04033908,0.01980769,0.02419753,0.01601507,0.02516779,0.01749937,0.06445572,0.01467505,-0.07242953,0.02276708,0.01619217,0.02363936,0.03871352,-0.04914122,0.02821197,0.02735562,0.04208999,-0.0254591,0.01195934,0.01860676,0.00578592,0.01547988,0.03286822,0.04103448,-0.00606061,0.00329269,0.02742397,0.00204527,0.01038375,0.01307465,0.08318329,0.04473406,0.11225413,0.04390587,-0.01393189,0.00369164,0.00371333,0.05966587,0.06425703,0.04005862,0.01759259,0.01159794,0.01303155,0.03422053,0.0545583,0.09803922,0.03212542,-0.01223857,0.0055297,-0.02130808,0.00368016
2014-07,0.02010399,0.03292411,0.02949122,0.02455662,-0.00149142,0.07393365,0.11102172,0.01081917,0.11172669,-0.00202899,0.0430303,0.01867744,-0.00984298,-0.00481812,0.02147159,0.00566595,-0.01160714,-0.02150859,0.00404142,0.01858601,0.00222263,0.00413525,-0.01222636,0.03953674,-0.01192788,-0.03981481,-0.00660338,-0.01186944,-0.01796945,0.07220217,0.00582176,0.02307936,0.00310452,0.08446047,-0.15664978,0.02207358,0.05893453,0.04308712,0.04311111,-0.02183868,-0.0125,-0.07336757,-0.01281607,-0.08757062,0.05968416,0.09666937,-0.00738751,-0.00745841,-0.02247728,-0.12348178,-0.1010514,-0.01563518,0.00961538,0.00086244,-0.00053248,0.00467532,0.17528049,-0.22936183,0.26674277,-0.0825716
2014-06,0.01796833,0.03591241,0.00318327,0.00412088,0.02474865,0.03042198,0.03583333,0.02396166,-0.00185357,0.06629143,0.01891892,0.00765697,0.02986887,0.02081784,0.01056245,0.06039277,0.02227647,-0.06359657,0.02108826,0.01380082,0.02115091,0.03195297,-0.04295551,-0.02520677,0.02224123,0.01819923,-0.022,0.01208703,0.02886406,0.00998424,0.03583062,0.00315856,0.04777655,0.01257283,-0.03085433,0.02465033,0.03055848,0.01695736,-0.02274716,0.0435592,0.02377522,0.04678097,0.01173959,0.02361624,0.0193087,0.00950413,0.07109005,0.01525822,0.02071006,0.08476085,0.02686203,0.08854355,0.03088675,0.0369758,0.0247117,0.02664155,0.02580275,-0.04636401,0.03449659,-0.01316183
2014-05,0.03343184,0.01365796,0.03652751,0.00623269,0.0461165,0.01598402,0.00250627,-0.00560448,0.06387226,0.0403252,0.01684794,0.01516736,0.0186428,0.00722291,0.04031816,0.08016317,0.00833848,-0.08697135,0.02846402,0.03254552,0.02058652,0.0617639,-0.05884156,-0.01395349,0.00057438,0.12548584,-0.02978723,0.00625757,0.03540252,0.02143623,0.0170859,0.03921569,0.02534039,0.05335068,-0.10463097,0.03670923,0.03936388,0.01630435,-0.01208459,0.11129707,0.07787048,0.31023852,0.08699122,0.22222222,0.04441656,0.00334868,0.03419767,0.02951807,0.1014574,0.2419124,0.24561404,0.19201031,0.02987637,-0.03469418,0.02422535,0.03037058,0.10435903,-0.15160009,0.15842055,-0.04981706
2014-04,-0.00350748,0.01322513,-0.0002381,0.02050919,-0.01674641,-0.05089538,-0.006639,-0.0482389,-0.04393505,-0.11436092,-0.01692405,-0.00417537,0.00424788,-0.00074888,-0.0599897,-0.01484544,0.03024514,0.00078373,-0.00374933,-0.00675285,0.0086427,-0.00802612,0.00152999,-0.03384731,0.03363095,-0.00331858,0.00154739,0.01414224,-0.01293413,-0.03764827,-0.01225259,-0.0412758,-0.07860416,-0.0460056,0.04355696,-0.01052783,-0.04150257,-0.06672845,-0.0175064,-0.050834,-0.01527615,-0.04865954,-0.01496652,-0.00375587,-0.03328474,-0.00790678,-0.11099762,-0.01015532,-0.01545254,0.01806001,0.01865369,0.02666667,-0.00103164,0.02718476,-0.05805439,-0.00055726,-0.05590567,0.06832813,-0.08231173,0.02350917
2014-03,0.02529705,0.04912281,0.02265452,0.0363232,-0.01748808,0.00855513,0.0025,-0.02998501,0.04395604,-0.05598622,0.01883525,0.03300866,0.0616,0.04288345,-0.02020977,0.16670437,0.06184166,-0.16634789,0.05759312,0.02122972,0.04194215,0.12457338,-0.11209492,0.08732514,0.01136015,0.14606022,-0.056978,0.02829392,0.03938786,-0.02118863,0.02093476,0.00960307,-0.02879213,0.02330035,-0.05929748,0.02877267,-0.01150295,-0.01762523,0.08834766,0.13911846,0.10628019,0.37849131,0.12955466,0.20382883,0.0039341,-0.0212766,-0.059154,0.0160593,0.11904762,0.16873278,0.16984733,0.16363636,0.04492754,0.04601277,0.02583026,0.06469003,0.04446345,-0.08886353,0.05788982,-0.01383399
2014-02,0.06213436,0.07326131,0.05770222,0.07380952,0.09106678,0.06464646,0.04878049,0.06046142,0.02522704,0.08822616,0.04513811,0.04168983,0.04747613,0.07063093,0.06402604,0.19202155,0.05066854,-0.18372318,0.06377246,0.06960951,0.05984389,0.12379828,-0.12192187,0.14423541,0.13271605,0.07452575,-0.06121045,0.06092951,0.07558295,0.06318681,0.0757732,0.10390059,0.14240255,0.04861111,-0.10672065,0.0684888,0.06789432,0.05004859,0.13789359,0.04925873,0.06347746,0.13793103,0.07336827,0.06957547,0.05821741,-0.00203832,0.14662646,0.0757077,0.05174644,0.09587514,0.07444668,0.0771757,0.06426932,0.05897795,0.04586667,0.06054931,0.1001834,-0.15655749,0.1404408,-0.05797872
2014-01,-0.04163512,-0.07197316,-0.0584323,-0.02279635,-0.07788162,-0.09459459,-0.04916733,-0.06023222,-0.08960573,-0.00030084,-0.08008967,-0.03442797,-0.05579291,-0.03784494,-0.00996329,-0.15401453,-0.07320972,0.15096059,-0.049765,-0.03895072,-0.05695444,-0.10447126,0.10178804,0.04514563,-0.00266667,-0.03250478,0.0504264,-0.04667639,-0.03499873,-0.07593688,-0.05134244,-0.02551521,-0.02977298,-0.06825015,0.13491727,-0.04026245,-0.06024273,-0.03795153,0.02850995,-0.02919708,-0.00934164,-0.03138075,-0.02002731,-0.08176101,-0.06169061,-0.08627019,-0.04361371,-0.05349544,-0.00747664,-0.0421016,-0.06029685,-0.07554672,-0.05580746,0.04573615,0.13377325,-0.05131162,-0.13797635,0.1973847,-0.20880361,0.07467911
2013-12,0.01223355,0.00478469,-0.00822669,-0.00441501,-0.0282318,-0.02546093,-0.02859293,-0.01402525,-0.0383653,0.03779528,-0.02482759,0.00362694,0.01103212,-0.00735854,0.019348,0.04211107,-0.01050031,-0.06524154,0.01730665,0.00657513,0.00903555,0.02492887,-0.04095923,-0.00841908,-0.03385005,0.05476804,-0.02034665,0.025625,0.02039275,-0.01166181,0.00928074,0.02959761,0.02829828,-0.03127642,0.04947849,0.0077781,-0.00891972,0.01512374,-0.00361944,0.02866389,0.04609929,0.15636902,0.04176123,0.03645833,-0.01552306,-0.02910238,0.03127247,0.0,0.05468259,0.11388165,0.07854406,0.02404318,0.01904432,-0.03395259,0.00178359,0.01639808,-0.06438896,0.10882117,-0.13592233,0.04048583
2013-11,0.01087558,-0.00844496,0.02057803,-0.0330753,0.05490196,0.07943925,0.03320463,0.02556818,0.05565217,0.03094778,0.05049261,0.01272912,-0.02849136,-0.01403595,0.04416576,-0.01666667,-0.02826855,-0.00620258,-0.00290314,0.01356064,-0.01244019,-0.00838385,-0.0044785,-0.07605877,-0.04325926,-0.01698113,-0.00153551,-0.01188525,-0.00713407,0.04301619,0.00045767,0.02041499,0.01629802,0.06074074,-0.12742022,0.00262085,0.05100236,0.04843305,-0.06724722,-0.02519118,-0.0261915,-0.09526462,-0.02463704,0.0104712,0.05526932,0.00591922,0.02335929,-0.00982091,-0.02784504,0.02821197,0.01559454,0.0591716,-0.01210084,-0.06145497,0.03973105,-0.00879846,0.12029667,-0.14834781,0.12474916,-0.04312354
2013-10,0.01579838,0.02505219,0.01847028,0.02426838,0.04081633,0.03585271,0.00703675,0.01756955,0.01792115,0.0,0.0265935,0.02133195,0.01441058,0.01874531,0.03375527,0.0580113,0.02550255,-0.07679862,0.02130529,0.03741702,0.01100811,0.05655804,-0.04837183,0.03529412,0.04684129,0.08161866,-0.02434457,0.03319855,0.01982932,0.02118863,0.00875576,0.02206382,0.01821061,-0.00089445,-0.00479257,0.01762963,0.00477327,0.02749141,-0.00095012,0.0888781,0.07139546,0.18276704,0.08293384,0.10416667,0.00569125,-0.0052521,-0.02900653,0.0152314,0.06334842,0.07737348,0.08485499,0.09380637,0.02689655,0.00543478,0.04499366,0.02305313,-0.00201502,0.0,-0.04377654,-0.01209329
2013-09,0.05573506,0.05897436,0.03533217,0.06786271,0.0217938,0.0039604,0.018684,0.05572998,0.01105991,0.08069677,0.0191439,0.03056769,0.07334711,0.06204478,0.02701917,0.1931831,0.06994144,-0.19730632,0.06533841,0.05077121,0.06269527,0.12972033,-0.13485445,0.05768299,0.05064548,0.14490446,-0.06810404,0.05090162,0.04852547,0.06312292,0.07319536,0.09199701,0.10191366,0.02351485,-0.05520483,0.0480038,0.04080025,0.03989637,0.06751728,0.18032787,0.14440238,0.45198507,0.16297558,0.17241379,0.02944816,0.03912883,0.10388548,0.09001957,0.15151515,0.10425432,0.15374841,0.16430595,0.07137491,0.09555106,0.04149933,0.06636086,0.04147828,-0.20208447,0.21780538,-0.01258741
2013-08,-0.03750245,-0.03509872,-0.00626723,-0.11886662,-0.00678541,0.00830737,0.03881857,-0.00079177,0.02524272,0.02873134,0.01354953,-0.04232804,-0.02886807,-0.06459882,0.00029394,-0.13125751,-0.03060249,0.11553821,-0.0429015,-0.03402212,-0.05132778,-0.08684249,0.07954736,-0.2249727,-0.15176305,-0.11768707,0.04032543,-0.05554369,-0.0497936,0.02298206,-0.05129434,-0.06962245,-0.01372896,0.00642261,-0.02843557,-0.04823297,0.00501132,0.00367261,-0.20792484,-0.13747017,-0.11729804,-0.35944613,-0.13742964,-0.13294798,0.00355781,0.02767248,0.0175064,-0.10421546,-0.11974522,-0.1064092,-0.11160221,-0.13942308,-0.0531005,-0.1425629,-0.08430055,-0.05191018,0.01119088,-0.04626407,0.01081081,-0.00898995
2013-07,0.0193168,0.02809539,0.03682272,0.00423729,0.06569343,0.06869369,0.0026087,0.03529412,0.02757916,0.09580331,0.04176554,0.02580999,0.01720094,0.00181913,0.01439951,0.01432849,-0.00128329,-0.05676368,0.01015965,0.02920814,0.00180687,0.02078842,-0.03674868,-0.06550523,0.02417453,-0.05081433,-0.01504788,-0.02815126,-0.00078084,0.04186603,0.01787488,-0.00592334,0.10089463,0.05488436,-0.11801869,0.01888277,0.0560028,0.02095974,-0.04938759,-0.01544221,-0.03395889,-0.08153651,-0.04067642,-0.09437964,0.04483696,-0.01209048,0.14026236,0.00359066,-0.02392947,-0.1142444,-0.12022901,-0.10054054,0.01659904,-0.02792065,-0.01332526,0.00507614,0.10881207,-0.26775008,0.32253886,-0.07000486
2013-06,-0.06419048,-0.07594554,-0.06602847,-0.05080214,-0.09196355,-0.112,-0.10869565,-0.07829457,-0.10054845,-0.05626496,-0.07697311,-0.0504158,-0.08438919,-0.07986609,-0.10107408,-0.20848329,-0.08084981,0.1817646,-0.06710133,-0.07474382,-0.04466692,-0.14046734,0.12578343,-0.07299035,-0.07595628,-0.08795181,0.06191166,-0.02975948,-0.08731307,-0.11305732,-0.07950368,-0.10762473,-0.03330116,-0.08601134,0.17242988,-0.061397,-0.07727053,-0.08765743,-0.06565843,-0.12674271,-0.07279534,-0.21511459,-0.07462687,-0.11154219,-0.07817183,-0.13882353,-0.0075339,-0.09744148,-0.07037256,-0.18271301,-0.1263877,-0.11922141,-0.06363004,-0.07618533,-0.11886587,-0.06828317,-0.16817542,0.05216551,-0.0994186,0.07611272
2013-05,-0.02675207,-0.03987101,-0.02407002,-0.04169381,-0.03703704,0.01303912,0.0172144,0.02564103,-0.02607914,0.12371134,-0.02028181,-0.00313808,-0.03702841,-0.02777778,0.04907085,-0.11325836,-0.05107832,0.11199473,-0.03793103,-0.01655695,-0.03902439,-0.07075472,0.07576445,-0.04129152,-0.0611167,-0.05899198,0.03584627,0.01919831,-0.01035147,-0.02067183,-0.01984664,0.01586798,0.03592814,-0.03157895,0.05626411,-0.0176939,-0.00195599,0.02854177,-0.05028129,-0.00297366,-0.04298915,-0.17151454,-0.05153374,-0.09464286,-0.01691542,0.04191617,0.09977949,-0.02667364,-0.05935557,-0.09358213,-0.07563694,-0.06015733,-0.02563226,-0.09063782,0.08837485,-0.04073873,-0.06137958,-0.10067313,0.07496823,0.02754011
2013-04,0.03210921,0.02283511,0.03460294,0.05238095,-0.00240964,0.01108871,-0.05490483,0.03181077,0.05135387,0.05885122,-0.00148085,-0.03898051,0.02473498,0.02878211,0.03121284,0.06880471,0.01397206,-0.07995538,0.02308725,0.03486464,0.03484119,0.04227178,-0.05237719,0.03372574,0.03007712,0.05829327,-0.02729258,0.06802417,0.02827637,0.02460733,0.0242452,0.02947773,0.03328213,0.03439571,-0.08019522,0.04201553,0.02894476,0.02735402,0.03304598,0.0895386,0.05620805,0.13771303,0.06611927,0.09756098,0.03109201,-0.00378657,0.03387916,0.0460455,0.05411765,0.06980228,0.05803196,0.03662651,0.0193437,0.0505168,-0.05095185,0.02903761,0.07116935,-0.09160797,0.05714286,-0.03779979
2013-03,-0.01740921,-0.01592357,-0.02004347,0.02057613,-0.01022013,-0.07839562,-0.08941486,-0.02287066,-0.04811899,-0.02451203,-0.03142104,0.00306435,-0.01291811,0.00953062,-0.03684807,-0.04694906,-0.01783227,0.03375715,-0.01232625,-0.0251535,-0.00570559,-0.02775379,0.02270646,0.01402167,0.04125893,-0.01240402,0.01190919,0.02403083,0.00319097,-0.07278782,-0.02519894,0.00128123,0.00304105,-0.04324486,0.07767022,-0.01250372,-0.03136385,-0.03748126,0.00463128,0.0032022,0.01488728,0.00697484,0.00691443,-0.04753029,-0.03937575,-0.05224359,0.01015801,0.02257709,0.0064744,-0.04981284,-0.02731788,-0.02761628,-0.01588911,0.00334577,-0.02367841,-0.01405405,-0.0856066,0.03047122,-0.0479904,0.04226125
2013-02,-0.01129211,-0.04824924,-0.00504202,0.01251739,-0.03264996,-0.03006189,-0.03489848,-0.05373134,-0.08181096,-0.03621291,-0.04753623,-0.04019608,-0.03227252,0.00845615,-0.00564175,-0.09043214,-0.03112314,0.08710811,-0.02934422,-0.01350822,-0.00644183,-0.05877551,0.05583854,0.08423251,0.05601545,-0.09750927,0.02743902,0.01030692,-0.01362199,-0.04157149,-0.03182796,0.00482781,-0.04823927,-0.06855727,0.13629184,-0.02642981,-0.0515433,-0.02060844,0.0687404,-0.11156686,-0.08727413,-0.22758692,-0.08310249,-0.11783961,-0.0514856,-0.01226415,-0.04677419,0.03850575,-0.08216971,-0.16262482,-0.13992933,-0.14591921,-0.03436989,0.00707177,-0.0266597,-0.02992912,-0.13396399,0.16346127,-0.15607524,0.06194428
2013-01,-0.02077638,-0.00800663,-0.04095326,-0.0206754,0.01002313,-0.03184165,-0.01820465,-0.00817236,0.01795918,0.06747891,-0.01662526,-0.03807711,-0.01535381,-0.00194505,0.02856302,-0.06800892,-0.023498,0.06610955,-0.022105,-0.03358634,-0.00494673,-0.04603264,0.04222706,0.00536481,0.06227652,0.0112964,0.02205882,-0.05114255,0.00716757,-0.00548196,0.01139851,0.03245233,0.02651326,-0.0090784,0.0122138,-0.00434972,-0.00494308,0.00545364,0.00039231,-0.04780876,0.01616719,0.11324687,0.01083467,-0.02698413,-0.00838052,-0.00630716,0.00601093,-0.00519931,0.03975364,-0.04426003,-0.03088538,-0.02739726,-0.00459318,0.03524351,0.12940462,-0.01994302,-0.01783265,-0.00724615,-0.0218607,0.00680272
