Week,BTAL,CHEP,CPI,HDG,MCRO,MNA,MOM,MRGR,QAI,QMN,RALS,RLY,SIZ,WTMF
2019-21,0.00626398,-0.00545906,-0.00253807,-0.00111857,0.00038835,0.00188917,0.00795229,0.0,0.0,0.0,-0.00114416,-0.00611746,-0.0065538,-0.01292658
2019-20,0.00722348,-0.01314508,-0.00325145,-0.00066979,-0.00155159,0.00442758,0.0,0.00349275,-0.00066845,0.00115207,-0.0022792,-0.00687424,-0.00705755,-0.01119023
2019-19,-0.00451671,-0.01909308,0.0028975,0.00536553,0.00310198,-0.00504255,0.00163465,-0.00214247,0.00301306,0.00346287,-0.00370054,0.00731707,-0.00912997,0.00202429
2019-18,0.01642421,-0.0070922,-0.00323625,-0.01335084,-0.00611621,-0.00188324,0.01587302,-0.00106667,-0.00594845,-0.00343249,-0.0017094,-0.0075818,-0.01366264,0.00507228
2019-17,0.00520833,0.00517647,0.00071968,-0.00131406,0.0007619,0.01212508,0.01057977,0.00267237,0.0009901,0.00114329,0.00142572,-0.00316456,0.00052798,-0.00203097
2019-16,0.00951022,-0.00886608,-0.00072098,0.00021959,-0.00152207,-0.0019084,0.01242502,0.00483611,-0.00033036,0.00190985,-0.00764439,-0.00276134,0.00424854,-0.00203459
2019-15,-0.00378788,0.0046729,0.00036062,0.00153812,0.00228571,-0.00725323,-0.00809889,-0.00053648,-0.00066028,-0.00038168,0.00312234,-0.00235756,-0.00684932,0.00255624
2019-14,-0.00237643,-0.0027946,0.00108303,0.00021983,0.0,-0.00593936,0.00213675,-0.00187416,-0.00033036,0.00229446,-0.00085106,-0.00234467,0.00263992,0.00205076
2019-13,-0.01591015,0.015625,0.00362319,0.00975177,0.00381971,0.00156397,-0.02458333,0.00214247,0.00365085,0.00229973,0.00541465,0.00671406,0.01118807,0.00180087
2019-12,-0.00690926,-0.00094607,0.00327749,0.00402145,0.00346554,0.00471995,0.00208247,0.00322494,0.00266756,0.00308166,0.00028401,0.0,0.00968263,0.00257798
2019-11,0.02181128,-0.01447246,-0.00362845,-0.00510204,-0.00650842,-0.00689223,0.00546908,0.00053648,-0.00332557,-0.00077012,-0.00424328,-0.00635173,-0.01689546,0.0015456
2019-10,-0.00328484,-0.00465549,0.002185,0.0064906,0.00424219,-0.00404984,-0.00420875,-0.00053362,0.00401338,0.00347893,-0.00310121,0.01049233,-0.00631247,-0.00691244
2019-09,0.02239162,-0.04276169,-0.00508906,-0.00778124,-0.00615858,-0.00558833,0.00810926,-0.00133941,-0.00434057,-0.00270584,-0.00225289,-0.00926672,-0.01706308,0.00412053
2019-08,0.01153292,-0.01182894,0.0,-0.00266371,-0.00230326,0.00310945,0.00772532,-0.00320684,0.00066778,0.0003867,0.00028098,-0.00759696,-0.00103093,-0.00257798
2019-07,-0.00804924,-0.00273848,0.00291758,0.00245426,0.00308761,-0.00062016,0.00086059,-0.00373932,0.00335008,0.00116279,-0.00196078,0.00883179,0.00257998,-0.00025786
2019-06,-0.01444548,0.0204556,0.00624082,0.00857401,0.00583885,0.00218069,-0.00843882,0.00160944,0.00607492,0.00467654,0.00084199,0.01765189,0.00727273,0.00206879
2019-05,0.01177024,-0.01646091,-0.00256598,-0.00179654,-0.00310559,-0.00557103,0.00598291,0.00269614,-0.00168294,-0.00038941,-0.00028114,-0.00933442,0.0,0.00705513
2019-04,-0.00610042,-0.00542495,0.00553914,0.00883953,0.00862069,0.00467144,-0.00468683,-0.00188425,0.00712347,0.00156067,0.00535664,0.02746567,-0.00572023,-0.00260349
2019-03,-0.01032864,0.0031746,0.00481303,0.00409277,0.00826772,0.0094162,-0.01263158,0.00542888,0.00646919,0.00352388,0.00139899,0.01548765,0.00312989,-0.0075188
2019-02,-0.01173158,0.00501367,0.00483271,0.00961979,0.01028074,0.00062441,0.00296108,-0.00994089,0.00752137,0.00510605,0.00392707,0.01600674,0.02346667,-0.00207792
2019-01,-0.01256398,-0.00091075,0.00634565,0.01130595,0.00793966,0.0047081,-0.00626305,0.00648649,0.00445358,0.00117832,-0.0075167,0.02010265,0.0,-0.00155763
2019-00,-0.02080507,0.01210992,0.00375799,0.00256171,0.0068109,0.00252286,-0.02750809,-0.00108167,0.00865651,0.00873709,0.00587906,0.02553941,0.00752284,-0.00361197
2018-51,-0.00405954,-0.00866788,0.00911508,0.01153484,0.00808081,0.01055662,-0.02371542,0.00518135,0.01047486,0.00760608,-0.00579151,0.01796945,-0.00374732,-0.00051467
2018-50,0.0127679,0.00091491,-0.01048297,-0.01088467,-0.01037096,-0.01011698,0.23600973,-0.00920661,-0.01067861,-0.00713436,-0.00418177,-0.02671262,0.0,0.00619515
2018-49,0.0045683,0.0,-0.00074432,0.00230309,0.00119142,0.00094637,0.02159468,0.00458963,-0.00068681,-0.0023678,-0.00502934,-0.00762066,0.0,0.00077519
2018-48,0.03033175,-0.03237251,-0.00992647,-0.01359619,-0.01638705,-0.0009428,0.00124844,0.0,-0.01387009,-0.00626714,0.01649602,-0.01612903,-0.00823469,-0.00103681
2018-47,0.0014171,-0.01999131,0.00259067,0.00637523,0.00711462,-0.00562324,0.0079698,0.00298994,0.00375683,0.00039262,-0.0036071,-0.00083822,-0.0167004,-0.00615542
2018-46,0.0,0.0,-0.00110701,-0.00592525,-0.00550314,-0.00031387,0.0,-0.00897959,-0.0023948,-0.00117739,-0.00441014,-0.03271984,0.0,-0.00509424
2018-45,-0.00983146,-0.00222321,-0.00036805,0.00456308,-0.00391543,0.00566038,0.00534759,-0.00027345,0.00307482,-0.00039139,0.00416204,0.001228,0.0,0.00257003
2018-44,0.00908656,0.0049151,-0.00036697,-0.00248756,0.0007837,0.00250784,0.0307887,0.00440044,-0.00169722,-0.00156128,-0.00525442,-0.00766438,0.0,0.01505321
2018-43,-0.02885063,0.00090785,0.0062777,0.01586937,0.0031746,0.00981634,0.0,0.00608744,0.01202336,0.00391389,-0.0074565,0.01022495,0.0,-0.01437372
2018-42,0.01908397,-0.07436975,-0.00732064,-0.00867184,-0.00980777,-0.00409062,-0.01659063,-0.00027663,-0.01153324,-0.00351014,-0.00083287,-0.0277118,0.0,-0.00358423
2018-41,0.02000976,0.06344951,0.0007326,-0.00295791,0.004329,-0.00219849,-0.01752241,-0.0049765,-0.00033921,-0.00155642,0.00055617,-0.00118064,0.0,0.00128436
2018-40,0.01491054,0.0,-0.00980036,-0.00943396,-0.00858369,0.00347771,-0.00603136,-0.00550812,-0.0097479,-0.00271634,0.0002777,-0.02149712,0.0,-0.01292121
2018-39,0.00299551,0.00268817,-0.00397686,-0.01371985,-0.00962649,-0.00189036,-0.00837321,0.00055112,-0.01029216,-0.00501543,0.00140135,-0.01366224,0.0,0.00101343
2018-38,0.0085213,0.0,0.00289436,-0.00110448,0.0,-0.00125747,0.02486751,0.00248619,0.00166113,0.00115875,-0.00307348,-0.00191278,-0.00798005,0.00408267
2018-37,-0.02364532,0.01597161,0.00398551,0.00776742,0.00814901,-0.00094458,-0.02192982,0.00027624,0.005998,0.0011592,0.00280269,0.01601563,0.0,-0.00585391
2018-36,-0.009355,-0.00748569,0.00181225,0.00245207,-0.00462963,0.00826446,0.00753968,-0.0005534,0.00535117,0.00116009,-0.00336511,0.00629178,0.0,0.02193318
2018-35,0.00745898,0.0,-0.00181028,-0.00861117,0.0,-0.00126944,-0.01176471,0.0047196,-0.00697443,-0.0015456,0.00647523,-0.00665623,-0.00594943,-0.0070922
2018-34,0.01009082,0.0,-0.00036193,-0.00527357,0.00582072,0.00158629,0.01484156,-0.00194175,-0.00165453,-0.00077131,-0.00865197,-0.003861,-0.00049554,0.00744735
2018-33,-0.01135802,0.0,0.00400146,0.00555679,0.0,0.00605481,0.00402739,-0.00110834,0.00433478,0.00310078,-0.00027863,0.01493711,0.00447984,0.0085448
2018-32,0.01551552,0.0,0.0003639,-0.00111185,-0.00501931,0.00384862,-0.01193792,0.01405284,0.00033434,0.00116414,0.00223651,-0.00665102,-0.01712329,-0.00515464
2018-31,-0.00050025,0.0,-0.00036337,0.00199689,-0.00422914,0.00225008,0.01575758,-0.00419815,-0.00166279,0.00077489,-0.00055882,-0.00923432,0.0,0.00128833
2018-30,0.01566448,0.0,-0.00036377,-0.00551633,-0.00153551,-0.00064061,-0.00886025,-0.00611961,0.00166445,0.0003876,-0.00911099,-0.00230061,0.0,-0.00129232
2018-29,-0.00201511,0.0,-0.00072648,0.00022124,0.0,0.0057971,-0.0068,0.0,0.002331,0.00077519,0.00028082,0.01125776,0.0,0.00415045
2018-28,0.00050403,-0.00301205,0.00072727,0.00578292,-0.00461007,-0.00193299,0.03177879,0.0069891,0.00099967,0.0,-0.00531469,0.00077549,0.0,0.00051948
2018-27,0.00965447,-0.01940928,0.0,0.00110791,0.0,0.00096681,-0.00899796,0.00336606,0.00066622,0.0,-0.00445558,-0.01327266,0.0,0.00779828
2018-26,0.0,-0.00084317,0.00586081,0.00694911,0.00309478,0.00486697,-0.01174089,0.00883191,0.00604433,0.0050702,0.00111669,0.01355538,0.0,-0.00544323
2018-25,0.00960566,-0.00128977,0.00146359,-0.0015625,-0.00462072,-0.00065083,-0.01970245,-0.01900503,0.00033546,0.00155703,-0.00166574,0.01198763,0.0,0.00812369
2018-24,0.01140487,-0.03244592,-0.00072913,-0.00243363,0.00657132,0.00129997,-0.02306489,0.01102006,-0.00464499,-0.00077549,0.00896108,-0.00115075,0.02302302,-0.00104712
2018-23,0.02168165,0.0,0.00109409,-0.00352113,-0.01784358,0.00325839,-0.01164144,0.00171233,-0.00231635,0.0023301,-0.00500695,-0.02184557,0.0,-0.00366013
2018-22,-0.00887728,0.0,0.00036483,-0.00285338,0.00381098,0.00097656,0.00348972,-0.00994883,0.00298904,0.0007761,0.00167177,0.0083682,0.0,-0.00286533
2018-21,-0.00052138,0.0,0.00366703,0.00554939,0.0,-0.00162338,0.01129723,0.0129571,0.00366911,0.00116732,0.00083542,0.01379839,0.0,-0.00310238
2018-20,0.01818182,0.0,-0.0010985,-0.00176484,0.0,0.00521342,-0.00538669,-0.00057554,0.00033278,0.00155824,0.00166574,-0.02017183,0.0,-0.00668552
2018-19,-0.01004228,0.00376412,-0.00073314,0.00022085,-0.0030453,0.00196271,0.00891473,-0.00230282,-0.00299202,-0.002331,0.0,0.00037566,0.0,0.00412477
2018-18,-0.00832033,-0.03080665,0.00478293,0.00622499,0.0,-0.00556829,0.01937525,0.00724848,0.00668896,0.00311891,-0.00360111,0.01680672,0.0,-0.00233161
2018-17,0.00051894,0.0,0.00110497,0.00022247,-0.00229973,-0.01007147,0.0,0.0,0.0,0.00117233,-0.00742983,0.00421456,0.0,0.00155763
2018-16,0.00576218,-0.01516966,-0.00073611,-0.0011121,0.00192012,0.00425114,-0.02698535,0.00144092,0.00066957,-0.0011705,0.00469095,0.00230061,0.02597403,-0.00544041
2018-15,-0.00469239,0.0,-0.00183486,-0.00066726,-0.00268199,-0.00195503,0.01842415,0.0,-0.00399734,0.00038956,-0.00137779,0.0073246,0.0,0.00286086
2018-14,-0.01752577,0.02495908,0.00184094,0.00626819,0.00346021,0.01121002,0.00750395,0.0,0.00603419,0.0019516,0.00193477,0.01852582,0.0,0.00627451
2018-13,0.00206186,0.01242751,0.0014771,0.00269724,0.00192604,-0.01108937,-0.00197083,-0.00517241,0.0,0.0027451,0.00221178,0.00558214,0.0,-0.00340136
2018-12,0.02224576,0.0,-0.00330518,0.00067009,0.0,-0.00453368,-0.01476301,0.0,0.0,-0.00467108,0.00724032,-0.0003951,0.0,-0.00313316
2018-11,0.01655099,-0.0212766,0.00036778,-0.01267512,-0.01670463,0.00097561,0.00901607,0.0,-0.0146228,-0.00466926,0.00446803,-0.00159172,0.0,0.01079231
2018-10,0.01079914,-0.02313725,-0.00292612,-0.00331638,-0.00075873,-0.00741457,0.0,-0.00143184,-0.00231405,0.0,0.00279877,-0.00392465,0.0,0.0
2018-09,-0.00911528,0.0,0.00331004,0.00690885,0.00038285,0.00290229,0.02109873,-0.00710833,0.00766667,0.00077791,-0.00334262,0.00433754,0.0,-0.00339603
2018-08,0.00484392,0.0,-0.00658858,-0.01235112,0.00647619,-0.00893997,0.0,0.0,-0.00992063,-0.00543057,-0.00388673,-0.02671312,0.0,-0.01138716
2018-07,-0.00268384,0.0,0.00257542,0.00066519,0.00229095,-0.00318878,0.00558659,0.0,0.00299401,-0.00038941,-0.00415512,0.00866483,0.0,0.00442478
2018-06,-0.00532765,-0.01279566,0.00591497,0.01029543,0.00653093,0.00449438,0.00400641,-0.00678733,0.00871314,0.00468933,-0.00550964,0.01922307,-0.01079137,0.01290153
2018-05,0.00106667,-0.00232108,-0.01106195,-0.01115076,-0.01372998,0.00128659,-0.01199041,0.0,-0.0066912,-0.00933126,0.0005499,-0.02365931,-0.00102669,-0.01933987
2018-04,0.00760043,0.01669903,-0.00729395,-0.01155187,-0.0070632,-0.00788146,0.00803536,0.0,-0.01080196,-0.0050077,-0.00192097,-0.02706767,0.0,-0.00332992
2018-03,0.00597177,-0.01245283,0.00255661,0.006139,0.00410601,0.00125945,0.00524194,-0.00308123,0.00557377,0.0030888,-0.00354997,0.00791258,-0.00101937,0.00102223
2018-02,0.00108519,0.01741486,0.00036617,0.00683271,0.00187617,0.01239669,0.0,0.00591716,0.00296932,0.00232378,-0.00409612,-0.0030326,0.0,0.00102512
2018-01,-0.0281765,-0.00793951,0.00294334,0.00308438,0.0022531,0.00894569,0.00575421,0.0,0.00463423,0.00077519,-0.0010923,0.01108139,0.0,0.00773994
2018-00,-0.00947867,-0.00927716,-0.00110579,0.0062098,0.00681818,0.00288647,0.01040366,-0.0027972,0.00700467,0.00349379,-0.00081855,0.00924855,0.0,0.00414508
2017-52,0.01265823,0.0265873,-0.00036928,0.00022242,0.0,0.00258314,-0.0008316,0.0002798,0.00134093,0.00233463,0.00327154,0.01020809,-0.001998,-0.00025853
2017-51,-0.01875,0.05020408,-0.00331248,0.00022262,0.00038139,0.00681155,-0.00619835,0.00084034,-0.00066979,-0.0015534,0.00354997,0.01077844,-0.0024975,0.00654108
2017-50,0.00729927,0.01008065,-0.0011066,0.00111757,0.00381971,-0.00357491,-0.00779008,-0.00729313,0.0013468,0.00038911,-0.00163711,0.00040225,-0.0137931,0.00026164
2017-49,-0.0005211,-0.01532258,-0.00221893,-0.00044693,-0.0007657,-0.00711284,0.01536545,0.00905746,0.00067385,0.00077882,-0.00380745,-0.00561798,0.01754386,0.00394841
2017-48,-0.00466321,0.00664452,-0.00258112,-0.00156041,-0.00343905,0.00129912,-0.01962355,-0.0053491,-0.0003367,-0.003885,0.0091135,0.00888171,0.00554435,0.00315126
2017-47,0.00051894,0.0,0.00334076,0.00379803,0.00344432,0.00129492,0.00160449,0.0011274,0.00541455,0.00273544,-0.00385356,0.01178862,0.01069791,0.00289321
2017-46,0.0107582,-0.02687061,0.00111441,0.00022442,-0.00191278,0.00455285,0.0048583,-0.00028177,0.00033887,0.00234926,-0.00576132,-0.00363783,0.0,-0.00288714
2017-45,0.01244813,-0.01985413,-0.00074322,-0.00535236,-0.00419048,-0.00484496,0.01222494,0.0005677,-0.00371371,-0.00234283,-0.00055006,-0.00360288,-0.00708144,0.0
2017-44,0.002079,-0.00443727,0.0,0.00560287,0.00152964,0.00129199,0.0,0.0,0.00169033,0.00078156,-0.00219599,0.00773616,0.0,0.00554236
2017-43,-0.01438849,0.01035857,-0.00111607,0.00134258,0.0,0.00356333,0.00789364,0.00028401,0.00033875,-0.00117325,-0.00164069,0.0012285,-0.02418559,0.00584174
2017-42,0.00103466,-0.00796813,-0.00111441,-0.00111782,-0.00152788,0.00389484,0.02085106,-0.00592885,-0.00101488,-0.00039078,0.00467804,-0.00648824,0.0,-0.00132591
2017-41,0.0057232,-0.00396825,0.00260708,0.00269119,0.00115252,0.00619902,0.0,0.0,0.00339559,0.00392003,-0.00574555,0.01692816,-0.00049334,0.00482186
2017-40,-0.00104167,0.0,0.00074516,0.00337458,0.00502707,-0.00517464,0.00042571,0.00283126,0.00374787,0.00117786,-0.00299564,-0.00247423,-0.0136253,-0.00107152
2017-39,-0.02145046,0.00961538,-0.00111857,0.00270758,-0.0007728,-0.00064872,0.00213311,-0.00225989,0.00239316,0.00353357,-0.00027233,-0.00776778,0.0347432,-0.0053135
2017-38,-0.00958144,0.00281124,-0.00148865,0.00271125,0.0007734,-0.00518303,0.02582057,-0.00673401,0.00034153,-0.00078647,0.00110011,-0.00164541,-0.01585728,0.00508293
2017-37,-0.00843254,0.02579853,-0.00185667,-0.0002265,0.00116279,0.0035819,-0.00738488,0.00224341,-0.00068259,-0.00117832,0.00137855,0.00453795,0.0025227,-0.00426667
2017-36,0.00597907,-0.02241793,0.0,-0.00136147,-0.00038805,-0.00130293,0.0,0.00196684,0.00102775,0.00039308,0.00219962,0.00957137,0.0010101,0.00401177
2017-35,-0.01385453,0.00080128,0.00149031,0.00113714,0.00428683,0.00327547,0.00558179,0.0036661,0.00653145,-0.00039386,-0.00602575,0.01176965,0.00507614,0.00133761
2017-34,-0.0155642,-0.00240481,0.00074516,0.00457143,0.00390625,0.00427491,0.00735294,-0.00254094,0.0024113,0.00236967,-0.00027382,0.01449893,-0.0010142,0.0045491
2017-33,0.01085884,-0.00517516,-0.0018615,-0.00137018,-0.00077973,-0.00394089,0.0,0.00542547,-0.00068894,-0.00197083,-0.0008235,-0.00424268,0.0,0.00457851
2017-32,0.01097257,-0.00078895,0.00186846,-0.00929916,-0.00389257,-0.00262037,0.0,-0.00906002,-0.00856458,-0.00314713,0.00191676,-0.01424979,-0.00298954,-0.00295064
2017-31,0.00804424,0.0090981,-0.00149142,-0.00113636,0.00195008,-0.00810898,0.00921457,0.0,0.00068658,0.0,-0.0019084,-0.00544389,0.0,-0.00053619
2017-30,0.00506073,-0.02345582,0.00037341,-0.0011343,0.00039017,0.00454989,0.0,0.00369318,0.00206256,-0.00039324,0.0,0.01409052,0.00587372,-0.00639488
2017-29,0.00253421,-0.00547089,0.00224551,-0.00203851,0.00195618,-0.00130166,-0.00998697,-0.0025503,0.00309704,0.00236686,-0.00301452,0.00428082,0.00097943,-0.00345377
2017-28,-0.00757193,-0.0150347,0.00375657,0.00776433,0.00787712,-0.00194868,0.02629234,0.0,0.00692042,0.00197394,-0.0032769,0.01434159,0.00048996,-0.00026582
2017-27,-0.00451581,-0.01052632,0.0,-0.00364548,-0.00470404,0.00129997,0.0,0.0,-0.00207756,-0.00118343,0.00054496,-0.01637931,-0.00244738,0.00346205
2017-26,-0.01531621,0.02777778,-0.00261976,-0.00544465,0.0,0.00490356,-0.00221828,0.01312785,-0.00654045,0.0,0.0,0.0104941,0.0,-0.01050972
2017-25,0.00247647,0.00598325,-0.00074822,-0.00295993,0.00078585,0.00327976,-0.00392328,0.0,-0.00068966,-0.00039463,-0.00599782,-0.00608431,-0.00587084,0.00555703
2017-24,0.01501502,-0.01960784,-0.00224299,-0.0022779,-0.00156924,0.00065833,0.0,0.0,-0.00034614,-0.00039463,-0.00298994,-0.00733391,0.0,-0.00369101
2017-23,-0.02347188,-0.02688391,0.00037425,-0.00182108,-0.00078401,-0.00263071,-0.00086881,-0.00369213,0.00103806,0.0011839,0.0071311,0.00172414,-0.00097752,-0.00811306
2017-22,-0.0048852,-0.02926058,0.00187336,0.00319708,0.00512821,0.00529276,-0.0004363,0.0,0.0069541,0.00078864,-0.0010917,-0.001287,-0.01396245,0.00393494
2017-21,0.0109127,0.0,0.00037509,0.00274474,0.00157978,0.0,0.01281485,0.0,0.0034904,0.00078989,-0.00408163,-0.00806109,0.0,0.0002611
2017-20,0.01413428,0.0,0.00225649,-0.00228206,0.00197863,0.00199137,-0.00220459,0.0,-0.00382609,0.00197707,0.00135685,0.0137931,-0.01849218,-0.00803317
2017-19,0.00554715,0.0,-0.00037594,0.0016022,0.00517104,0.0,0.00665484,0.0,0.0027972,-0.00039557,-0.00135281,0.00609756,0.0,0.00467532
2017-18,-0.00601504,0.00079145,-0.00075131,0.00459559,0.00079491,-0.00462351,-0.00397878,0.00028612,0.0,0.00158479,-0.00377358,-0.01073422,-0.00426136,-0.0012987
2017-17,-0.0045,-0.04244032,-0.00112528,0.00575506,0.00640256,0.00033014,0.02309783,-0.00623936,0.00139958,0.00079271,0.0,-0.00812313,0.0,0.00130073
2017-16,-0.0103909,0.0,0.0,0.00393154,0.00040032,0.00099272,-0.00090498,0.00829519,0.0,0.0019857,-0.00241481,-0.01103565,0.00426136,-0.00541516
2017-15,0.01811777,0.0,-0.0011274,0.00069204,-0.00040016,0.0,0.0,0.00489772,-0.00350877,0.0,-0.001606,-0.00338696,0.0,0.00233463
2017-14,-0.0040404,-0.01182304,-0.00037665,0.00184374,-0.00358852,0.00466045,0.00357302,0.00608696,-0.00454864,0.00039825,-0.0016,0.00598035,0.0,0.00417319
2017-13,-0.01895262,0.01392111,0.00378215,0.00230468,0.00159936,0.00267469,0.00537875,0.00145138,0.002106,0.00039841,0.00455154,0.0112069,0.01050119,0.01184834
2017-12,0.02302968,-0.00653344,-0.00113208,-0.00252932,0.00039952,0.00268097,-0.00976476,0.0,-0.00140351,0.00560673,0.00133833,-0.00214777,0.01043643,-0.00209589
2017-11,0.0067253,-0.01949025,0.00302916,0.01418935,0.00603865,0.00167842,0.0,-0.00720461,0.00246305,0.00160385,-0.00398301,0.01700829,-0.01494629,0.00392465
2017-10,-0.0015528,0.0,-0.00490196,-0.0023175,-0.00080613,-0.0016756,0.0044287,0.0,-0.00105374,-0.00876843,0.00159659,-0.02133106,0.00234082,-0.01744932
2017-09,0.00419287,0.0,-0.00338346,-0.00370199,-0.00281124,0.00100503,0.00580357,0.0,-0.00140007,-0.00554895,-0.00395361,-0.00337981,-0.0156682,-0.00281907
2017-08,0.01742344,0.0,0.00188395,-0.002772,0.00040128,0.00471698,0.0,0.0,0.00175254,0.00598563,-0.00052784,-0.00630782,0.0,-0.00204761
2017-07,-0.0042061,0.00869565,0.0,0.00023143,0.00161095,0.00169147,-0.00399822,-0.00430416,0.00317237,0.0,-0.00421607,-0.00335149,-0.00953246,-0.00812595
2017-06,-0.00313316,-0.00862069,0.00227273,0.00325203,-0.00080972,-0.00337041,-0.00486295,0.00028703,0.00282985,-0.00079554,0.00263435,0.00633179,0.0041021,0.00638896
2017-05,-0.01140487,-0.00559076,0.00265856,0.00489625,0.00366151,0.00746016,-0.00748239,0.0,0.00283789,0.00199601,-0.00367165,0.00338983,0.0,-0.00025549
2017-04,-0.04002052,0.0,-0.00037893,0.00584112,0.001221,0.00714529,0.01338091,0.0,0.00212766,-0.00119379,0.00131475,0.00126582,0.0,0.00382653
2017-03,-0.00462487,0.0,-0.00151688,-0.00116795,-0.00285132,-0.00067774,0.00537875,0.0,-0.00177054,-0.00119284,0.00052466,-0.00084353,0.0,0.00153022
2017-02,-0.00674974,-0.01365818,-0.00113636,0.00116768,0.004095,0.00102145,0.00358744,0.0,0.00035373,-0.00238284,0.00497904,0.00725256,0.0,0.00688424
2017-01,-0.00875386,-0.00514139,0.00418092,0.0039822,0.00287592,-0.0020429,-0.02151954,-0.00085665,0.00319829,0.00278773,-0.003885,0.01372213,-0.0013655,-0.00328283
2016-52,0.01763485,0.0,0.00038066,-0.00257611,0.00578512,-0.00034118,0.00352578,0.0,-0.00141995,0.0,0.00155723,0.00387764,0.0,-0.0024919
2016-51,-0.00616967,0.0,-0.00114155,-0.00513899,0.0,-0.00068259,0.00928793,0.00574383,0.00284799,0.0015949,0.0018196,0.00390795,-0.00767841,0.00427673
2016-50,-0.0010352,0.0,-0.0007622,0.0,-0.04907735,0.0030896,0.00220459,0.0,-0.00035676,-0.00119952,-0.00542636,-0.01495088,0.0,0.00175571
2016-49,-0.01969933,0.0,0.003443,0.01061822,0.00494641,-0.00102494,-0.00829694,-0.00286369,0.00500357,0.00119904,0.00518538,0.00820026,-0.00090703,0.01003764
2016-48,-0.01177073,0.01044386,-0.00076628,-0.00047293,-0.00205677,-0.00102845,0.00131176,-0.0048627,-0.00143062,-0.0016,0.01184211,0.01098901,-0.00181077,0.00353179
2016-47,0.00258933,0.00374392,0.00076687,0.00331048,-0.00164271,0.00447196,0.00665188,0.00114548,0.00107296,-0.00199362,-0.00471081,0.00265135,0.01797235,-0.00906116
2016-46,-0.01371254,0.02730769,0.00076834,0.00213574,-0.00613246,0.01823921,-0.01139851,0.00518135,-0.00071505,-0.00715706,0.00712777,0.0031348,0.06045831,0.00202532
2016-45,-0.06122449,0.03011094,-0.00344564,-0.00023764,-0.01291364,-0.0059151,-0.04159664,-0.01138304,-0.00531915,0.00199045,0.01554126,-0.01716549,-0.01756051,-0.01744331
2016-44,0.0018797,0.00678101,-0.00458891,-0.00855107,0.002442,-0.00383142,0.00716091,0.0,-0.00881523,0.0,0.00349181,-0.01010989,-0.02453704,-0.0047205
2016-43,0.00522317,0.01993491,-0.0049505,-0.00567376,-0.00761523,-0.00829589,0.00207469,-0.0002845,-0.00596282,-0.00158793,0.00026781,-0.01174424,0.0,-0.00835586
2016-42,-0.01221805,0.0044953,0.00191058,0.00451306,0.00645422,0.00521376,-0.00698439,-0.00028441,0.00317237,-0.00079334,0.00430223,0.01010101,0.0,-0.00292969
2016-41,0.02560386,-0.00487409,0.00038095,-0.00636642,-0.00641283,-0.00760982,0.02225955,0.0,-0.00803634,-0.0011919,-0.0008058,-0.00827526,0.0,0.00664861
2016-40,-0.00909526,0.01995842,-0.00228224,-0.00070872,0.0,-0.0065337,-0.01776126,-0.00170358,-0.00522102,-0.00435127,-0.00026846,-0.0163652,0.0,-0.00640394
2016-39,-0.02331002,0.01525424,-0.00113766,0.00331518,0.00321673,0.00552105,0.01371571,0.0,0.0,0.00237248,0.00134264,0.00823938,0.0,0.00420272
2016-38,0.01382269,-0.0042123,0.00647866,0.00783104,0.00444265,0.00276912,0.01253133,0.0034188,0.00559245,0.00316832,-0.00722505,0.01672535,0.0,0.00646766
2016-37,-0.00094697,0.00808855,0.00190913,-0.00094877,-0.00241741,-0.00481596,0.00587495,-0.00453772,-0.00313698,-0.00158667,-0.00348245,-0.02081526,0.0,-0.00149738
2016-36,-0.00841515,0.00127605,-0.00227445,-0.00658979,-0.00640512,0.002772,-0.01437372,0.0,-0.00935227,-0.00826121,0.00914716,-0.01712329,0.0,-0.00420896
2016-35,0.00423131,0.00554135,0.00075959,0.00307619,0.00080645,0.00591304,0.02346041,0.0,0.00034734,-0.00078616,0.00026867,-0.00302115,0.0,0.00426279
2016-34,-0.00512582,-0.00808167,-0.00075786,-0.00118315,0.0004029,-0.0100346,-0.00329761,0.0,-0.00208406,-0.00039324,0.00026874,-0.00985855,-0.00598251,-0.00175747
2016-33,-0.00280374,0.00042445,0.0,-0.00070939,-0.00201045,0.00672805,-0.00779967,0.0,-0.00242971,-0.00197161,0.00404422,0.001716,0.01163873,-0.0045045
2016-32,0.00788863,0.00257732,-0.0015163,0.0033199,0.0072904,0.00424478,-0.00121803,-0.00284414,0.00558464,0.00237248,0.00080928,0.00389105,0.0013986,-0.00372578
2016-31,-0.0177434,-0.00342466,-0.00037994,0.00118793,0.00121655,-0.00808152,-0.01553166,-0.00169972,-0.00486618,-0.00511408,0.00734894,0.00305011,-0.00417827,0.00373227
2016-30,-0.01935194,0.0008489,0.00228137,0.00453461,0.00488998,-0.00210305,0.00278773,0.0,0.0055788,0.00434955,-0.00723279,0.00696864,0.00795508,0.00621272
2016-29,0.00587173,-0.00883467,0.00190476,0.00143096,-0.00161878,-0.00105189,-0.00039635,-0.01092743,0.00209351,-0.00353913,0.00214592,-0.00517688,0.0070688,-0.00197336
2016-28,-0.02353967,0.03734622,-0.00114112,0.00504081,-0.00081699,0.00919378,-0.03599848,0.00620068,-0.01077511,-0.00469667,0.00377054,0.00477016,0.0,-0.00489237
2016-27,-0.02032176,0.00131984,0.00420008,0.0065312,0.00369004,-0.00177368,0.01095166,0.00225989,0.00244413,0.00314589,0.00540833,0.00392842,0.0,-0.00073153
2016-26,-0.02,-0.00174216,0.0045977,0.01913171,0.01871102,0.00605413,-0.01853225,-0.00168729,0.01164843,0.00474496,0.00080472,0.04106498,0.00611765,0.00340136
2016-25,0.0378477,-0.02745424,-0.00191205,-0.01585776,0.0045082,-0.01290098,-0.01547389,-0.0042005,-0.00526316,-0.00039588,-0.00293412,-0.01800615,0.00093023,-0.00747528
2016-24,0.00682439,0.0,0.000383,0.0,0.00123762,-0.00417973,0.04317998,-0.00111888,-0.00280308,0.00237718,-0.0010698,0.00133156,0.00802644,0.00096548
2016-23,0.03110273,0.0,0.00191498,-0.00859804,-0.003276,0.0,-0.00840336,0.00195859,0.0,0.00119,0.00187266,-0.00088261,-0.00688705,0.00509709
2016-22,0.0093633,0.0,0.00345489,-0.00047939,0.00082474,0.00208478,-0.0133438,0.00083987,0.00457424,0.00437898,0.00348525,0.01257862,0.01397299,0.00708527
2016-21,-0.01605505,0.01391818,0.00306866,0.00896535,0.00582121,0.00278358,-0.02150538,0.00505192,0.00494875,0.0027933,0.00106952,0.01132759,0.00235294,0.00365675
2016-20,-0.02504472,-0.02548294,-0.00573614,0.00243013,-0.01555465,0.00666433,-0.00496752,-0.0092437,-0.0017618,-0.00397298,0.00188425,-0.01117069,0.00477783,-0.00146056
2016-19,0.00763702,0.0045417,-0.00267789,-0.00411423,0.0,0.0,0.01787102,0.00252738,0.0,-0.00039746,0.00080623,0.00497963,-0.02193187,0.01313507
2016-18,0.03228825,-0.03613511,0.0,-0.00816327,-0.00778689,-0.00735552,0.02704885,0.00421585,-0.00700035,-0.00039777,-0.00583864,-0.01153505,0.0,-0.01235465
2016-17,0.00093853,0.01434263,-0.00229358,-0.00167785,0.00491803,0.00035162,-0.00493016,0.0,0.00140449,0.00039888,0.00347037,0.01575867,0.0,0.01766871
2016-16,-0.02909931,0.02588997,0.0,0.00095785,0.00286065,0.01064207,-0.03655145,-0.00614525,0.00351124,0.0019976,0.01807391,0.00861287,0.0,-0.00975134
2016-15,-0.02476362,0.01634655,0.00499616,0.00823045,0.00614754,-0.00669014,-0.02292152,-0.00224782,0.00530786,0.00040048,0.00405625,0.00919118,0.0,0.0051559
2016-14,0.00675371,-0.04637568,-0.00191718,-0.0026615,-0.00286299,-0.01146231,0.00155521,-0.01166343,0.0,0.00441235,0.00325556,0.00510678,0.0,0.00643246
2016-13,-0.00540054,0.0,0.00656624,0.00024213,0.01075269,0.00313917,0.00077942,0.0,0.00855005,0.00402739,-0.00323276,0.0051139,0.0,0.00695825
2016-12,0.01751152,-0.00116777,-0.00577367,-0.00770899,-0.00370828,-0.00243309,0.01465927,0.0,-0.00320171,-0.00241546,-0.00374131,-0.01516544,0.0,0.00074257
2016-11,0.00184077,0.00038941,0.003861,-0.00024137,0.01079734,-0.00034977,-0.00591483,0.0,0.00643087,0.00566572,0.00833333,0.02247191,0.0,0.00099059
2016-10,0.0060241,0.00784929,0.0007734,0.00072551,0.00458907,-0.00313261,0.02550607,-0.00248139,0.00466451,0.00364668,0.00106866,0.00374883,0.0,-0.00785276
2016-09,-0.0368725,0.03074434,0.00466563,0.01625616,0.00715187,0.01370344,-0.04921112,0.00694059,0.00868621,0.00161943,0.00026932,0.03763441,0.02037846,-0.01138842
2016-08,0.0048976,0.00487805,0.00155642,0.0019685,-0.00252101,0.00421053,0.00224131,0.00558347,0.00471356,0.00324544,0.00216979,-0.00244141,0.0,0.00170192
2016-07,0.001321,0.00574477,0.00234192,0.00396924,0.00720339,0.0028169,-0.01528941,0.01129305,0.00769231,-0.00081202,-0.00458592,0.0115,0.0,0.00218712
2016-06,-0.00727428,-0.01575121,0.00195618,-0.00399102,0.0,0.00178063,0.01787017,0.01448452,0.0,0.0,-0.01803714,-0.0045045,-0.01763841,0.01101322
2016-05,0.01329198,0.02309954,-0.00310921,-0.01030928,-0.00506329,0.00678087,-0.04514991,0.0,-0.00616836,0.003256,0.01496599,0.00249004,0.00958313,0.01374313
2016-04,0.00311388,0.00210438,0.00586625,0.00716757,0.00805426,0.01011195,-0.0169844,0.0,0.00510949,0.00487805,0.01326333,0.0370561,0.0,-0.01262064
2016-03,-0.00446628,0.01365188,0.00156556,0.00645642,-0.00169062,0.0036324,-0.0262069,-0.00170116,0.00292291,0.00528241,-0.0071409,0.01183736,0.01458435,-0.00810413
2016-02,0.01,-0.01429773,0.00584795,-0.01006382,-0.00084424,-0.01112706,0.01945525,-0.01629671,-0.0054407,0.00325336,-0.00081655,-0.01464646,-0.07169288,0.00344319
2016-01,0.04692791,-0.00875365,-0.00887688,-0.01642909,-0.00668896,-0.00711997,0.0301928,0.00394477,-0.00718391,0.00040717,-0.00674946,-0.03050847,0.0,-0.00419029
2016-00,0.00048567,0.0,-0.00115652,-0.00215105,0.0012474,0.00719166,-0.04922547,0.00852515,-0.00356761,-0.00364668,0.00027122,-0.00191939,0.0042333,-0.00024777
2015-51,-0.01394901,0.01010526,0.00503486,0.00989144,0.00083195,0.00651466,-0.02676999,0.00284981,0.00358166,0.000814,0.00868857,0.02285992,0.0,-0.00074276
2015-50,0.00481464,-0.01288446,0.00271528,0.00362231,0.0079698,-0.00217234,-0.0263789,-0.00056948,-0.00071736,-0.00446973,0.00054555,0.00048662,-0.01665125,0.00271873
2015-49,0.02938247,-0.01927019,-0.00462428,-0.01097852,-0.01116164,0.0,0.00141794,0.00601547,-0.00425985,-0.00080906,-0.00027152,-0.0171347,-0.0278777,-0.00861432
2015-48,0.00752634,0.03435115,-0.00076982,-0.00379507,0.0,0.01060329,-0.02929756,0.0,-0.00106308,-0.00040437,0.00543036,-0.00652377,-0.00224316,-0.01006629
2015-47,-0.00648056,-0.0260223,0.00077071,0.00023697,0.00123762,0.00476365,-0.04256804,0.0,0.00283386,0.00447883,0.00244565,0.00140056,0.01318182,0.00049213
2015-46,-0.0015015,-0.02096774,0.00386548,0.00740033,0.0,-0.00146359,0.0,-0.00992626,0.00248756,-0.0036393,-0.00810154,0.00515464,-0.03014184,0.00345935
2015-45,0.01687117,-0.00839664,-0.00423729,-0.00854498,-0.00124224,0.00036643,0.01147776,-0.00676056,-0.00638524,0.0,-0.0002694,-0.01851852,-0.01613607,0.00223936
2015-44,-0.01809045,0.00240481,0.0,0.00213321,-0.00206101,0.00403078,-0.00818214,-0.00392707,-0.00352609,-0.00282714,0.0078442,-0.01491188,0.02183601,0.00175263
2015-43,-0.02097561,0.00604839,0.00115518,0.00118652,-0.00656007,0.00590188,-0.00218818,0.01220551,-0.00246132,-0.0016129,-0.01186304,-0.003615,-0.01061008,0.0005015
2015-42,-0.0313253,0.00404858,0.00192456,0.00643623,0.00205339,-0.00763636,-0.00550459,0.0,0.00070373,0.00040241,0.00080994,0.00496614,0.0,-0.00251193
2015-41,0.00632296,-0.01789264,0.00231303,0.00310411,0.00575895,0.00255195,-0.01521739,-0.00648618,0.00140696,0.00321673,0.00188832,0.00224417,0.0,0.0040404
2015-40,-0.00583658,0.00801603,0.00620636,0.0057623,0.00829876,-0.00072701,-0.08198452,0.00254453,0.00105671,0.00080321,0.01084599,0.02800735,0.0,-0.00677541
2015-39,-0.01269394,0.00040096,0.00351975,0.01077111,0.00711297,0.01285347,-0.03305498,-0.01145892,0.01035345,0.00848485,-0.00487541,0.02740385,-0.01500858,-0.00224663
2015-38,0.02088392,0.00735294,-0.00812693,-0.0093908,-0.00869205,-0.01462719,-0.08169935,-0.00250906,-0.00740219,-0.00601443,0.00027203,-0.01628664,-0.01016518,0.00302191
2015-37,0.01280788,-0.00079713,0.00623053,-0.0002412,0.00373134,0.00035702,0.05413005,0.00532511,0.00352609,0.00040177,-0.01270957,0.0037296,-0.00211327,0.00629564
2015-36,0.00545094,0.01455722,0.0035074,-0.00120395,0.00333056,-0.00106724,0.00320856,-0.00335196,0.00141044,-0.00120385,0.0,-0.00323774,-0.00504626,0.00050264
2015-35,0.00589681,0.00121457,-0.00544747,-0.01199904,-0.00374688,-0.00356125,0.02649254,0.0,-0.00598802,0.0,-0.00350404,-0.02820746,0.01493811,0.00957179
2015-34,-0.02495202,-0.01480592,0.0042885,0.0111138,0.00879397,0.00178763,-0.00255474,-0.00500278,0.00352361,0.01009285,0.00163621,0.03842505,-0.00593975,0.00812183
2015-33,0.03965863,-0.01155839,0.01564333,-0.02232667,-0.0115037,-0.00568586,0.02238806,0.00756091,-0.01039141,-0.00039936,0.00327422,-0.03579319,0.0,-0.00176678
2015-32,0.00656897,-0.01569243,-0.00191644,-0.00233973,-0.00367948,-0.00284394,0.00789771,0.0,-0.00311203,0.00039968,-0.00623306,-0.0100349,0.0,0.00534759
2015-31,0.00304105,0.0169697,-0.00115075,0.00070307,-0.00081867,-0.00569801,0.06831339,0.00394255,0.00034662,-0.00159872,0.00273373,-0.00044033,0.0,-0.00503145
2015-30,-0.0075,0.01330645,0.00153669,0.00942951,0.00122699,0.00752149,0.00387447,-0.00671329,0.00382343,0.0,0.0010917,0.01192053,-0.01114923,-0.00401003
2015-29,0.02459016,-0.01548233,-0.00344564,-0.01069519,-0.00203749,-0.00353357,0.0,-0.00724234,-0.00483927,-0.00200481,-0.00785057,-0.02142245,-0.03276649,-0.00717289
2015-28,-0.01770359,-0.00590551,0.00230415,0.0077211,0.00203666,-0.00562588,0.0248996,-0.00111297,0.00416956,0.0,-0.00958211,-0.007173,0.0,-0.00759804
2015-27,0.01436634,0.0,0.00076953,0.00565105,-0.0040568,-0.00488656,0.00728155,0.01755379,0.00034746,0.00120385,-0.00580935,-0.00042283,0.0,0.00639606
2015-26,0.02229299,-0.01266309,-0.00038447,-0.00281228,0.00080939,0.00387051,0.0,-0.01588186,0.00138552,-0.00160064,-0.00705145,0.0029301,0.0020475,-0.00868936
2015-25,-0.02231448,0.0,-0.00382555,-0.00162526,-0.00482121,-0.00314575,0.0,0.00055757,-0.00651578,-0.00518755,-0.00078206,-0.00453234,-0.00244598,-0.00333651
2015-24,0.00679206,-0.00267891,0.00499808,0.00093545,0.00282258,-0.00243648,0.0,0.00251537,0.00447813,0.0019992,-0.00390016,0.00664176,0.0,-0.00616991
2015-23,-0.00521105,0.00538669,0.00076894,0.00257913,-0.00080418,0.00174338,0.03862301,0.0,0.00068799,0.002,0.00967573,0.00290336,0.0,0.00475737
2015-22,0.0,0.0,-0.00421456,-0.00511152,-0.00478469,0.00139179,-0.00401606,0.00252171,-0.00750597,-0.00635677,0.00658068,-0.01104294,0.0,-0.00094362
2015-21,0.0,0.0,0.00153492,-0.00185658,-0.00159172,0.00139227,0.04421053,0.00111328,0.00034153,0.00279218,0.0,-0.00203087,0.0,0.00425935
2015-20,0.00472689,-0.01006581,-0.00076423,0.00231965,0.00518962,0.00174459,0.01149915,0.0,0.0003406,-0.00277118,0.00261643,-0.00714853,-0.00409333,0.00642551
2015-19,-0.03132895,0.00776398,0.00459946,0.00349406,0.00359569,-0.00383142,-0.00844595,0.0,0.00547383,0.00079239,-0.00156495,0.01401121,0.00123203,-0.0009508
2015-18,0.01748808,-0.0253884,0.00191939,0.00139632,-0.00079523,0.00069857,-0.0275154,-0.00222161,-0.0010218,0.00198965,-0.00468506,-0.00039809,-0.01814516,-0.00403035
2015-17,-0.02329193,0.04473476,-0.00306044,-0.00671296,-0.00792707,0.00455023,0.00165153,0.0011108,-0.00305603,-0.00434611,0.01477573,-0.00039872,0.0,-0.00775923
2015-16,0.01664932,-0.00980008,0.0038373,0.00418507,-0.00237812,-0.00383008,-0.03158737,-0.00473802,0.00340368,-0.00039494,-0.00863648,0.00764895,-0.00923695,-0.00445069
2015-15,0.00460829,0.01471758,0.0,-0.00347947,-0.00237248,0.0,-0.01636151,-0.00055479,-0.00068074,0.00158353,0.00262055,0.01799591,0.00932306,-0.00884956
2015-14,-0.02447552,-0.00789266,-0.00191791,0.00512701,0.00357711,0.00139421,0.0043036,-0.00055448,0.0,0.00118906,0.0002624,-0.00040717,0.0,0.01567696
2015-13,0.00250376,0.0,0.00038462,-0.00233372,0.00965795,0.00244841,0.01701622,0.0,-0.00102249,-0.00079083,0.00502114,0.00082169,0.0,-0.00588789
2015-12,-0.00991572,0.0140056,0.00115163,-0.00720093,-0.00837989,-0.00034916,0.0214228,-0.00083241,-0.00747029,-0.00749803,-0.00891219,-0.01425662,0.0524744,0.00881792
2015-11,0.0,-0.03101978,0.00308642,0.00443822,0.01296596,0.003159,0.10707885,0.0,0.01029513,0.01157685,0.00052798,0.02603948,0.08614565,-0.01675198
2015-10,0.0,-0.0200231,0.0026975,-0.00093699,-0.0012131,0.0060177,0.0,-0.00359712,-0.00309811,-0.00199442,0.00369588,-0.02066116,0.00818331,0.01008206
2015-09,0.00749251,-0.01105183,-0.00764818,-0.00210477,-0.01041249,-0.00669014,0.01663202,0.00361312,-0.01191692,-0.00712871,-0.00158353,-0.02771084,0.02173913,0.01545779
2015-08,0.01264542,0.00956023,0.00038432,0.00187398,0.00040016,0.00567175,-0.02156225,0.0,-0.0003413,0.00158667,0.00026302,0.00320513,0.00326797,0.00286875
2015-07,-0.00634456,-0.01846381,-0.00383289,0.00234907,0.00280899,0.00212465,0.01152263,0.00869078,0.00687049,0.00158983,-0.00909327,-0.00477327,0.00777414,-0.00023975
2015-06,0.0,-0.01933283,0.0,0.00805496,0.00361736,0.00320741,0.03184713,0.0,0.01143451,0.00479616,-0.00388098,0.01164659,-0.00324807,-0.00782918
2015-05,-0.03387405,0.01636151,0.00812065,0.0095511,-0.00159936,0.00537442,-0.02755906,-0.00279252,0.00242634,0.0,0.00915751,0.01056911,-0.00040933,-0.01309942
2015-04,0.00520833,-0.00078462,0.00077012,-0.00687693,-0.00119808,-0.00499821,-0.028,0.00901408,-0.0241213,0.00119808,-0.00520562,-0.01337657,0.01411374,0.0004686
2015-03,-0.00864553,0.00513225,-0.00077131,0.00837321,0.00240577,0.00611731,-0.00614502,0.0,0.00696379,0.00280224,0.00364964,0.00574713,-0.00787402,0.00899834
2015-02,-0.01280228,-0.03172783,0.0,0.00456621,-0.00478088,0.00108108,0.05791667,-0.00252384,0.00489168,0.0,-0.00512821,0.00658707,0.04413674,-0.01013912
2015-01,0.04303797,-0.02446256,0.003885,0.0105922,0.0044159,0.01054929,0.0041841,0.04536544,0.01055595,0.00483286,0.00025504,0.01283113,-0.00538302,-0.00188635
2015-00,-0.04035002,-0.00445931,-0.00692574,-0.00736692,0.00240481,0.0,-0.00826446,0.00196684,-0.00728155,-0.00795229,0.00459535,-0.00769542,0.00334169,-0.00824499
2014-51,0.0188212,-0.0077634,0.00346821,0.00717017,-0.00080032,0.0014477,0.01651842,0.0045007,0.0,-0.00079936,0.00539707,-0.00080775,0.09070295,-0.00283353
2014-50,0.01347978,0.00970511,0.00583885,0.01503395,0.00160514,0.01777294,-0.02745902,0.01623932,0.02017699,0.00442122,-0.00231303,0.03764115,-0.02916667,0.00283755
2014-49,0.0245491,-0.00818148,-0.00884615,-0.01144492,-0.00398724,-0.00326679,0.00369914,0.0,-0.01145436,-0.00478469,-0.00256542,-0.02502018,0.02736212,-0.00023635
2014-48,-0.02002002,0.00521804,0.00076894,0.00238322,-0.00435816,0.00616165,-0.01614238,0.00028377,0.0,-0.00119474,0.00669241,-0.00633914,0.01502791,0.00188902
2014-47,0.0152439,-0.0003701,-0.00038241,0.00094922,0.00078989,0.00325969,0.00951593,0.0,0.00206968,0.00239425,-0.00128568,-0.02546296,0.0,0.00592979
2014-46,-0.00301811,-0.00036982,0.00076687,0.00477441,0.00356718,0.00951336,0.00587002,-0.00113379,0.00801673,0.00241061,0.0012837,0.01244168,0.00203583,0.00166706
2014-45,0.00505561,-0.0003723,0.00191939,0.00095465,-0.00079051,0.00367782,0.00460637,-0.00730542,0.0,0.00080613,0.00258198,0.0,0.0,-0.00403992
2014-44,0.01331967,-0.00074349,0.00076834,0.00023895,0.00078958,-0.00220103,0.00547138,0.00084555,-0.00278843,-0.00120773,0.00207039,0.00272056,-0.00444265,0.00095557
2014-43,-0.01761449,0.00148313,0.00463142,0.01378476,0.00514444,0.00665927,0.0,0.00456491,0.01020767,0.00524405,0.00077539,0.01843137,0.00202184,0.00168067
2014-42,-0.0045,-0.01595359,0.00348567,0.00901779,-0.00275916,0.00482554,0.0,0.00716949,0.01354241,0.00648824,-0.00232438,0.00867508,-0.0004042,0.0007177
2014-41,-0.01956947,0.00400437,0.00116414,0.00367107,0.00079114,-0.00885609,0.00462185,-0.0378198,0.0053918,0.00081136,-0.01398424,0.00759089,0.02189178,0.00096131
2014-40,0.03022541,-0.00254083,-0.00232198,-0.00988428,-0.00434439,0.00219619,-0.01547862,0.00418877,-0.01684802,-0.00922213,0.00179257,-0.02489304,0.00331538,0.00262718
2014-39,0.00934094,-0.00757576,-0.00309358,-0.00264487,-0.00158228,0.0095518,0.02201911,0.00055882,-0.00558659,-0.00279888,-0.00281258,-0.02257941,-0.02662364,0.00979455
2014-38,0.00467775,-0.00214133,-0.00193199,-0.00406407,-0.00549451,0.00589536,0.00711297,-0.0005585,-0.00174034,-0.00279218,-0.01779895,-0.0075643,0.0,0.00478126
2014-37,-0.00572917,-0.00426439,0.0007722,0.00095374,-0.00156433,0.00146843,0.00377992,0.00083846,0.00382875,0.00560448,-0.00376128,-0.00261194,-0.0084,0.01018429
2014-36,0.00365917,0.00360101,-0.00727969,-0.00497866,-0.00737291,0.00146843,0.00084104,0.0,-0.00655398,-0.00119427,0.00125691,-0.01971522,0.0,0.00511073
2014-35,0.0026178,0.0,0.00076687,0.00047393,-0.0003867,-0.00365631,0.00673401,0.00646976,0.00068894,0.00198965,0.00328366,-0.0021692,0.0,0.00293758
2014-34,-0.00156822,-0.0025,0.00153551,0.00071208,0.0,0.00738552,0.007173,0.0,0.00275957,0.00398724,0.00075892,0.0036036,0.0019984,0.00172244
2014-33,-0.00617602,0.0035868,0.00153551,0.00238436,0.0007731,0.00036792,-0.0109152,0.0150312,0.00277585,0.0011976,0.00050594,-0.00252161,0.0,0.00247219
2014-32,-0.00410046,0.00429185,0.0019305,0.00071856,-0.00154619,0.00259548,-0.01048218,-0.00620068,0.00525026,0.00160514,-0.003282,0.00217077,-0.00635425,0.00123793
2014-31,-0.00254842,-0.01026912,-0.0007725,-0.00383234,0.0,-0.01567055,-0.0095515,0.0048145,-0.00245012,-0.00160256,0.00328366,-0.00469993,0.01085645,-0.00591862
2014-30,0.00357143,-0.01054852,-0.0076864,-0.00809331,-0.00656371,-0.00362845,-0.03918367,-0.00702445,-0.01178918,-0.00756671,0.00531511,-0.02449414,0.0,-0.00440529
2014-29,-0.00102302,-0.00733496,0.00077012,0.00119133,-0.00038595,-0.00325497,0.00040683,-0.00140292,0.00243224,-0.00159046,0.00177215,0.00285002,-0.00239808,0.0
2014-28,-0.00153531,0.00882457,0.00115385,-0.00023804,-0.0034642,0.0,-0.00442478,0.0,-0.00277008,-0.00119142,0.009684,-0.00035613,-0.01459566,0.00418204
2014-27,0.0146367,0.0121472,-0.00038506,-0.00379867,-0.00154083,0.00328108,-0.00679185,0.00056148,-0.00345662,-0.00356436,0.00050891,-0.00462469,-0.0043205,0.00740924
2014-26,0.0,0.00071505,-0.00115429,0.00476531,0.00076953,0.00363372,0.00441413,-0.00139782,0.00657439,0.00158165,0.00127389,0.00318923,0.00585937,0.0
2014-25,-0.00678143,-0.00177999,0.0,-0.00166746,0.00502124,0.01654412,0.00201045,-0.00027949,0.00069372,0.0,-0.00959354,0.0057041,-0.00039047,0.0025
2014-24,-0.00827729,-0.00424328,0.00464756,0.00454437,0.00270688,0.00442641,0.00202347,-0.01050885,0.00663176,0.00396825,-0.00050492,0.01488203,0.00274187,0.00025056
2014-23,-0.00569064,-0.0045582,-0.0011592,-0.00262217,-0.0023175,-0.00221321,-0.00479042,-0.00362723,-0.00243563,-0.00197941,-0.00302343,0.0,0.00196464,0.00707071
2014-22,-0.00463679,-0.00631801,0.00309717,0.00720807,0.00466563,-0.0018457,0.00403388,0.00195367,0.00629591,0.00198098,0.00151783,0.00768668,0.00159426,-0.00454316
2014-21,0.00517063,0.00885269,0.00116189,-0.00024021,-0.00038775,-0.00147984,0.00489396,0.0,0.00174948,0.0015873,0.00253614,-0.00291971,0.0,0.00151515
2014-20,-0.01269036,-0.00910364,0.0011655,0.00265316,0.0,0.01046338,-0.002035,0.0,0.0038746,0.00278773,-0.00901578,0.00146145,0.0,0.00126135
2014-19,0.01028807,0.00559441,-0.00349379,-0.00264996,0.00116959,-0.0018546,0.0,0.0,-0.00141093,0.0,-0.00274314,0.00146199,0.0,0.00177081
2014-18,0.01695786,0.02211127,-0.00077791,-0.00024201,-0.00156128,-0.01143911,0.00614251,0.0033604,-0.00317909,-0.00199283,0.00679416,-0.00073556,-0.00353635,0.00176411
2014-17,-0.00358056,-0.00772201,0.00312012,0.00412421,0.0054902,0.00448096,-0.01333333,-0.00138658,0.00927909,0.00561347,-0.00817034,0.00703964,-0.00235202,-0.00326223
2014-16,0.00826446,0.02195034,-0.00155885,-0.00603573,-0.00351425,0.0086727,0.00896861,-0.00276549,-0.00071327,0.00120192,0.00778503,0.00074212,0.0,0.00125471
2014-15,0.00462725,-0.01097345,0.0027408,0.00460829,0.00039032,-0.00186776,0.01523888,0.00305132,-0.00673759,0.00241449,-0.00968463,0.00673653,-0.00077821,0.00552625
2014-14,0.00777202,-0.00035411,-0.00156495,-0.00629083,0.00351837,-0.00562219,-0.00451005,0.0,-0.0046595,-0.00200884,0.01748163,-0.00075273,0.00309358,0.00607903
2014-13,-0.00470958,0.00330154,0.0,-0.00072604,-0.00078125,-0.00519288,-0.02529644,0.0,-0.00426136,-0.00120048,0.0116191,0.00490937,0.0,-0.0037831
2014-12,0.0094687,0.00036697,0.00196078,0.00341048,0.00157356,-0.00667161,-0.0155642,0.00139043,-0.00035638,0.00120192,0.00662083,0.01696222,-0.0103211,0.00456043
2014-11,-0.00475185,0.02164009,-0.00156678,0.00292683,-0.00313725,-0.00294442,0.00344828,0.0077951,-0.00284596,-0.0019976,0.01644479,-0.00420972,0.0,-0.00706001
2014-10,0.01715818,0.00189609,-0.00273865,-0.00557846,-0.00117925,0.00371058,-0.01863118,0.00842223,-0.00637394,-0.00319107,-0.0049402,-0.00609989,0.0034496,0.00657728
2014-09,0.00376749,0.01462101,0.0015674,0.00683761,0.00236035,0.00148588,0.00152323,0.00307263,0.00248139,0.00119713,0.01049043,0.00877193,0.00115119,0.00227388
2014-08,-0.00053792,0.0,-0.00039078,0.00292326,0.0035461,0.00443951,0.00459067,0.0,0.00461648,-0.00119332,0.00394218,-0.0045403,0.00887003,0.00203822
2014-07,0.00267094,-0.00268199,0.0,0.00073189,0.00118577,-0.00147984,0.0,0.0,-0.00035587,0.0,0.00105125,0.00113982,0.01091618,0.00127226
2014-06,-0.01204819,-0.0034078,0.00275265,0.01083477,0.00757576,0.00820896,0.00471698,-0.02310867,0.00900252,0.00402414,0.00793231,0.02192639,-0.00965251,-0.00329782
2014-05,0.0,0.00189538,0.00276571,0.00916976,0.00843373,0.0086858,0.00196928,0.0,0.00981105,0.00323363,-0.00497122,0.02975472,0.0,-0.00654747
2014-04,-0.02542813,-0.01076866,0.00039448,0.00147893,0.00320641,0.00491308,-0.00808314,0.0,0.0028954,0.00443906,-0.00206825,-0.00118671,0.00580495,-0.00125945
2014-03,0.00582011,-0.0029773,-0.00078709,-0.00998053,-0.0075337,-0.00339879,0.0,0.0,-0.01105169,-0.00440705,-0.00566718,-0.01963048,0.0,0.00428752
2014-02,-0.00633245,-0.01318198,0.00039401,0.00024361,0.0,0.00839374,0.00464037,0.01485842,0.00755396,0.00241061,-0.00992114,0.01208577,0.01492537,0.00279827
2014-01,-0.01152436,-0.00109409,0.0023706,0.00535671,0.00277668,0.00380662,0.01645768,0.0,0.0057554,0.00646987,-0.001524,0.00271423,0.0,-0.00353446
2014-00,0.00845219,0.00365631,0.00079051,-0.00603573,-0.00708661,0.00420811,-0.00661736,-0.01485966,-0.00215363,-0.0016129,0.00459418,-0.00539499,-0.00430192,-0.0114656
2013-51,-0.0062435,0.00554119,-0.00316957,0.00121242,-0.0015748,-0.00532117,0.01653543,-0.01426573,0.00071942,0.00404858,0.00255624,0.00816485,-0.00196078,-0.00249563
2013-50,0.00261233,-0.00878799,0.0031746,0.00438596,-0.00158165,-0.0056926,-0.00078431,0.0,0.00689906,0.00366151,-0.00912085,0.00826772,-0.00313112,0.00426707
2013-49,0.00103306,0.00587156,-0.00395413,-0.00606208,-0.0003951,-0.00493171,0.00236967,0.00588565,-0.00615051,-0.00568182,-0.00025445,-0.01557026,-0.00195313,0.0005015
2013-48,0.00312337,-0.0003667,0.00079208,0.00024272,0.00476569,-0.00678733,0.00274725,0.0,-0.00108421,-0.00162075,-0.00330033,0.00117371,0.00312744,0.00351936
2013-47,-0.00511247,-0.00036738,-0.00157916,0.00437424,0.0011853,0.00265655,0.012,-0.0005585,0.00288913,-0.00121065,0.00178072,0.0003876,0.00588235,0.00101036
2013-46,0.01928088,-0.00218739,-0.00197239,-0.0009704,-0.00118483,0.0,-0.00324675,0.0,0.00144561,-0.00040404,0.00230061,-0.00422914,-0.00507614,-0.00301963
2013-45,0.0,0.00257922,0.00276571,0.00731886,0.00794913,0.00341426,0.00162602,0.0,0.00691412,0.0036526,0.00334362,0.00617046,0.00549666,0.00454201
2013-44,-0.00051308,0.01996986,-0.00904088,-0.00679612,-0.01139937,-0.00570342,-0.01045857,0.01183766,-0.00181291,-0.00081004,0.00103279,-0.01181853,0.00235571,-0.00675507
2013-43,-0.00408789,0.00951294,-0.00313725,-0.00339065,-0.01166407,-0.00076132,0.00729335,0.0,-0.00253623,-0.00685484,0.00497773,-0.01511716,-0.00038986,-0.0044843
2013-42,-0.00358974,0.00230858,0.00393701,-0.00266537,0.00586625,0.00844206,-0.00360144,0.0,0.00254268,0.00283286,-0.00026199,0.00532117,-0.00812065,-0.0029985
2013-41,0.00102881,0.00307811,0.00833003,0.00316379,0.00825147,-0.00076249,0.01427406,0.00084459,0.00953079,0.00775827,-0.01010886,0.01621622,-0.00231481,-0.00099726
2013-40,0.01297353,0.01324503,0.0,0.00490316,0.00474684,0.00652341,0.00367347,0.00140805,0.00405306,0.00122449,0.0091647,0.00820312,0.01726845,0.00175175
2013-39,0.0,-0.00735579,0.00039698,0.00565945,0.00755768,0.00536604,0.0,-0.0141196,0.00183891,0.00203832,0.00552196,0.00078125,0.0,0.00224831
2013-38,-0.00713558,0.00388651,0.00079239,-0.00342131,-0.00632661,0.00461361,0.0075535,0.01346801,-0.00146681,0.001628,-0.00470711,-0.00232468,0.0,0.00199501
2013-37,0.00825168,-0.00848438,0.0055666,0.0019603,0.01199041,0.00232288,-0.00041667,-0.01081531,0.00295639,0.00491803,-0.01241915,0.00937866,-0.00272268,-0.00074571
2013-36,-0.00204499,-0.00038506,-0.00238379,0.00469368,0.00443548,0.00585252,0.00168209,0.01749436,0.00409531,0.00206441,0.0036392,0.00394166,0.0,-0.00221839
2013-35,-0.013,-0.00152788,0.00079586,0.00648541,0.00366748,0.00467654,0.00549683,-0.01242065,0.00112528,0.00041408,0.00155885,0.00681909,0.0,-0.00196367
2013-34,0.00300903,-0.01100569,-0.00198334,-0.00548355,-0.00526529,0.00352388,-0.00632911,0.00055233,-0.00598355,-0.00411692,-0.00619035,-0.01391097,0.0,0.00745527
2013-33,-0.01498501,-0.0034078,0.00598563,0.0,0.00243309,0.00117463,0.01109215,0.0,0.00187266,0.00247627,-0.00358882,0.01044596,0.00665623,0.00098692
2013-32,-0.00298805,0.0,-0.00671671,-0.0017331,-0.01117764,-0.0151633,-0.02047639,-0.0060274,-0.00740741,-0.00776461,0.01284027,-0.00906225,0.0,0.00221566
2013-31,-0.00347395,-0.0026435,-0.0007902,-0.00098936,0.0028,-0.00615148,0.0,0.00082781,0.00111193,0.00287121,0.0,0.00996016,-0.00855365,-0.00803506
2013-30,-0.01563263,0.00075586,-0.0011825,0.00571429,0.00119856,0.00038521,0.02046908,0.0,0.00596792,0.00163934,0.00180459,-0.01491951,-0.00038865,0.00612445
2013-29,0.00344149,0.00151688,-0.00431711,-0.00173267,-0.00079618,0.00348837,0.0,0.0,-0.00148588,-0.000819,0.00232618,-0.00814901,0.0,0.00469252
2013-28,-0.00585652,0.01301685,0.00157729,0.0,0.00239904,0.00584567,0.0,0.0,0.00373413,0.00494234,-0.00026001,0.00986193,0.00862407,-0.00269278
2013-27,-0.01348098,-0.01589103,0.00998004,0.00878514,0.01302401,0.00587774,0.0,0.0,0.01021566,0.00498339,-0.00104275,0.02681837,0.0,-0.0034188
2013-26,0.00479386,0.0011325,-0.00279107,-0.00225564,-0.01009693,-0.00078217,-0.02535328,0.01740107,-0.00302801,-0.00580672,-0.00104302,-0.00203666,0.0,0.01904055
2013-25,-0.01696513,0.0,0.00803859,0.01271294,0.01189988,-0.00234009,0.0,-0.00669456,0.01660232,0.01178451,0.00288562,0.02745424,0.0,0.00974026
2013-24,-0.00239006,0.00595903,-0.01728201,-0.01396509,-0.02455446,0.0,-0.01488095,-0.009942,-0.02321228,-0.01764465,0.00314383,-0.04281225,0.00118765,0.02466598
2013-23,0.00382958,0.00223131,-0.00039277,-0.00324351,0.00877543,0.00707547,-0.03289474,0.00607232,-0.00336574,-0.00041017,-0.00364109,-0.00626223,0.00198334,-0.00459184
2013-22,0.00625301,0.00448598,-0.0015674,-0.00495417,-0.00670611,0.00078709,0.0,-0.00137893,-0.00371885,-0.00163666,-0.00182482,-0.00812379,0.0,0.00102407
2013-21,-0.01893939,0.01866667,-0.00468019,-0.00738552,-0.0023622,0.00395101,0.02356902,-0.0032958,0.0007391,-0.00650142,0.01055688,-0.01681957,0.0,-0.00429618
2013-20,-0.00330345,-0.00613027,-0.00503876,-0.00759432,-0.00350467,0.01243482,0.0,0.00719225,-0.01384335,-0.00966962,0.00665247,-0.02019447,0.0,0.0
2013-19,-0.00749415,-0.00116279,-0.00271108,0.00442478,-0.0003885,0.0004,0.00042034,-0.00277469,-0.02258065,0.0008071,0.00834006,-0.0044927,0.00198728,0.00554855
2013-18,-0.02068015,0.01216163,-0.00309239,0.0019719,-0.00116054,-0.00595474,0.00168421,-0.00331858,0.00110497,-0.0012087,-0.0021442,-0.0007446,-0.0003973,-0.00300752
2013-17,-0.00729927,0.00078524,0.00271739,0.00346449,0.00232468,0.00918164,-0.04618474,-0.00055264,0.00036955,-0.00040274,-0.00348525,0.00713213,0.0,-0.00872165
2013-16,-0.02707501,0.00198965,0.00312134,0.00575288,0.00469116,0.00481348,0.02050861,0.0,0.00746826,0.00733198,-0.00107383,0.01578137,0.0,0.0
2013-15,0.0067446,-0.01643836,0.0027451,0.0010015,0.00431542,0.01166064,0.00287947,0.0,-0.00260805,-0.001221,-0.02408044,0.00193498,0.0,0.00149514
2013-14,-0.02088062,-0.00351014,-0.00348162,0.00626253,0.00195008,0.0,-0.01178862,0.0,0.00935629,0.0057073,0.01393728,0.00113037,-0.00866483,-0.00399102
2013-13,0.01694915,-0.00311042,0.0003882,-0.00474644,-0.00195236,-0.00716561,0.0,-0.00274048,0.00074991,0.00204583,-0.00107038,-0.0015083,0.0,0.00175088
2013-12,-0.00093023,0.00351288,0.00272374,0.00274588,0.00469667,0.00722311,0.0,-0.00574084,0.00562641,0.00245499,0.00106895,0.00641994,0.0,0.00859889
2013-11,0.0127539,0.00667976,0.00116822,-0.00024944,-0.0035074,0.00481541,0.0,0.00164294,-0.00037425,-0.000818,0.01250998,-0.00187829,0.0,-0.00704403
2013-10,-0.00330969,0.01152623,0.00234192,-0.00024869,-0.00232378,-0.00160256,-0.00816327,0.00054795,0.00149589,0.00204332,0.01157781,0.00149645,0.00863084,-0.00100832
2013-09,-0.0254159,0.01207729,-0.00078003,0.00525263,0.00311042,0.00402253,-0.00487409,0.00191466,0.00187899,0.00245801,0.01503143,0.00982987,0.0,0.00658061
2013-08,0.01310861,0.00199521,0.00117096,0.00326223,0.00233463,0.00080972,0.013642,0.00109529,0.00604458,0.00123102,0.00411975,0.00492611,-0.00511006,0.00050531
2013-07,0.03076923,-0.00512821,-0.00194932,-0.00596718,-0.00579374,-0.01039584,-0.00041322,-0.00463342,-0.00412294,-0.0004095,-0.0111081,-0.01804788,-0.00117786,-0.00747384
2013-06,-0.01093676,0.00118483,-0.0034965,0.0,-0.00269958,0.0137987,-0.00288422,0.0,0.00225479,-0.00040984,0.00764818,-0.00404412,0.0,0.00601202
2013-05,0.00525813,0.01445783,0.0003885,0.00024969,-0.00115652,0.00487607,-0.01344743,-0.00081588,0.00112782,0.0,0.00274876,0.0003667,0.00592417,0.00607287
2013-04,0.00335731,0.00280786,0.00038911,0.00124782,-0.00038476,0.00081301,0.0202563,-0.01129336,0.00263753,-0.00081934,0.01142379,0.00844657,0.0128,0.0086426
2013-03,-0.00379687,-0.00040128,-0.00155099,0.0,-0.00534555,0.0,0.00415455,-0.00934829,-0.00224972,0.00164136,-0.00965251,-0.00073046,-0.00596421,0.00898357
2013-02,-0.00795508,0.01141925,0.00350331,-0.00099925,-0.00152672,-0.00326664,-0.00409836,0.00080192,0.0011257,0.00040984,0.02110066,0.00073394,0.00239139,-0.00230297
2013-01,0.00377715,-0.00608519,0.00626223,0.00024994,-0.00343119,0.00611496,-0.00408163,0.00026357,0.0,0.00123102,-0.01721705,0.00332594,-0.00278219,0.00102067
2013-00,-0.02642369,0.01394586,-0.00155945,0.00883615,0.0,-0.0036526,0.0,-0.00315209,0.00453343,0.00619835,-0.00905746,0.00743771,0.00961538,0.00822411
