Month,AGF,AGQ,BCM,BDD,BNO,BOIL,BOM,BOS,CANE,CORN,CPER,DAG,DBA,DBB,DBC,DBE,DBO,DBP,DBS,DDP,DGAZ,DGL,DGLD,DGP,DGZ,DJCI,DJP,DSLV,DTO,DYY,DZZ,FUD,FUE,GCC,GLD,GLL,GLTR,GRU,GSC,GSG,GSP,IAU,KOLD,LD,NIB,OLEM,OLO,PALL,PPLT,RJA,RJI,RJN,RJZ,SCO,SGOL,SIVR,SLV,SOYB,SZO,TAGS,UAG,UBG,UCI,UCO,UGA,UGAZ,UGL,UGLD,UNG,UNL,USCI,USL,USLV,USO,USV,WEAT,ZSL
2019-05,0.0,-0.02455064,-0.03170645,0.0,-0.08268859,-0.07371795,0.0,0.0,-0.02394366,0.1124183,-0.05263158,0.0,0.04166667,-0.04635352,-0.03117207,-0.08138021,-0.0952381,0.00506044,-0.01435185,0.0,0.07597956,0.0094605,-0.02772031,0.016,0.00068823,-0.01742627,-0.01826281,0.02839021,0.22189536,0.0,-0.00672269,0.05407125,-0.03636364,-0.00505902,0.01071429,-0.01751805,-0.00111554,0.14864865,-0.03858785,-0.05121951,-0.06230134,0.00982801,0.06023102,-0.0416092,0.05924528,-0.10714286,0.0,0.01200094,-0.08045977,0.03558052,-0.02631579,-0.08571429,-0.04396985,0.24211938,0.01041074,-0.00982456,-0.01090909,0.04061252,0.0,0.05696203,0.06184211,0.00872002,-0.0250169,-0.21699292,-0.08685015,-0.11189084,0.01690687,0.0238806,-0.03094607,-0.02745098,-0.02940404,-0.09940778,-0.03993232,-0.11043873,-0.02073104,0.14570858,0.01958911
2019-04,0.00111235,-0.02378999,0.0,0.01986755,0.05142566,-0.13120229,0.0,0.0,-0.02306649,-0.02333117,-0.00655738,-0.04534606,-0.03311258,-0.02302243,0.00249221,0.03089322,0.02247191,-0.00608912,-0.0121022,0.0,0.18640795,-0.00404961,0.01153107,-0.01044841,0.00347464,-0.01188904,-0.01226456,0.03035302,-0.07475372,-0.03828829,0.01541096,-0.03380455,0.01510067,-0.01270017,-0.00271538,0.00806231,-0.00407779,-0.05519481,0.015,0.01297899,0.01745314,-0.00243506,0.13628077,-0.01628223,0.01656003,0.03315508,0.02363636,-0.03177778,0.04467953,-0.03610108,-0.00373134,0.02941176,-0.01728395,-0.07917706,-0.0025794,-0.00886767,-0.00918728,-0.05329154,-0.17140307,-0.03469388,-0.03229892,-0.00617856,-0.00666223,0.07345133,0.10322798,-0.18081918,-0.00974553,-0.01504321,-0.06097561,-0.04549763,-0.01948218,0.03093682,-0.03919167,0.03666147,-0.01322052,-0.07490637,0.02107669
2019-03,0.023918,-0.01010918,0.01118326,0.01825293,0.04513322,-0.12735043,-0.07630058,0.25360419,-0.02281879,-0.03362944,0.00328587,-0.0191017,0.00121581,0.02097064,0.00760456,0.01520387,0.03546798,0.00082827,-0.00401248,0.0,0.19762143,0.00100908,-0.00258732,-0.04299297,0.00209644,0.00400802,0.00577008,0.00266578,-0.12677419,0.0,0.00172414,-0.00977995,-0.07596899,0.00278396,0.00106662,-0.000413,-0.0165251,-0.02580645,0.03010471,0.02638353,0.0353501,0.00161812,0.13002008,-0.04852192,0.03429027,0.05169443,0.04502814,-0.1065024,-0.01134822,-0.00899281,0.00759013,0.03806228,0.0,-0.13302517,0.00144729,-0.00203943,-0.00140845,-0.03076923,0.00268536,-0.02366566,-0.02175264,-0.01992754,0.00607698,0.14338821,0.09381981,-0.19095477,-0.00107296,-0.00461748,-0.06379585,-0.04284412,-0.00666838,0.04795158,-0.01983003,0.07204117,-0.03771662,-0.0093633,0.00332396
2019-02,0.00228311,-0.04987351,0.01844485,0.05464481,0.0568054,0.00750883,-0.17619048,-0.22340967,0.01342282,-0.03633005,0.06293303,-0.01904891,-0.02894271,0.02329859,0.01915709,0.04795991,0.01771654,-0.00858599,-0.02242912,0.0,-0.07657569,-0.00591862,0.01544135,-0.01541426,0.00573477,0.00601202,0.00620567,0.06622773,-0.0611471,0.03189066,0.01449275,-0.0161194,-0.00152439,-0.0005534,-0.00409639,0.01095101,0.01166181,-0.07207207,0.01895108,0.02077922,0.02682256,-0.00316957,-0.03079109,0.10423233,0.02412545,0.03063584,0.01335878,0.14672934,0.05416454,-0.03310105,0.0095057,0.04626335,0.01606922,-0.05643111,-0.00417126,-0.02005175,-0.019437,-0.02048193,-0.0241995,-0.03375121,-0.02896801,-0.00271003,0.02890571,0.04379947,0.0983871,0.02203693,-0.01251916,-0.01914063,0.01227998,0.0322887,0.0116129,0.03635505,-0.0751823,0.02751505,-0.02242152,-0.1182266,0.04458961
2019-01,-0.0620985,0.06709629,0.06034816,0.12307692,0.11118252,-0.03426295,-0.07894737,-0.05026583,0.08405797,0.00434243,0.06695332,0.0372093,0.00059137,0.08482439,0.06813489,0.09489633,0.14947856,0.02971932,0.03337668,0.00174178,-0.24278689,0.02604298,-0.07501072,0.12840467,-0.02382621,0.0572843,0.05602637,-0.09254591,-0.3232551,0.06097561,-0.05,0.01269649,0.03470032,0.03483724,0.02818759,-0.0461369,0.03433001,0.00611621,0.14351379,0.07806955,0.09892638,0.02764228,-0.08789692,0.03038738,-0.10262874,0.14159892,0.14159292,0.06323419,0.03292618,0.02678571,0.06557377,0.108,0.06013072,-0.26517572,0.02810531,0.03381963,0.03365385,0.01221001,-0.12983188,0.02272727,0.02977667,0.03066914,0.07179867,0.31227306,0.0361913,-0.04723002,0.05057533,0.07743826,0.03225806,0.06852036,0.03393907,0.12479564,0.09155496,0.15228426,0.03542094,0.01170569,-0.06349635
2018-12,-0.05004907,0.15002181,-0.05152742,-0.04305556,-0.12349914,-0.50996394,-0.24873524,-0.00289157,-0.0596817,-0.01714636,-0.06855524,-0.02790279,-0.01454334,-0.04941322,-0.0615285,-0.10115607,-0.13659531,0.04661871,0.06933457,-0.043125,1.03824289,0.04025257,-0.11138567,0.07735322,-0.03578663,-0.07460733,-0.08098744,-0.20431941,0.27535683,-0.12958963,-0.07051282,-0.0154486,0.00481541,-0.02931416,0.04157718,-0.07481265,0.05056554,-0.01510574,-0.14107699,-0.0931436,-0.1128591,0.04240882,0.69353551,0.0,0.11956955,-0.12348668,-0.0931677,0.04448149,-0.01415094,-0.0328152,-0.06857143,-0.14878893,-0.00129534,0.24015248,0.04169123,0.0773639,0.07635285,-0.02353651,0.16305571,-0.01770335,-0.01282051,0.04436528,-0.06315059,-0.27991337,-0.09087302,-0.70789855,0.08183921,0.12101986,-0.29681275,-0.08096085,-0.03123387,-0.1200392,0.23995984,-0.14285714,0.03463687,-0.0294599,-0.13338005
2018-11,-0.07782805,-0.07873042,-0.06883298,-0.06199461,-0.18844099,0.77566766,0.39739027,-0.08096386,-0.01699346,-0.00246761,0.02170088,-0.02183406,-0.01835915,0.00627353,-0.09205776,-0.15689981,-0.20051414,-0.01629037,-0.03974418,0.06642968,-0.83089849,-0.01257862,0.03324366,-0.02762431,0.0136147,-0.01233766,-0.01247849,0.12503821,0.3873228,-0.20691756,0.02903226,-0.02291422,0.00483871,-0.02977802,-0.00934579,0.02199488,-0.01178815,0.0,-0.16343596,-0.10166468,-0.122057,-0.00930626,-0.63926499,0.0,-0.04891923,-0.20684449,-0.19767442,0.07573714,-0.07291667,-0.01206897,-0.04251386,-0.09872611,-0.01544402,0.49142857,-0.00932773,-0.03838102,-0.03687636,0.01488834,0.1652459,0.0,-0.0209205,-0.01253213,-0.05220884,-0.37731653,-0.17940979,1.00790609,-0.02237522,-0.03476649,0.41363636,0.1863354,-0.06705682,-0.19685691,-0.12570385,-0.20282318,-0.01268616,-0.02096774,0.0801956
2018-10,0.20897155,-0.0372093,-0.05215947,0.0863836,-0.11487051,0.06584235,0.11458333,0.06138107,0.11988304,-0.00677757,-0.04576659,0.07246377,0.02133966,-0.05266344,-0.07411504,-0.11111111,-0.12426901,0.01475361,-0.0147806,-0.00044415,-0.16301126,0.0225421,-0.0681974,0.04610808,-0.02480418,-0.03824451,-0.04099379,0.04065273,0.23120657,-0.05572805,-0.03759398,0.03058104,0.03666667,0.00274574,0.02291907,-0.04128004,0.01233088,-0.01515152,-0.09275862,-0.08162162,-0.09457965,0.02368421,-0.09112782,0.0,0.12897603,-0.09358752,-0.1299435,0.02395688,0.01945475,-0.0017452,-0.05087719,-0.10084034,-0.02298851,0.30823529,0.02299051,-0.01488306,-0.0154185,-0.02496879,-0.00016664,0.039801,0.02043344,0.03046358,-0.04300385,-0.25276461,-0.17881333,0.10928259,0.04079755,0.05959079,0.03850642,0.01875,-0.04336675,-0.11460193,-0.05615142,-0.1354232,-0.00493963,-0.02229299,0.03021005
2018-09,0.00994475,0.06269316,0.032,0.06276748,0.07366483,0.11697417,-0.14907333,0.16230678,-0.025,-0.02578269,0.07588739,-0.05454545,-0.00829876,0.04670505,0.03985932,0.06067817,0.07102502,0.00383594,0.03837044,0.0,-0.20803383,-0.00216509,0.0064147,-0.00442043,0.00197628,0.02683246,0.03169779,-0.10005294,-0.10282075,0.00704225,0.00759878,-0.00497512,0.0,0.00669643,-0.00150536,0.00383555,0.01909391,-0.02077151,0.04067797,0.04320276,0.05429594,-0.00174672,-0.12343251,-0.15503724,-0.12236599,0.03049908,0.07668232,0.09831128,0.04554054,-0.02237522,0.023766,0.06097561,0.00918635,-0.12677878,-0.00095511,0.03193033,0.03155522,0.00571066,-0.0378387,-0.0034705,0.0106383,0.0,0.03030303,0.13010685,0.05765291,0.2046464,-0.0060698,-0.00882724,0.07442666,0.01072961,0.02758287,0.07210402,0.0993266,0.06447188,-0.07324517,-0.03993856,-0.06245772
2018-08,0.00555556,-0.11799629,0.00346021,0.03527815,0.0673881,0.10279667,0.0795207,0.0,-0.00439883,-0.03225806,-0.03296703,-0.11788618,-0.02201622,-0.00434513,0.02264601,0.0550344,0.05423729,-0.02115495,-0.06912838,0.00066667,-0.16132813,-0.01615466,0.0439419,-0.03295669,0.00066445,-0.00967742,-0.00427899,0.18838623,-0.08320546,0.02084831,0.03492063,-0.04159132,-0.03069467,-0.00552486,-0.01415668,0.02944479,-0.02005393,-0.05865922,-0.00273651,0.02407516,0.03174603,-0.01372213,-0.10344828,0.0,0.11138411,0.01752724,0.05766063,0.06959413,-0.03873375,-0.03471074,0.00545455,0.05806452,-0.02360248,-0.08851675,-0.01413247,-0.05803869,-0.05732044,-0.05222089,0.16296849,-0.05482662,-0.04254044,-0.02580645,0.01008742,0.08143432,0.02759448,0.16738351,-0.03229561,-0.04946996,0.05692851,0.01635769,0.00603573,0.05239274,-0.18216561,0.04400284,0.0,-0.04714286,0.1246346
2018-07,-0.02702703,-0.04284222,-0.00338753,-0.10666667,-0.03878116,-0.04650337,0.02799552,0.0,-0.05486968,0.05933791,-0.03138528,0.04277778,-0.00744133,-0.03727432,-0.00351083,-0.01092896,0.00250209,-0.01453326,-0.01936842,-0.05838041,0.04632721,-0.01245783,0.0441263,-0.02795311,0.01794341,-0.00317259,-0.00586265,0.05761468,0.05621521,0.02380952,0.0281457,-0.03039158,-0.00322061,-0.00972973,-0.0125149,0.02877979,-0.01219512,0.09090909,-0.04247392,-0.02265006,-0.02227433,-0.01344538,0.03865337,0.0,-0.15080429,0.0066762,-0.00480769,-0.0110245,0.02562452,0.03577513,-0.00357143,-0.01834862,-0.02777778,0.06405229,-0.01076705,-0.02009073,-0.02012072,0.04720497,0.19950794,0.00282087,0.01018574,-0.01743265,-0.00652316,-0.08330845,0.00384274,-0.0599177,-0.02814939,-0.04520397,-0.01808007,-0.01925134,-0.02433936,-0.00605083,-0.06373117,-0.04545455,-0.11321606,0.13213703,0.04132696
2018-06,-0.16741674,-0.04075032,-0.03153446,-0.07668394,0.03984998,-0.0307947,0.27571429,-0.01058824,-0.04292929,-0.08361204,-0.04783715,-0.18181818,-0.05807814,-0.06226313,-0.01300905,0.03067485,0.05872193,-0.03025435,-0.02479675,-0.01117318,0.02540835,-0.03279503,0.10475765,-0.06644655,0.0323741,-0.03539292,-0.03754941,0.04286859,-0.22285381,-0.02105802,0.06654676,-0.06706652,-0.07848837,-0.04170905,-0.0313495,0.06860383,-0.0307135,-0.09018568,0.00074571,0.02284409,0.02713864,-0.03142627,0.02034346,0.0,0.00979399,0.04748062,0.05833333,-0.05011533,-0.05530329,-0.06885759,-0.01217391,0.05714286,-0.04238259,-0.20607029,-0.03200768,-0.01879699,-0.01878238,-0.13617021,-0.22121582,-0.08358466,-0.1070091,-0.04855247,-0.03221809,0.23049392,0.01083773,-0.04959648,-0.06591722,-0.09643202,-0.01373283,0.00314795,-0.02323503,0.07515924,-0.06871795,0.13660377,0.06998069,-0.06997085,0.02994012
2018-05,-0.15151515,0.02478519,0.017769,-0.05362463,0.06029412,0.08179515,-0.08015769,-0.10526316,0.04134367,-0.01904244,0.00981405,0.04513889,-0.01349248,0.01427003,0.0324826,0.0543826,0.02,-0.0010661,0.02266172,0.0,-0.14676806,-0.00443131,0.01516544,-0.01010101,0.00658376,0.01832621,0.01801441,-0.05494086,0.00075632,-0.00612326,0.01291513,0.00824629,-0.00289855,0.01077476,-0.00493089,0.01026753,0.0055301,-0.02590674,0.02446483,0.02195263,0.02338129,-0.00558659,-0.08707061,0.04122449,-0.16624473,0.02533532,0.01349073,0.04617267,0.01458309,0.00629921,0.0193662,0.01948052,0.01041667,-0.00883002,-7.949e-05,0.0152381,0.0144357,-0.01947368,-0.09590551,0.02319358,0.02075369,-0.01748148,0.03053435,-0.01215805,0.03693694,0.13391951,-0.01198801,-0.02228412,0.04643014,0.04043716,0.02483481,0.01612219,0.03919492,-0.00440852,-0.0071599,-0.01152738,-0.02887981
2018-04,0.10344828,-0.03831776,0.03663501,0.0827957,0.10844017,0.02666667,-0.05700124,0.06145251,-0.08033573,0.01280624,0.00463679,0.0,0.02917342,0.02173913,0.047763,0.07901907,0.08286778,-0.02172227,-0.02036741,-0.01708359,-0.0772344,-0.02127151,0.06716792,-0.0407619,0.02027027,0.03593947,0.03564028,0.04088307,-0.12962227,-0.01198653,0.04911591,0.00221852,-0.01714286,0.01355579,-0.02098067,0.04509202,-0.01678214,0.04383562,0.05356424,0.06349206,0.07889673,-0.02094647,-0.03408836,-0.05075552,0.0756538,0.10666667,0.09025271,0.03335954,-0.03393258,0.02605863,0.04220183,0.07612457,0.00582072,-0.16079924,-0.0166333,-0.01729463,-0.0172524,-0.00211193,-0.07055035,-0.03982869,-0.01489244,-0.01889535,0.03409836,0.17397998,0.07790143,0.05337027,-0.04413146,-0.0677392,0.02359347,0.00110011,0.03721149,0.08597285,-0.06436119,0.08320251,-0.00333016,0.09268293,0.0297546
2018-03,-0.09631728,-0.02171177,0.00820793,-0.09620991,0.08319185,0.00842491,0.24153846,0.14817191,-0.07461024,0.00672646,-0.03711133,-0.08268734,-0.03324675,-0.04273504,0.02070646,0.06373938,0.06492248,0.00368227,-0.01322115,0.0,-0.03379791,0.00779347,-0.02541775,0.00983091,0.00444774,-0.00928218,-0.01136825,0.01973944,-0.11445783,0.02768166,-0.01323251,-0.02594595,-0.04502046,-0.01786626,0.00857922,-0.01151122,-0.00356534,-0.08505155,0.02916667,0.02084611,0.0283871,0.00871632,-0.01653272,-0.04585635,0.14769007,0.077051,0.05390335,-0.03793836,-0.03609873,-0.03738318,0.00546448,0.06521739,-0.02736602,-0.125,0.00840931,-0.00870647,-0.00836551,-0.01346453,-0.04727374,0.0249366,-0.03306667,0.03241297,-0.00064893,0.12016293,0.06110381,0.00868357,0.01465201,0.0160285,0.00445434,0.00217391,0.00706215,0.06792453,-0.03692906,0.05991903,0.00238436,-0.11174785,0.01636364
2018-02,-0.01540041,-0.0996849,-0.02748344,-0.03107345,-0.07068063,-0.14896989,-0.02402402,-0.12514029,-0.02433628,0.02742124,-0.02729045,0.01612198,0.00904255,-0.03501545,-0.03870968,-0.0615894,-0.06010929,-0.02859331,-0.05253067,0.10494382,0.23789474,-0.02627841,0.07258883,-0.04975683,0.02887538,-0.01944107,-0.02546757,0.1515827,0.08216433,-0.05532467,0.0499002,0.01536773,-0.01426534,-0.0086558,-0.02397127,0.05184725,-0.02845589,0.05382436,-0.02308917,-0.04853801,-0.05304878,-0.02390131,0.1562337,-0.12419355,0.07909605,-0.00686378,-0.04609929,0.00403959,-0.02501824,0.02917342,-0.02669039,-0.05423729,-0.01659292,0.12673267,-0.0225391,-0.04878049,-0.04861538,0.04537999,-0.06444879,0.05342832,0.00331309,-0.02714536,-0.03113088,-0.12725984,-0.08419804,-0.22322046,-0.04701251,-0.07911909,-0.08583162,-0.03991597,-0.03147092,-0.06307896,-0.15371763,-0.06570997,-0.06233304,0.0570523,0.10425602
2018-01,-0.03180915,0.01090075,0.02488919,0.02608696,0.04088398,-0.00443787,-0.04310345,-0.1,-0.09201213,0.01780415,-0.02246654,0.04155853,-0.00745871,0.00469729,0.02427184,0.04399441,0.07577268,0.0189857,0.00192976,-0.00022467,-0.12559618,0.0203933,-0.05786104,0.03913894,-0.01934524,0.01861042,0.01790073,-0.02865961,-0.13287656,-0.11670312,-0.0418251,0.01222222,0.00718391,0.0056701,0.01997603,-0.03969194,0.01152913,0.05059524,0.04008264,0.03176542,0.03782051,0.01973165,-0.04362681,0.06273569,0.02634934,0.06945229,0.05192308,-0.06156056,0.05885619,0.01485149,0.02762431,0.04982206,0.01459035,-0.13793103,0.01637803,0.00955224,0.00863664,0.02896936,0.00013048,-0.00044504,0.01741573,0.01964286,0.01433225,0.15169492,0.07070064,0.00365562,0.04039433,0.0538662,0.04326123,0.0266809,0.0116523,0.05655894,0.00661157,0.07539354,0.03264368,0.03947368,-0.01737135
2017-12,-0.00198413,0.05616225,0.02559607,0.12021277,0.05355064,-0.11444142,-0.04871795,0.11549296,0.0,-0.01814988,0.06632911,-0.02389078,-0.01590668,0.05173363,0.01926663,0.02144389,0.03202479,0.02095085,0.03636364,-0.06334175,0.01663586,0.01671657,-0.05173913,0.03478261,-0.01305294,0.016487,0.01920668,-0.09820405,-0.0658878,0.64502165,-0.03942652,-0.02333152,-0.02097902,0.00365535,0.01694218,-0.03450685,0.02120641,-0.02339181,0.03630078,0.02583491,0.03530979,0.01707317,0.05340064,-0.030736,-0.07943548,0.03992954,0.04294479,0.0421798,-0.0131623,-0.01315789,0.01694915,0.03333333,0.05058824,-0.0661597,0.01717742,0.02928349,0.02962009,-0.03870968,0.02789325,0.00637523,-0.01874311,0.01976529,0.03219316,0.06015378,0.01757188,-0.1704675,0.03302007,0.04896422,-0.0442623,-0.0545829,0.02928364,0.03718394,0.09116541,0.02913453,0.03818616,-0.02755267,-0.0607239
2017-11,-0.0096432,-0.0845956,-0.00070822,-0.07715736,0.03813038,-0.00275482,-0.10677382,-0.02899344,0.01761658,-0.01735107,-0.02091633,-0.00675676,-0.01820073,-0.03976357,0.00885515,0.02674591,0.05071665,-0.01040277,-0.03872967,-0.0496,-0.11676264,-0.0007515,0.00021436,-0.00333195,-0.00430108,-0.0050923,-0.01044277,0.12296487,-0.10545588,0.09509813,0.00357143,0.00217628,-0.02054795,-0.00104439,-8.257e-05,0.00180581,-0.01091022,-0.00877193,0.0513403,0.0129199,0.01512027,0.0,-0.0430646,0.15505661,-0.0321955,0.05318491,0.06971678,0.00480418,0.00965316,-0.00329489,0.00383142,0.03891051,-0.00702576,-0.10564304,0.0029945,-0.04124328,-0.04140915,-0.00431267,-0.18207744,-0.0171278,0.00726663,-0.00061728,0.0,0.10211449,-0.00478011,0.01176471,-0.00280827,-0.00852273,0.01340034,0.01359833,-0.00364609,0.04741834,-0.13938412,0.05229358,-0.0680605,-0.01456311,0.08541734
2017-10,-0.00288462,0.01308582,0.03868828,0.06486486,0.09072715,-0.11835749,-0.03222222,0.0,0.02308499,-0.01488266,0.05124142,-0.01342282,0.02779262,0.03227602,0.04844061,0.08012821,0.06690141,-0.00026874,0.01150337,0.01010101,0.18047112,-0.0015064,0.00084854,-0.01845018,-0.00214439,0.02688525,0.0373913,-0.02837423,-0.1277572,-0.12093977,0.0035524,0.00989011,0.0,0.02469136,-0.00082802,-0.0006888,0.00875099,-0.03351955,0.01803885,0.0509165,0.06277372,0.0,0.11482313,0.17736105,0.02670983,0.06741573,0.06235566,0.07666705,0.00561798,0.0066335,0.03174603,0.06584362,0.01304864,-0.13409415,0.00690215,0.00865266,0.00765795,0.01653804,0.0,-0.00567686,-0.0159516,-0.02409639,0.0422833,0.13793103,0.12540658,-0.19146919,-0.00562948,-0.00759013,-0.06269592,-0.02332657,0.02913109,0.0613155,0.01594331,0.0705191,0.03071985,-0.05198777,-0.01939394
2017-09,-0.02255639,-0.12092283,0.0,-0.0782241,0.07977208,-0.07563025,0.0,-0.02298236,-0.02569373,0.00455581,-0.05012531,-0.01310458,0.02065217,-0.02727769,0.01808439,0.04383788,0.04975728,-0.03975378,-0.06142964,-0.09589041,0.06349206,-0.03371057,0.11092397,-0.03347441,0.04197901,-0.00389105,-0.00767918,0.19498607,-0.15009608,0.01472,0.06743738,0.01344538,0.0390516,-0.00846561,-0.03553863,0.07239209,-0.04654315,0.03170029,0.03724928,0.02900552,0.04266467,-0.0345098,0.05026538,-0.10004067,0.05967604,0.07123098,0.06763285,-0.04383532,-0.09304502,-0.00164474,0.0139165,0.05555556,-0.02640643,-0.14282084,-0.04061896,-0.05848292,-0.05917513,0.01830283,0.0,-0.00607639,-0.04265403,-0.0127862,0.00140449,0.14967742,-0.07003634,-0.12063733,-0.07129456,-0.10927152,-0.03240059,-0.01188119,-0.02174444,0.04948216,-0.18110236,0.07859359,-0.0285078,0.01075269,0.12260274
2017-08,0.05242334,0.09961686,0.01680986,0.22957198,0.02405248,0.11124402,-0.20353982,0.14364303,-0.03478261,-0.04378378,0.06623586,-0.08955224,-0.05144033,0.10657734,0.01566757,0.01088777,-0.00966184,0.04183427,0.050968,-0.00454545,-0.18665745,0.04381768,-0.11973906,0.07695507,-0.03669065,0.01518152,0.01568627,-0.16360856,0.08593331,-0.15254237,-0.08112875,-0.0703125,-0.00554785,-0.01000527,0.04285122,-0.08287671,0.04764173,-0.08730159,-0.00095648,0.00346981,0.00299401,0.04176904,-0.11326338,0.0,-0.04500413,-0.0349076,0.04589372,0.04856073,0.05755156,-0.03189793,0.01008065,0.00865801,0.07221542,0.05511182,0.04754165,0.05460123,0.05446485,-0.01800327,0.00740331,-0.05146151,-0.01708075,0.0659271,0.02298851,-0.07456404,0.12803532,0.17034991,0.08428826,0.12781955,0.0600316,0.04275287,0.03918054,-0.01251422,0.16229924,-0.04558969,0.07673861,-0.0952381,-0.1124812
2017-07,-0.07839562,0.07762128,0.03244275,0.06206897,0.0624524,-0.11522199,-0.04156064,-0.20966184,0.07327141,-0.02327988,0.07932831,-0.04456825,-0.01053688,0.02038295,0.03053435,0.04861111,0.04993758,0.04102707,0.03825804,0.0,0.09946646,0.03832117,-0.1132287,0.07889991,-0.03319502,0.01789264,0.02016659,-0.13283633,-0.14273973,0.04609929,-0.07213115,0.00360825,-0.02435724,0.01914894,0.04014127,-0.07801239,0.03938046,-0.07021792,0.01637765,0.03323904,0.04387991,0.04177323,0.08228772,0.03297627,0.06112054,0.04512373,0.08415842,0.04421727,0.0371096,-0.02300613,0.02653061,0.05829596,0.03400504,-0.14373814,0.04072666,0.04119138,0.03921569,0.0210356,-0.05954484,0.00766129,0.08277778,-0.00723726,0.03296703,0.13863338,0.11937858,-0.17086194,0.08051663,0.12223393,-0.05105105,-0.03892216,0.02182952,0.05067767,0.12256267,0.06860707,-0.00714286,-0.11286408,-0.09548851
2017-06,0.03198495,-0.08322038,-0.00383142,0.01825843,-0.03201787,-0.03084577,-0.10614102,0.0,-0.04083665,0.00793651,0.03620178,0.07051282,-0.00556962,0.03997421,-0.0027972,-0.02058319,-0.02337023,-0.02686885,-0.03698056,0.07843137,0.00562927,-0.02255074,0.06686229,-0.0425,0.02155172,0.00402145,0.00398583,0.12328767,0.08847379,0.15087948,0.03866432,0.00372737,0.0,-0.00586354,-0.02236581,0.04103053,-0.02324478,0.06182796,-0.03661436,-0.01198027,-0.01453711,-0.02211302,0.00725295,0.0,-0.06752412,-0.06530612,-0.031477,0.01958554,-0.0094181,0.03398058,0.00410678,-0.04366812,0.01392405,0.07061447,-0.02176915,-0.03964497,-0.04090354,0.02966343,0.09501593,0.04862579,-0.0228013,-0.01548947,0.00892193,-0.09390244,-0.04901961,-0.06621622,-0.0465587,-0.06877323,-0.01310044,-0.01771654,0.00312744,-0.02998847,-0.12877116,-0.04137235,-0.04942119,0.15486726,0.07948068
2017-05,0.1145281,0.04590536,-0.0154542,-0.00140252,-0.01955105,-0.14190317,-0.12649007,0.035,-0.07883082,-0.01249349,-0.02953098,-0.0652819,-0.00151515,-0.01950913,-0.01639344,-0.01345669,-0.02275449,0.01319332,0.02365258,0.0,0.17761557,0.00630835,-0.02730793,0.0143339,-0.01139601,-0.0176586,-0.02157032,-0.07924962,0.03138577,-0.23333333,-0.0173913,-0.0344473,-0.00538358,-0.00738786,0.0079385,-0.01953439,0.01215611,-0.03403141,-0.01360225,-0.01383126,-0.01793722,0.00909843,0.1199173,0.0,0.13615665,-0.01803607,-0.03661327,0.00243091,0.01975087,-0.02369668,-0.02204409,-0.02542373,-0.00873908,0.0103457,0.00844124,0.02483343,0.02501563,-0.0431694,0.00365464,-0.01663202,-0.05151984,0.00466853,-0.02099928,-0.04393064,0.0455478,-0.22526636,0.01465296,0.01701323,-0.07362784,-0.03849765,-0.01386749,-0.02417088,0.06651017,-0.01871921,0.02416781,-0.04494382,-0.05368926
2017-04,-0.1042735,-0.11113801,-0.00970511,-0.03908356,-0.03337969,0.03966245,0.17236025,0.00502513,-0.03856041,-0.02399583,-0.00588235,-0.0148368,0.00308166,-0.0138539,-0.02339572,-0.02680747,-0.02549247,-0.00238854,-0.05667145,-0.02392344,-0.09881603,0.01163968,-0.03962188,0.02287166,-0.010699,-0.00974026,-0.01071582,0.18273381,0.05630958,-0.33060109,-0.01736111,-0.00941915,-0.01589404,-0.0125523,0.01189778,-0.02692665,-0.00893557,-0.03157895,-0.03144941,-0.01635992,-0.02196193,0.01159901,-0.06690957,-0.01835052,-0.14467103,-0.03357005,-0.00681818,0.02925117,-0.00960804,-0.00955414,-0.01778656,-0.02868852,-0.01593137,0.05164067,0.01199967,-0.05449438,-0.05452436,0.00221852,0.01307416,-0.02670983,-0.03684749,0.0184375,-0.0172043,-0.06149733,-0.09388807,0.03793627,0.02138073,0.03033175,0.01747312,0.02651515,-0.00128568,-0.03091106,-0.16849817,-0.02938389,-0.04161359,-0.01875902,0.11180339
2017-03,-0.025,-0.02736494,-0.03711635,-0.02816901,-0.05221932,0.19941349,0.17090909,-0.0245098,-0.11351755,-0.04323781,-0.02478873,-0.13420253,-0.03358025,-0.01587302,-0.03720334,-0.03054033,-0.05257393,-0.00608949,-0.01524823,0.045,-0.31377049,-0.00278763,0.00498306,-0.00382653,0.00071174,-0.03123048,-0.03724928,0.01456311,0.0987632,0.0,0.00693241,-0.06060606,0.12244898,-0.03074597,-0.0028557,-0.00105249,-0.00562852,-0.03826531,-0.05149286,-0.04263566,-0.04561161,-0.00249169,-0.19019934,-0.03,0.10638298,-0.0709988,-0.02188184,0.02728495,-0.06471193,-0.04984894,-0.03969754,-0.03921569,-0.00361011,0.1235023,-0.0026357,-0.01111729,-0.0108945,-0.08531045,0.09794207,-0.06223909,-0.07743154,0.0,-0.04338983,-0.13269494,0.01037037,0.34565499,-0.00722954,-0.01611374,0.11816839,0.06740443,-0.02683897,-0.05846467,-0.04553415,-0.06666667,-0.0138191,-0.06594886,0.00907821
2017-02,0.00586756,0.087878,0.00359583,-0.00134228,-0.00645995,-0.26167532,-0.05172414,-0.17073171,-0.05865522,-0.00665302,-0.0050905,0.02349869,-0.01913641,0.01186758,-0.01272265,-0.0221374,-0.01822079,0.03648834,0.04422148,-0.03846154,0.47764706,0.03398693,-0.09953119,0.06693804,-0.02890571,-0.00995644,-0.00979592,-0.12557749,0.00847612,0.14202899,-0.06957929,-0.01350048,-0.11976048,-0.01551552,0.03498264,-0.06767565,0.03513032,0.01030928,0.00306212,-0.01088348,-0.01164384,0.03436426,0.2759094,-0.00019996,-0.11106913,-0.00596303,-0.03556485,0.00915301,0.0241843,-0.01809955,-0.00756144,-0.02290076,0.02230483,-0.0015456,0.0350698,0.04550758,0.04575557,-0.00508906,-0.00593509,-0.01125704,0.00953289,0.04986877,-0.00748299,-0.00674157,-0.04183813,-0.40944882,0.06311745,0.10197711,-0.15316456,-0.09695291,-0.00644202,-0.00956215,0.13377926,-0.00261324,0.0613079,-0.00411523,-0.08990536
2017-01,0.01965812,0.15448604,0.02114243,0.17088608,-0.00974659,-0.12786885,-0.16546763,-0.08277405,0.02444444,0.0110935,0.09482759,0.07954545,0.02177215,0.10370879,0.00647249,-0.02857143,-0.01181525,0.05001437,0.07453169,-0.04235727,0.08478803,0.04441417,-0.12700174,0.09028459,-0.04671053,0.01721939,0.01891551,-0.20671141,0.03014152,-0.13784461,-0.09587021,0.0240481,0.09150327,0.02691511,0.04598534,-0.09118439,0.05723561,0.02910053,-0.0078125,0.00064851,0.0041841,0.04569892,0.0713246,0.12889391,-0.04298725,-0.02071006,-0.03164557,0.05736865,0.0611179,0.02839117,0.01553398,-0.02272727,0.07436919,0.00665457,0.04564426,0.07779172,0.07707254,0.02430005,0.01291891,0.03777259,0.04904905,0.04994833,0.03262411,-0.03001792,-0.06529546,-0.20776328,0.08890871,0.13599062,-0.05755396,-0.00917431,0.01131506,-0.02092676,0.2352459,-0.01048951,0.04857143,0.0335277,-0.14536612
2016-12,0.09243697,-0.07866782,-0.00073341,-0.069869,0.04463691,0.11007026,0.1031746,0.01590909,0.02201258,0.01409214,-0.05491329,-0.02493696,0.01281394,-0.04734112,0.02289078,0.04622496,0.04039301,-0.02302445,-0.03735745,0.16774194,-0.28705882,-0.01752022,0.04650032,-0.03547459,0.01521164,0.00442758,0.00874271,0.06297647,-0.06075519,-0.02020202,0.03782148,-0.00252143,0.00393701,-0.00565844,-0.01730321,0.03062038,-0.02885102,0.02710027,0.03877005,0.02889035,0.03094233,-0.01685892,-0.16606368,0.0567297,-0.11571335,0.04139172,0.01059322,-0.09606321,-0.01661545,0.00637959,0.00972763,0.03816794,-0.04834606,-0.08234271,-0.01775356,-0.03467492,-0.03512133,-0.03144016,-0.04296732,0.00234192,-0.01284585,-0.04254617,0.00923952,0.07155963,0.06784862,0.1360059,-0.03712297,-0.05855856,0.05417607,0.06369427,-0.04214559,0.0499228,-0.12681436,0.03442189,-0.02052239,0.02228826,0.05728314
2016-11,-0.00833333,-0.20466499,0.01713633,0.16047297,0.04184704,0.17857143,-0.0881459,-0.06819144,-0.0758226,-0.02446642,0.15764222,-0.05504,-0.0193837,0.08180536,0.01145553,0.03040263,0.04728132,-0.093107,-0.10070671,0.0,-0.27890173,-0.09299487,0.30918389,-0.18171161,0.0948213,0.01367188,0.01589347,0.32413491,-0.06713341,0.17843078,0.19168174,-0.03031785,-0.02059202,-0.01074719,-0.08946468,0.19754098,-0.07522193,-0.02597403,0.03568075,0.02261823,0.02672606,-0.08878128,-0.19075145,0.0,-0.11773298,0.0468445,0.06074766,0.2129584,-0.08286134,-0.00628931,0.02020202,0.0373444,0.00774194,-0.12325526,-0.08883208,-0.1018931,-0.10051694,0.03622047,-0.03860186,-0.03211182,-0.00148002,-0.07107843,0.03182828,0.04948454,-0.00672328,0.22698745,-0.17525036,-0.25604671,0.09055627,0.063,-0.00998099,0.04019824,-0.30197755,0.03405866,-0.07526882,-0.06548431,0.20852459
2016-10,0.01608806,-0.10358222,-0.00942685,0.05338078,-0.05966102,-0.01584022,0.028125,0.0975095,-0.02965517,0.01355579,0.00416956,3540.26344086,0.02577059,0.0194105,-0.01204013,-0.02512156,-0.04960541,-0.03195773,-0.05349794,-0.09433962,-0.00489396,-0.02844168,0.07730337,-0.05661792,0.02590674,-0.00771704,-0.00847458,0.14213431,0.06717406,-0.00593472,0.05037313,0.03439555,-0.06045949,0.00667351,-0.02697095,0.05230333,-0.03957544,0.05149051,0.02744186,-0.02412869,-0.02886003,-0.02685624,-0.02245633,0.05146199,-0.01500142,-0.04171856,-0.05263158,-0.13012295,-0.0265963,0.02728732,-0.00996016,-0.04743083,-0.00645995,0.08519837,-0.02737797,-0.04942966,-0.05036374,0.02860169,0.01505197,-0.0130988,0.0,-0.03716814,-0.00660793,-0.10009355,-0.03012912,-0.09270433,-0.05639269,-0.08573655,-0.03117506,0.00884086,0.0140029,-0.04287983,-0.16063676,-0.05135135,-0.06060606,0.03526093,0.0901084
2016-09,0.01722653,0.02296407,0.04574132,-0.04906937,0.07967238,-0.00613497,-0.08414425,-0.01291667,0.10365854,0.03090508,0.05839416,0.05797101,-0.01248751,0.03055142,0.05480427,0.07985803,0.07911001,0.00754717,0.01641587,-0.03636364,-0.07458143,0.00311079,-0.01387025,-0.0106814,-0.01325479,0.035499,0.04033688,-0.07799193,-0.16022062,-0.08504399,-0.00932836,0.03430353,-0.00600962,0.00933126,0.00279352,-0.0080554,0.0096955,-0.01876676,0.00186393,0.05480427,0.06692607,0.00316206,-0.02033071,0.06635071,-0.03933804,0.09276944,0.05896226,0.08150226,-0.01808786,0.01639344,0.04384134,0.08189655,0.0343461,-0.19148511,0.0029734,0.01460249,0.01449275,0.01538462,-0.10946809,0.01790476,0.01943199,0.00495194,0.05042669,0.16367713,0.20366332,0.00491535,0.00182108,0.00465116,0.01456311,-0.01169591,0.00460383,0.078125,0.03144064,0.08648111,0.04219067,0.00841515,-0.05015045
2016-08,0.00519481,-0.17472587,0.00510806,0.03684211,0.10674157,-0.01464968,0.02764706,-0.07048799,0.06145251,-0.04733728,-0.06035665,-0.17216981,-0.01476378,-0.00965825,0.02599278,0.0772093,0.07373868,-0.05085152,-0.09244751,-0.00775753,-0.11560694,-0.04147465,0.10791016,-0.07989075,0.04033486,-0.00066622,-0.00131752,0.30643341,-0.15506767,0.31574001,0.07784431,-0.00510204,-0.00239808,-0.01676829,-0.03436001,0.06850547,-0.05715927,-0.07323232,0.07893414,0.04169715,0.04807692,-0.03448276,-0.032796,0.0,0.00540541,0.12553802,0.01674641,-0.06039489,-0.0945788,-0.04126984,0.01260504,0.08715596,-0.04924242,-0.19613494,-0.0335382,-0.08741259,-0.08800823,-0.01571816,-0.11462058,-0.00190114,0.0035,-0.01576835,0.01942502,0.18523154,0.06663705,0.02615903,-0.06891402,-0.10831586,0.0205314,-0.00965251,-0.01215443,0.07725061,-0.26058866,0.10095643,-0.07539385,-0.09149485,0.18564261
2016-07,-0.17381974,0.05665072,-0.0751073,0.02071563,-0.15257596,-0.09600863,0.05919003,0.0373644,-0.03366488,-0.06004963,-0.00881954,-0.08537271,-0.06344828,0.01121915,-0.08083442,-0.12658228,-0.13710555,0.00992977,0.03315995,0.03030303,0.00473934,0.00579106,-0.01677048,-0.01489002,0.00152905,-0.06142506,-0.07322929,-0.09593169,0.33408402,-0.13355049,-0.0019802,-0.07819124,-0.13863636,-0.03780902,0.00443891,-0.01536189,0.02841077,-0.07852194,-0.10634573,-0.11139402,-0.12687585,0.00385505,0.03703704,0.05555556,-0.05981555,-0.15976676,-0.15113872,0.17360633,0.08024328,-0.02300613,-0.0620155,-0.14448669,0.02340702,0.39528995,0.00504009,0.03369622,0.03255069,-0.0974456,0.23234568,-0.05359712,-0.0645463,-0.01245294,-0.07046263,-0.31850675,-0.1420433,-0.14211055,0.00754473,0.00422833,-0.03389831,-0.02495379,-0.03446691,-0.14162437,0.08656126,-0.17147708,0.01755725,-0.02255639,-0.08057706
2016-06,0.0451931,0.37179856,0.03099328,0.084,-0.01652346,0.35352761,-0.22836538,-0.26056338,0.12110727,-0.09332154,0.05454545,0.07329337,0.02873293,0.05849359,0.03271984,0.01228501,0.00445434,0.10569551,0.18535006,-0.01,-0.45301205,0.0892079,-0.24716007,0.18578554,-0.09090909,0.0370844,0.0395124,-0.40407643,-0.05095798,0.38248848,-0.17952756,0.01676245,0.00121212,0.04122137,0.09082284,-0.16587226,0.11321713,-0.04516129,-0.00753546,-0.0032113,-0.00342936,0.09153122,-0.30147662,0.0,-0.00996068,-0.0034965,-0.01263158,0.09545541,0.05830748,-0.00755287,0.01792829,0.00775194,0.08645533,0.00914936,0.09076298,0.17560664,0.17732367,0.05591291,0.00061767,0.00175439,0.02541966,0.09926353,0.03886398,-0.06144393,-0.08424392,0.62719606,0.18375394,0.28924833,0.2,0.10602911,0.03622841,-0.00360453,0.6068314,-0.03017603,0.10995261,-0.06568516,-0.29131214
2016-05,0.02613828,-0.17119695,0.00681818,-0.05325444,0.07122507,0.03478261,0.10468175,-0.01099707,0.03697024,0.00957592,-0.07446809,0.03287879,0.00957854,-0.04942085,0.02253521,0.06537102,0.07340554,-0.06606914,-0.09220117,-0.19393842,-0.18202503,-0.05807229,0.18915588,-0.14848698,0.05950653,0.00780234,0.00470488,0.29454545,-0.06601029,0.0,0.11599297,0.04147926,0.05816832,-0.00759494,-0.05826031,0.11741161,-0.0727358,0.02941176,0.04495413,0.03006012,0.04037491,-0.05863454,-0.08542628,0.0,-0.05622391,0.09170306,-0.19277108,-0.11792295,-0.09511445,-0.00152207,0.00606061,0.08786611,-0.06568365,-0.1496358,-0.05920687,-0.08682984,-0.08713942,0.01517451,-0.04790206,0.01423488,0.03574975,-0.06159856,0.0175841,0.14577778,0.02528399,0.11180401,-0.11761982,-0.17279124,0.04236006,0.00845666,-0.01494307,0.07119021,-0.25149701,0.07420814,-0.08855292,-0.04694323,0.18459495
2016-04,0.04585538,0.38897738,0.10360547,0.04631579,0.22985581,0.14259087,-0.16033569,0.02943396,0.07025987,0.08345679,0.04510756,0.20234604,0.02910705,0.0541633,0.11636928,0.16952573,0.14945652,0.08324146,0.2058951,0.10767857,-0.25452812,0.05794155,-0.16482186,0.16011585,-0.0569273,0.10283688,0.11252354,-0.41793777,-0.3542233,0.00456621,-0.13230769,0.04123173,-0.23714286,0.06889128,0.05747028,-0.11267606,0.10090645,0.0962963,0.14047867,0.12657291,0.15277778,0.05673158,-0.17990445,-0.16122343,0.10333605,0.18872017,0.04577465,0.10671573,0.12345545,0.05305466,0.11086475,0.18095238,0.08588064,-0.35066591,0.05695353,0.18495935,0.18410042,0.07135016,-0.195621,0.06943396,0.05652404,0.00595798,0.10648918,0.43256379,0.12655685,0.09629941,0.11435897,0.17502279,0.0484115,0.08484163,0.0531545,0.16370558,0.6281407,0.21114684,0.19093199,0.01771872,-0.29575005
2016-03,0.08,0.0659305,0.03338969,0.06164384,0.07261592,0.1136131,-0.00132333,-0.08049965,0.10587002,-0.02187652,0.01679496,0.08713184,0.0339929,0.001638,0.04126984,0.05658436,0.0522696,0.00879604,0.0387931,-0.06666667,-0.23667536,0.00025233,-0.01305029,0.02121583,-0.00206754,0.04081633,0.03814582,-0.14440501,-0.12275705,-0.056187,0.04784689,0.05216914,0.40112202,0.04294479,-0.00110385,-0.00681818,0.01472099,0.0201005,0.04212744,0.04154079,0.05439331,0.0,-0.14354378,-0.22386814,0.00644122,0.06245353,-0.06565657,0.09213438,0.03923085,0.05236486,0.04816514,0.06372549,0.00145773,-0.14896659,-0.000749,0.03703704,0.03599153,0.05627198,-0.05769592,0.06,0.07495741,0.01238095,0.04273504,0.09864365,0.07848101,0.18585366,-0.00401506,-0.01149425,0.0776699,0.08733087,0.02406891,0.05840363,0.08758503,0.06010929,0.01120734,0.05140187,-0.08192458
2016-02,-0.02687674,0.07110804,0.02479339,0.08955224,0.05865922,-0.38466667,-0.08,-0.00928154,0.0804077,-0.04887045,0.02696793,-0.99964934,-0.00553598,0.04572908,0.01696284,0.00414938,-0.0095498,0.08600237,0.02992407,-0.09950473,0.99723566,0.09834711,-0.27078753,0.19571568,-0.09830933,-0.00363901,0.00291262,-0.14019751,-0.03691365,-0.06779661,-0.20103093,-0.01300813,-0.024,0.00055741,0.09801018,-0.18758009,0.07195301,-0.06367925,0.01397098,0.00917431,0.01107325,0.09899175,0.53812841,0.36942857,0.01861484,0.02229055,0.10169492,-0.02162273,0.07590562,-0.02446982,0.00461894,-0.00497512,0.05538462,-0.11345291,0.09750567,0.04202279,0.03877103,-0.02055968,-0.01257919,-0.01574803,-0.01115449,0.10101363,0.01480836,-0.0365408,-0.01356908,-0.57303371,0.2004752,0.30067568,-0.23506989,-0.13744589,0.00253421,0.01252472,0.09796673,-0.00221729,0.04693333,-0.05555556,-0.08461276
2016-01,-0.01909091,0.053407,-0.01889962,0.02030457,-0.07504078,-0.02449889,0.00120144,0.06275862,-0.09219858,0.04022989,-0.01731602,0.01587302,-0.02030708,0.01051709,-0.03590527,-0.08204193,-0.11870101,0.03639191,0.02683943,0.14918938,-0.09118774,0.03727246,-0.12278968,0.0772118,-0.03916914,-0.00923952,-0.01315171,-0.10740531,0.23446345,-0.31542587,-0.0811124,0.00599782,0.0,-0.01741971,0.03945962,-0.07735446,0.02509029,0.05472637,-0.03990025,-0.04532578,-0.05499613,0.03853565,-0.02765648,-0.01657769,-0.12524851,-0.08115359,0.1474359,-0.07702651,-0.01547661,-0.00486224,-0.03056769,-0.08154506,0.01251956,0.17154812,0.03975214,0.03097345,0.030326,0.01160766,0.12830674,-0.04155648,-0.00829646,0.03322499,-0.02756892,-0.24380496,-0.1423284,-0.04700855,0.07984293,0.12010444,-0.00468933,-0.00416667,-0.01646296,-0.06588235,0.07723577,-0.12112933,-0.00320684,0.03128492,-0.06865346
2015-12,-0.00090827,-0.05578801,-0.04611067,0.05670103,-0.16847826,-0.01754386,0.01559376,0.1466983,-0.00788955,-0.04112065,0.03555878,-0.05491329,-0.00923226,0.01916376,-0.0691602,-0.11769416,-0.13242454,-0.01396215,-0.02622061,0.13131707,-0.21652065,-0.00900639,0.01001065,-0.01839827,0.00766058,-0.04371217,-0.04620169,0.02884615,0.27711816,-0.02796517,0.01720183,-0.00695187,0.03878116,-0.01698514,-0.00801721,0.00923586,-0.00664894,-0.03755869,-0.08310502,-0.08664955,-0.10584192,-0.00775946,-0.0872549,0.44674797,-0.04085422,-0.13170163,-0.13133208,0.03953176,0.06080831,-0.01419558,-0.0473251,-0.12734082,0.0188383,0.32500496,-0.00814644,-0.02586207,-0.02368616,-0.03454039,0.12047898,0.01378782,-0.01676582,-0.01092896,-0.05110063,-0.29232506,-0.06577267,-0.046875,-0.02042834,-0.03153745,-0.00573394,0.00831601,-0.01172161,-0.11400312,-0.09166667,-0.15057915,0.00971398,-0.00867679,0.03844916
2015-11,-0.02910053,-0.16798825,-0.06434718,-0.13968958,-0.10078931,-0.18257081,0.11135088,-0.0715859,-0.0111336,-0.03036972,-0.11161583,-0.01977401,-0.03196565,-0.07131148,-0.0616209,-0.0748503,-0.09330986,-0.06687991,-0.0915493,0.05670103,0.2042042,-0.06152584,0.20037927,-0.12416428,0.06043614,-0.07066246,-0.07714641,0.31159689,0.22447767,0.01279503,0.12117347,0.00107066,-0.03861518,-0.05428716,-0.0614237,0.12898819,-0.081815,-0.04054054,-0.08445378,-0.08495575,-0.0996264,-0.06118721,0.16411778,-0.32231405,0.01032137,-0.08806366,-0.08967851,-0.16334344,-0.1509114,-0.02631579,-0.06538462,-0.0976431,-0.07714702,0.24396849,-0.06131479,-0.08652576,-0.08695652,0.00112931,0.08943536,-0.03188728,-0.01912859,-0.09256198,-0.0727003,-0.22285714,-0.04011371,-0.25,-0.1199181,-0.1779476,-0.08113804,-0.04724409,-0.03528851,-0.08217869,-0.24822695,-0.12338983,-0.12249762,-0.05668016,0.18980868
2015-10,0.01697945,0.12675596,0.01091046,-0.0235546,0.01767215,-0.19919246,0.04023777,0.04769231,0.0781427,-0.02037351,0.00260247,0.04360465,0.02333495,-0.01529791,0.01009421,0.01437216,0.03164557,0.03280644,0.07032967,-0.01722391,0.39702517,0.02449207,-0.07876631,0.04841897,-0.02506112,-0.00251414,0.00123813,-0.22049325,-0.03519769,-0.09295775,-0.05030675,0.05122616,0.01761518,0.02009274,0.02407945,-0.05224719,0.03841298,-0.01518438,0.01916525,0.00589275,0.00873908,0.02416357,0.20848867,0.08765052,0.054,0.01018221,-0.00506757,-0.00015335,0.08699634,0.0172144,0.00576923,-0.00333333,0.00881057,-0.08114286,0.02342243,0.06797477,0.0647482,0.00281215,-0.02877989,-0.01027523,0.02561308,0.056584,0.0188253,0.02863535,-0.00945776,-0.33629893,0.04646952,0.06750572,-0.1217547,-0.06721163,0.01083815,0.03189401,0.1892562,0.01577503,0.07977355,-0.00098619,-0.1424581
2015-09,0.02516309,-0.01357027,-0.01074472,-0.06786427,-0.03030303,-0.16433022,0.12016293,0.10038462,0.06968215,0.04944321,0.01036269,0.02108434,0.01076321,-0.02265625,-0.00133511,-0.01828822,-0.01499118,-0.02014599,-0.00568679,-0.06886792,0.24920128,-0.02120718,0.05303978,-0.04335533,0.020625,-0.0092707,-0.00730816,-0.01999137,0.00680876,-0.13793103,0.04230769,0.01381215,0.06956522,-0.00409207,-0.02142857,0.03645023,-0.01319779,0.04576659,-0.01493776,-0.01385681,-0.0163835,-0.0208901,0.16871832,-0.04134228,-0.00098863,-0.04844467,-0.00511945,0.14264973,-0.09113479,0.0127186,-0.01325758,-0.02250804,-0.01603499,-0.02929247,-0.02118682,-0.0055788,-0.00502152,0.01983003,0.01911967,0.02024134,0.03089888,0.00545145,-0.00589102,-0.03365999,-0.00627943,-0.24852071,-0.04648494,-0.06588735,-0.08654603,-0.05457599,-0.00381134,-0.01057692,-0.03052209,-0.00877785,0.04800431,0.05439331,-0.0029383
2015-08,-0.05628848,0.00709906,-0.00365631,-0.06088561,0.06160867,-0.08613346,0.02544529,0.01269231,-0.02747909,0.0,-0.00694006,-0.07042254,-0.02455146,-0.02193646,0.01440733,0.04151754,0.05979203,0.03832117,0.00218818,0.07147362,0.05932203,0.0453379,-0.13354804,0.09020218,-0.04458977,0.00120919,0.00118718,-0.05934395,-0.10569431,-0.07142857,-0.08816705,-0.02885624,-0.10505837,-0.00601504,0.04534102,-0.09202454,0.03178394,-0.02838428,0.01803607,0.02539503,0.03021327,0.04671115,0.06351039,-0.0635998,-0.02449079,0.06453278,0.08571429,0.00068989,0.04785921,-0.03353659,0.0037037,0.04388715,0.0,-0.16967126,0.04502213,0.00700771,0.00865177,-0.04837852,-0.05104857,-0.04196064,-0.05369484,0.05062389,-0.00215983,0.05348837,-0.02415181,-0.10994764,0.08847607,0.13797314,-0.03787879,-0.04102977,-0.02590555,0.05270588,-0.007109,0.05231788,-0.04923077,-0.03603604,-0.04013962
2015-07,-0.09833466,-0.11712462,-0.11182109,-0.13268608,-0.17322479,-0.05565693,0.05555556,0.06586078,-0.08059385,-0.11102574,-0.09320606,-0.23043478,-0.07775847,-0.07916667,-0.11509972,-0.13164251,-0.14889048,-0.06373378,-0.05183673,0.08981759,0.02684564,-0.06373975,0.20737694,-0.12883163,0.06305732,-0.10546039,-0.11003124,0.16018457,0.32765178,-0.15011547,0.12749004,-0.09238095,-0.04342432,-0.08135283,-0.06295767,0.12859441,-0.06741192,-0.12619503,-0.13333333,-0.12758787,-0.14792899,-0.06371681,0.02906977,0.04464286,-0.02018306,-0.20915549,-0.14937759,-0.12377705,-0.09121299,-0.09128631,-0.10894309,-0.14728682,-0.06451613,0.447377,-0.0635393,-0.05736636,-0.05503356,-0.0842259,0.17404376,-0.10953481,-0.10129001,-0.06442022,-0.10388783,-0.3417782,-0.0977054,-0.08333333,-0.12513572,-0.1870155,-0.02248876,-0.02285264,-0.0718982,-0.15262751,-0.17252196,-0.18376963,-0.0593343,-0.15076661,0.10862505
2015-06,0.02683983,-0.11968277,0.0044374,-0.10324484,-0.03547009,0.08941914,0.15548387,0.04668412,0.0,0.14027349,-0.04378378,-0.1,0.06060606,-0.05217391,0.01892202,-0.00934579,-0.00828157,-0.02679792,-0.06800151,0.00767799,-0.21161826,-0.01503759,0.03870788,-0.0295124,0.01360985,0.00376952,0.01501921,0.20361348,0.04571429,-0.21243523,0.0260989,0.08161157,0.025,0.02081406,-0.01429825,0.02425373,-0.03728427,0.1901566,0.00268186,-0.003305,-0.00289575,-0.01391304,-0.13342551,-0.06917624,0.06176544,0.0305002,-0.01997337,-0.12912712,-0.02534842,0.09009009,0.01302932,-0.01477833,-0.04761905,0.02881844,-0.01487276,-0.06193078,-0.060625,0.10696921,0.02035038,0.11560694,0.10740741,-0.02804642,0.00829082,-0.05379946,0.01979708,0.10362694,-0.0326456,-0.04748858,0.05197828,0.0356564,0.02387671,-0.01326944,-0.1882762,-0.02357564,-0.07606762,0.18913676,0.1233699
2015-05,-0.0446281,0.0605364,-0.025966,-0.13642053,-0.0300659,-0.13190955,0.08483106,0.03336339,-0.05527638,-0.03125,-0.06801008,0.16330645,-0.0087196,-0.07350216,-0.03104213,-0.02763677,-0.03202135,0.01696329,0.03492936,0.05008551,0.11901082,0.01101495,-0.03941547,0.02047038,-0.01091142,-0.02421053,-0.02988115,-0.12322191,0.00683625,0.29453682,-0.02024291,-0.02270434,-0.01140684,-0.01192114,0.00902016,-0.02199696,0.0145047,-0.01789709,-0.02545692,-0.02218115,-0.02034059,0.01053556,0.09943074,0.0166501,0.07230197,-0.05495772,-0.0246114,0.00507886,-0.0180591,-0.01343284,-0.02232855,-0.01932367,-0.03955501,-0.01309735,0.00893167,0.03266332,0.03361345,-0.03682573,-0.00070671,-0.03163445,-0.03646636,0.00853298,-0.03865031,-0.02100927,0.00944099,-0.18907563,0.01588142,0.02712816,-0.06126915,-0.04728682,-0.01997875,-0.02589928,0.09229099,-0.00441176,0.04887218,-0.01188119,-0.0734366
2015-04,-0.0546875,-0.1021021,0.0441793,0.08633094,0.15056818,0.03324349,-0.130625,-0.05010707,0.05306122,-0.06107784,0.0510038,0.17411765,-0.00541272,0.07743658,0.05244755,0.11076149,0.10014728,-0.02428494,-0.05100521,-0.06956522,-0.15508685,-0.01766061,0.03743467,-0.03745318,0.0183727,0.04264625,0.04609929,0.12289729,-0.3836509,0.07,0.03813559,-0.00837026,0.01627034,0.01907864,-0.01842561,0.0315989,-0.02295345,-0.05636743,0.08926674,0.08475426,0.09958506,-0.01802575,-0.08723262,0.0,0.07902137,0.02938776,0.0834512,0.03763441,-0.01951046,-0.01317716,0.05733558,0.13461538,0.03057325,-0.2917297,-0.01815405,-0.04979004,-0.04929144,-0.01757028,-0.17391304,0.01028004,-0.00452489,-0.02304,0.05029014,0.32249322,0.11992209,0.04608295,-0.03925044,-0.05979203,0.02748092,0.01764234,0.040044,0.12738337,-0.1624714,0.16666667,-0.02594547,-0.09536542,0.09141675
2015-03,-0.02755906,0.02760661,-0.04131189,0.02810651,-0.09010209,-0.0888,-0.03788334,-0.00213675,-0.12885662,-0.03283815,0.03392659,-0.07333333,-0.03224382,0.00336022,-0.0469457,-0.0702381,-0.07002801,-0.01247289,0.01115385,-0.00837373,0.02766798,-0.0193927,0.04731243,-0.03812681,0.01771654,-0.0368,-0.04412272,-0.08036171,0.15963226,0.03053435,0.03667137,-0.05113636,-0.04912281,-0.03900227,-0.01746196,0.02946419,-0.01800064,-0.01871102,-0.06150187,-0.0543162,-0.06137725,-0.01716738,0.03622159,0.63577236,-0.11370558,-0.07039337,-0.07008086,-0.11526055,-0.03822431,-0.0286944,-0.04746318,-0.08051948,-0.00510856,0.13819227,-0.01805544,0.01741294,0.01724138,-0.03680079,0.10742399,-0.07051071,-0.08635737,-0.02547771,-0.04030227,-0.17094017,-0.0751261,-0.13461538,-0.03808323,-0.05993151,-0.03145574,-0.02096273,-0.03293864,-0.07400232,0.03233831,-0.08078603,0.0009009,0.01769088,-0.04308218
2015-02,-0.02081727,-0.07915743,0.02622322,-0.01023392,0.11089957,-0.00475059,0.00745342,0.0,-0.03543647,0.03406814,0.51092437,0.02921348,0.00705779,-0.00267917,0.03044227,0.06857855,0.02491103,-0.05016637,-0.03906535,-0.05700814,-0.0863747,-0.05677171,0.15717577,-0.10073801,0.04840941,0.0166309,0.02014588,0.08828065,0.05473389,0.08342665,0.09859155,-0.00518135,0.01204819,0.01649863,-0.05113544,0.1054537,-0.03920061,0.04449153,0.05418719,0.03779214,0.04722793,-0.05105348,-0.04489376,0.33824045,0.12708453,0.02569503,0.02884615,0.04214811,-0.03298917,0.03074671,0.02155887,0.03743316,-0.0259901,-0.07525848,-0.04998798,-0.03780272,-0.03642987,0.0595177,-0.01918429,0.00666667,0.05988315,-0.05107283,0.03329065,-0.03782506,0.11388411,-0.03296703,-0.09853768,-0.14347513,0.0051207,0.01167315,0.0149383,0.01681658,-0.12932833,-0.02792696,-0.11664013,0.0233209,0.05710163
2015-01,-0.02608048,0.18349818,-0.03095685,-0.148,-0.09037239,-0.20724095,0.05921053,0.06302336,0.03968939,-0.05664653,-0.12302839,-0.10617761,-0.06111567,-0.05169113,-0.04555556,-0.07327327,-0.10837766,0.08662069,0.09872102,0.0604333,0.05844156,0.08681005,-0.22238182,0.16258446,-0.08189379,-0.03139717,-0.03642496,-0.2861714,0.20827372,-0.10480519,-0.16489362,-0.04883513,0.12200684,-0.03873239,0.08213534,-0.15501154,0.07224771,-0.07003891,-0.07276368,-0.07163054,-0.08228461,0.08086957,0.09473684,-0.39304219,-0.09453125,-0.07825736,-0.13316893,-0.02930878,0.03285579,-0.05349794,-0.05271565,-0.08184143,0.01126408,0.13892365,0.08158528,0.09401159,0.09463931,-0.04694377,0.10513644,-0.09228442,-0.03810409,0.0763507,-0.05049261,-0.21594349,-0.00812763,-0.33007335,0.16589147,0.25264085,-0.08622995,-0.07292419,-0.04322527,-0.0686907,0.25881743,-0.1040724,0.09494568,-0.12679426,-0.18760611
2014-12,0.01746725,-0.09619952,-0.07652325,-0.07843137,-0.20657113,-0.48296199,0.06765328,0.05116279,-0.05564388,0.01563096,-0.02059732,-0.08127208,-0.03713839,-0.04918033,-0.11473019,-0.18073438,-0.24153166,-0.03031116,-0.05291207,0.14909958,1.18478261,-0.02555022,0.05481137,-0.04896803,0.02418301,-0.09369115,-0.09828158,0.08633522,0.50993998,-0.24741366,0.05,-0.03015941,0.03055229,-0.06119097,-0.0257334,0.04232969,-0.02933673,-0.01328273,-0.16138805,-0.1503937,-0.16468725,-0.02638298,0.70661673,-0.10326087,0.01550802,-0.1987797,-0.18226601,-0.0099655,-0.02709667,-0.01338688,-0.10623229,-0.22674419,-0.05131265,0.57903426,-0.02540591,-0.04811845,-0.04562738,-0.00288184,0.23868395,0.01692308,-0.0178731,-0.02449109,-0.09413068,-0.40538991,-0.22067549,-0.6612766,-0.05556922,-0.08108108,-0.27810362,-0.1905041,-0.09450591,-0.18948323,-0.16527473,-0.22644377,-0.05478222,-0.02599388,0.08586502
2014-11,-0.00937275,-0.09285367,-0.04002239,-0.0702765,-0.16131934,-0.00090909,0.03302611,0.01657982,-0.04400607,0.00498657,-0.06307618,-0.05,-0.00315582,-0.04795322,-0.07692308,-0.12627119,-0.14749135,-0.01003065,-0.04662005,0.06938544,-0.15089514,-0.0023678,-0.0095363,-0.00262238,-0.00125471,-0.03403864,-0.04115226,0.08991651,0.25742358,-0.09930435,0.00256739,-0.00993521,-0.01169591,-0.0275974,-0.00035667,-0.00525813,-0.01441441,0.01195219,-0.08696748,-0.08951965,-0.10094408,0.0,-0.07678133,0.01165604,-0.01408077,-0.14881933,-0.11130435,0.00422589,-0.03167609,-0.00536913,-0.05585831,-0.12283737,-0.02270012,0.30854271,0.00017498,-0.04328733,-0.04198966,-0.01846591,0.19038687,-0.03245013,-0.00982582,0.00296443,-0.05938494,-0.27129061,-0.11179741,-0.02702703,-0.00397984,-0.01271571,0.00662879,-0.0103211,-0.02596207,-0.13150094,-0.14877506,-0.14045699,-0.04658672,0.0475793,0.05678553
2014-10,0.05373832,-0.12377294,-0.02345881,0.05212121,-0.092918,-0.11800522,-0.03418182,-0.02718894,-0.00927357,0.14816434,0.01034483,-0.00487805,0.00118297,0.02353651,-0.0354641,-0.08862685,-0.10018904,-0.04223108,-0.06671501,0.02783415,0.15245478,-0.03780242,0.10067828,-0.07114148,0.03527106,-0.00412277,-0.00786484,0.18022111,0.19513543,-0.05198294,0.07073509,0.08278765,0.10891089,-0.00322971,-0.0351974,0.06661869,-0.04005655,0.14058957,-0.05924889,-0.05661017,-0.05993266,-0.03568394,0.10588235,-0.02800342,-0.09625923,-0.09605361,-0.0471246,0.01970899,-0.03726559,0.06704708,-0.016,-0.09161491,-0.01301775,0.21649485,-0.03633465,-0.06024808,-0.05946602,0.11128445,0.09350649,0.15628227,0.08817829,-0.04612954,-0.01253918,-0.19517911,-0.09304029,-0.18520986,-0.07258065,-0.1123506,-0.0593692,-0.03898305,-0.01346434,-0.08721768,-0.18813314,-0.10307467,-0.07191781,0.08882784,0.11138334
2014-09,-0.10272537,-0.21312873,-0.06,-0.10289389,-0.06203474,0.07674004,0.08300395,0.05084746,-0.06538735,-0.11119782,-0.05007019,-0.10059172,-0.04169826,-0.05665722,-0.0587269,-0.03709091,-0.022694,-0.05995986,-0.12020625,0.06780186,-0.14823529,-0.04748132,0.14740796,-0.09274936,0.04412763,-0.05340224,-0.05758157,0.40383426,0.01772948,-0.08961593,0.08669656,-0.07616602,-0.06849315,-0.05208732,-0.04471845,0.09313453,-0.07602339,-0.1321499,-0.0476296,-0.04177461,-0.04494382,-0.045677,-0.09415205,-0.07366337,0.04927885,-0.03202847,-0.05374001,-0.12438854,-0.07938475,-0.07304117,-0.0540201,-0.02402402,-0.0660793,0.00856955,-0.04536298,-0.11122881,-0.11189571,-0.11347846,0.01666667,-0.13013502,-0.09860384,-0.08414815,-0.07160373,-0.02475088,-0.02064261,0.10594668,-0.08827493,-0.13263158,0.03754106,0.02321631,-0.04207964,-0.03101134,-0.30713919,-0.01092268,-0.13409962,-0.14522494,0.24941941
2014-08,-0.01778386,-0.0863657,-0.01178831,0.02430939,-0.02061123,0.12014674,-0.00472069,-0.06349206,-0.00774648,0.00585937,-0.00825309,-0.00298063,-0.00569692,0.01211073,-0.00362903,-0.00318134,-0.01306497,-0.0140982,-0.04656789,0.00155039,-0.20253165,-0.004947,0.00923273,-0.00985222,0.004851,-0.00339703,-0.00270416,0.13542689,0.01878657,-0.04013423,0.00936037,-0.02647059,-0.07037815,-0.00680787,-0.00418074,0.00636059,-0.0151601,0.00394477,-0.01206897,-0.00473934,-0.0096423,-0.00479233,-0.12665929,-0.02321083,0.01000715,-0.02513966,-0.011486,0.04706442,-0.02656733,-0.001321,-0.00493827,-0.00580552,0.0,0.02345416,-0.00433583,-0.04097951,-0.0414959,-0.03381425,0.0245614,-0.01713796,-0.00983326,-0.00503405,0.0,-0.03150766,0.00349528,0.18790036,-0.01093951,-0.01767016,0.06405354,0.04893495,0.00069589,-0.00585982,-0.12982605,-0.01188174,-0.05859235,0.00783699,0.08493009
2014-07,-0.07876497,-0.06514109,-0.03629808,0.08700834,-0.05677049,-0.2515667,-0.09407666,0.00684932,-0.05080214,-0.11650815,0.01666667,-0.05865922,-0.01813472,0.053076,-0.04434251,-0.05621693,-0.0604559,-0.03581527,-0.0353931,0.03206156,0.48874598,-0.03657143,0.09921448,-0.06819694,0.03269367,-0.04361745,-0.05292621,0.08103771,0.13122807,-0.06935687,0.06732348,-0.1019037,-0.08196721,-0.04657829,-0.03375098,0.06293198,-0.02786207,-0.09430605,-0.05464481,-0.05437352,-0.05652681,-0.03421462,0.30176211,0.0598606,0.03197462,0.0,-0.05623306,0.01767889,-0.03289294,-0.0695122,-0.05355064,-0.06594886,0.0,0.13577236,-0.03401674,-0.02796528,-0.03117269,-0.05894562,0.05942029,-0.03686382,-0.07316119,-0.03233256,-0.03477051,-0.12770839,-0.07334924,-0.36682756,-0.0680065,-0.10617876,-0.13771966,-0.10297131,-0.04308353,-0.05426028,-0.09986785,-0.06536284,-0.03048147,-0.07496361,0.06191266
2014-06,-0.05032183,0.25916828,0.02062362,0.07015306,0.03797758,-0.07060281,-0.05217966,-0.03718459,0.00801068,-0.06925996,0.01612138,-0.08173691,-0.00220345,0.02955665,0.02220491,0.0349076,0.04775087,0.08303617,0.13425469,-0.02879499,0.05498282,0.07116654,-0.18861111,0.13950851,-0.06834771,0.00642312,0.00663604,-0.31281291,-0.07161458,0.04510309,-0.13636364,0.00714286,-0.05727273,0.00684932,0.06967419,-0.13019068,0.07813663,-0.07642276,0.02583712,0.02881407,0.0214222,0.06976744,0.04577192,0.03820177,0.01966152,0.02902725,-0.0055325,0.0145661,0.03447536,-0.02948113,0.01058824,0.03042877,0.04675029,-0.07790262,0.06847969,0.1249324,0.12375139,-0.06235294,-0.03819348,-0.08782936,-0.01738166,0.07045735,0.01170412,0.07961433,0.04077926,-0.1123509,0.14110855,0.21672727,-0.03605016,-0.02441455,0.0088201,0.04473976,0.41066244,0.03597122,0.13398821,-0.08016032,-0.21571615
2014-05,-0.04690117,-0.03229079,0.00048662,0.06621622,0.01949408,-0.08204034,-0.0393401,-0.02532189,-0.01834862,-0.08730847,0.03129584,-0.10974244,-0.04857738,0.02495202,-0.00657132,0.01349948,0.04127782,-0.02615992,-0.01483871,0.00421394,0.06737589,-0.02975207,0.07399545,-0.0550653,0.0253078,-0.01932177,-0.02244949,0.03023301,-0.08413462,-0.01071879,0.05295008,-0.03848921,0.00355872,-0.02697968,-0.02722132,0.05129072,-0.0158869,-0.07196402,0.00852923,-0.00300933,0.0035693,-0.02648475,0.06004804,-0.03542345,0.04293194,0.03938277,0.08558559,0.02837327,0.01843849,-0.05561735,-0.00700117,0.01963534,0.00575374,-0.08310249,-0.02725616,-0.01382243,-0.0147139,0.00590551,-0.04779607,-0.00375,-0.0213536,-0.02982404,-0.02825889,0.08210278,0.01802403,-0.12016866,-0.0549569,-0.08513425,-0.03485255,-0.04192771,0.001,0.03590213,-0.05389965,0.0420354,-0.01689708,-0.10178571,0.02053571
2014-04,0.01240135,-0.06663553,0.01401524,0.03252033,0.02804849,0.23514451,-0.04791537,-0.00469885,0.02150538,0.00542237,-0.00679942,0.06519208,0.03836501,0.00639386,0.02355713,0.03086201,0.0144875,0.00024546,-0.02769997,-0.01172638,-0.30490956,0.00734249,-0.0328869,0.0141995,-0.00884956,0.03055891,0.03340984,0.08526472,-0.02310427,0.03856041,-0.0149925,0.027146,0.0,0.02605282,0.00672664,-0.01927147,-0.00173762,0.02548726,0.02689538,0.02524631,0.02669093,0.00725222,-0.20696452,0.05907719,0.00726518,-0.00092039,0.00440529,0.03894737,-0.00100683,0.02242152,0.01886792,0.0316092,0.01036866,-0.03835801,0.00715535,-0.03120205,-0.03147954,0.02075176,-0.02288269,0.06659591,0.0295389,0.01017355,0.02290076,0.03137255,0.04542314,0.367291,0.01341701,0.01778656,0.1136745,0.09459459,0.02979962,0.01618497,-0.10251366,0.01367569,-0.02970665,0.04464832,0.0550262
2014-03,0.37071651,-0.15151515,-0.0132754,-0.11904762,-0.02557718,-0.03983051,0.26034612,0.20266121,0.00794702,0.05125872,-0.04197761,0.01169591,0.00972622,-0.01883239,-0.01376673,-0.0227427,-0.01983299,-0.05989403,-0.08228929,0.37298748,-0.01362398,-0.053032,0.154247,-0.09980928,0.05319914,0.02330335,-0.010286,0.25026483,0.04954663,0.04666667,0.10684474,0.03525398,0.18290043,-0.00106345,-0.05127024,0.10268738,-0.05383562,0.05929487,-0.0164271,-0.01728763,-0.01586835,-0.05182927,0.00900277,-0.03449692,0.0046608,0.00835267,-0.01974612,0.0338032,-0.02896513,0.03703704,-0.00465116,-0.02475928,-0.02895323,0.04236669,-0.0514634,-0.07528409,-0.07662464,0.00367497,0.03165787,-0.03520408,0.03120357,-0.05066516,-0.0004697,-0.04845815,-0.03104978,-0.0651052,-0.10263362,-0.1508069,-0.01848875,-0.01359517,0.00393971,-0.0147552,-0.22356547,-0.02478678,-0.08279387,0.07268008,0.15873453
2014-02,0.01265823,0.18643248,0.05412371,0.08247423,0.03113858,-0.04660194,-0.07643312,0.31987179,0.08474576,0.04672897,0.00749064,0.20583942,0.09635628,0.03352676,0.05008143,0.04277498,0.0726512,0.06298425,0.09996836,0.02298851,-0.17788462,0.05467245,-0.15322915,0.10274223,-0.05455755,0.06042553,0.06614259,-0.25703494,-0.13003514,0.13977268,-0.10826211,0.08580996,-0.0096463,0.06915098,0.05192878,-0.09980867,0.06591449,0.0459364,0.05518909,0.04930025,0.05091138,0.05327869,-0.05762712,0.17746615,0.00387797,0.04510184,0.06039755,0.05994152,0.04389991,0.06926952,0.05721393,0.05131965,0.0502924,-0.12208589,0.05165306,0.09057592,0.09349812,0.08421517,-0.07666667,0.08438215,0.07796471,0.05912831,0.05366098,0.13251056,0.07408733,-0.09764198,0.10392507,0.15945017,0.0493624,0.01051051,0.03834438,0.06277161,0.28877737,0.06431054,0.04454023,0.07016248,-0.17305562
2014-01,-0.04825949,-0.08262967,-0.01927466,-0.06745562,-0.00986379,0.25860788,-0.00965108,-0.03004572,-0.03165468,0.01211923,-0.05794557,-0.05329593,0.02007528,-0.05548854,-0.0164197,-0.00606277,-0.00263852,0.0017726,-0.04519084,0.02870813,-0.50293083,0.01682752,-0.05653219,0.03314066,-0.01746442,0.00773861,0.00518984,0.11446029,-0.03419936,0.01347826,-0.03364738,-0.00461409,-0.03215768,0.0066251,0.01771186,-0.04435163,-0.00875371,-0.01748252,-0.00524361,0.00382653,0.00251414,0.01599327,-0.32898876,-0.18034086,0.10088851,-0.02321175,-0.00683371,-0.03143945,-0.02007006,0.00380228,-0.00124224,0.01325479,-0.03487064,-0.04059701,0.01771162,-0.04056795,-0.04056162,-0.0074989,-0.02791625,0.01333333,-0.00569106,0.0127965,-0.01383399,0.03339947,-0.02929014,0.3451087,0.03193988,0.04832714,0.1552795,0.06037736,0.00900901,-0.00311005,-0.12530662,0.01665206,-0.06236324,-0.08100749,0.07726528
2013-12,-0.05318352,0.02072539,0.00945324,0.09090909,0.0152724,0.13789108,-0.0453579,-0.12290825,-0.03436426,-0.01354839,0.06759907,-0.06563707,-0.02201386,0.06342088,0.00715706,0.00950704,0.03101362,-0.01049667,0.01145038,-0.09662045,-0.24315068,-0.01341282,0.0136336,-0.02637704,0.01157556,0.01084128,0.01828761,-0.09821729,-0.1008872,-0.09201624,0.02124834,-0.01884474,-0.0152439,0.00273117,-0.01241708,0.01509952,0.00075758,-0.03826955,0.01363046,0.01322002,0.01622465,-0.01184433,-0.1543526,0.03020833,-0.04149933,0.05655656,0.04490107,0.00288101,0.02190505,-0.01361386,0.01616915,0.02810651,0.03516999,-0.09874429,-0.01366667,0.01479915,0.0135428,-0.02103004,-0.05912162,0.02409639,-0.02070064,-0.01472893,0.01237011,0.10003414,0.03541811,0.20859243,-0.02803298,-0.04528582,0.06925065,0.05399196,0.00682226,0.03350205,0.00892658,0.04869359,0.01057003,-0.08328154,-0.04792062
2013-11,-0.09629148,-0.16897919,-0.02794263,-0.04820766,0.04287425,0.18105557,0.00284293,0.03319744,-0.03353057,-0.0348367,-0.0293203,-0.04009721,-0.00283976,-0.03907204,0.00318725,0.03635696,-0.00151803,-0.05607696,-0.08950276,-0.05764513,-0.25737101,-0.05158184,0.15427791,-0.09933775,0.04837595,-0.00129702,0.00165517,0.29891304,0.03493789,-0.03443709,0.09633028,-0.00526956,-0.05837321,-0.00883596,-0.04923198,0.09970508,-0.06290523,-0.00493421,0.01075269,0.01210962,0.01487813,-0.05011746,-0.1633383,-0.05920281,0.04445074,-0.02652911,-0.03791822,-0.03040354,-0.06072761,0.00996264,0.0,0.01972686,-0.04835165,0.03317811,-0.04959061,-0.08703704,-0.08728653,0.03672566,0.04024691,-0.12354805,-0.0031746,-0.04883721,0.0024667,-0.03884462,0.06235144,0.30798479,-0.09572961,-0.14394383,0.0974212,0.07200497,0.01508542,-0.00312951,-0.2458775,-0.01963082,-0.10282862,-0.03192771,0.18879781
2013-10,0.06736111,0.06174778,0.02147007,0.0375,0.01852292,-0.10597826,-0.00635593,-0.10005294,-0.00065617,-0.03086605,0.00311943,-0.00716846,-0.00760913,0.01353014,0.00633413,0.00362319,-0.01114413,0.02603918,0.03338088,-0.0515625,0.11206897,0.02547324,-0.09749615,0.05053283,-0.02508475,-0.00595745,-0.00919913,-0.13794576,0.10088235,0.0107095,-0.04726736,-0.00561798,0.01653696,-0.00266768,0.02528293,-0.06377716,0.0313253,-0.01615509,-0.00961744,0.00094103,-0.0150399,0.02635783,0.09066397,0.07521008,0.01367911,-0.02994577,0.01662887,0.02245275,0.04438873,-0.02063107,-0.00851582,-0.02608696,0.03467562,0.09025507,0.02559458,0.03443329,0.03380696,-0.00911063,0.05001309,-0.04367584,-0.01401323,0.02697895,0.00294118,-0.09432314,-0.00340868,-0.15168196,0.045,0.06223307,-0.04153182,-0.04324956,-0.00268914,-0.02255289,0.07472805,-0.054253,0.0347079,-0.00951814,-0.08654327
2013-09,-0.05954693,-0.21310832,-0.03907553,0.01840491,-0.04689253,-0.10362117,-0.03476483,0.08688147,0.07047216,-0.06853496,-0.00664011,-0.05423729,0.00684105,0.00121581,-0.03892668,-0.04614325,-0.02243938,-0.07056539,-0.11251236,0.0,0.13540856,-0.06195444,0.15767196,-0.11816881,0.05991124,-0.03543788,-0.03894764,0.26913081,0.10281598,-0.04062777,0.1295972,0.03785358,-0.04193849,-0.02114243,-0.0604017,0.11395614,-0.0745429,-0.04049844,-0.04385787,-0.05266238,-0.04239766,-0.05981036,0.10183519,-0.0483808,0.09489732,-0.03484163,-0.016,0.00970597,-0.08636061,-0.01314217,-0.03500583,-0.05082418,-0.02258065,0.10276968,-0.0598389,-0.10721736,-0.10645575,-0.07071113,0.04274683,0.01564103,-0.02539803,-0.05612798,-0.02280285,-0.10211996,-0.0804918,-0.15367965,-0.12022141,-0.18040293,-0.05038961,-0.03316181,-0.02184551,-0.02748367,-0.32302201,-0.04927761,-0.10786651,0.01960784,0.20554855
2013-08,0.10014306,0.40542133,0.04522613,0.04086845,0.05112279,0.08671415,-0.03992147,-0.01111111,-0.02407153,0.02672293,0.01611418,0.08801956,0.02732919,0.01428571,0.02572097,0.02006336,0.00073883,0.08763133,0.20320691,-0.03846154,-0.17794028,0.06525735,-0.18355482,0.12706817,-0.06425154,0.0335599,0.04030295,-0.44853151,-0.01272265,0.052,-0.1264881,0.03567036,0.04916318,0.03586579,0.06326514,-0.12818857,0.09736917,0.04200323,0.02218501,0.01975684,0.02375225,0.06284368,-0.10325229,0.07014614,0.0537985,0.0204461,0.01626016,-0.01648045,0.05568973,0.02325581,0.0253012,0.02263083,0.03720406,-0.03402778,0.06345394,0.19207003,0.19135477,0.0898177,-0.01271989,-0.025,0.03165809,0.06643357,0.02253797,0.02165196,-0.00404269,0.15803279,0.12694922,0.19681456,0.05747768,0.0375895,0.03928376,0.01402299,0.64990958,0.00548733,0.19859467,-0.02472042,-0.32008786
2013-07,-0.18967517,0.01409278,0.02320186,-0.02,0.05208067,-0.08259912,0.03576159,-0.04117647,-0.02154882,-0.04544261,-0.01249422,-0.03981797,-0.00652263,-0.0177805,0.02523028,0.04641664,0.04352895,0.04625278,0.00926498,-0.06086957,0.06861413,0.05350288,-0.16124436,0.10569688,-0.05664062,0.0072774,0.00652706,-0.08436791,-0.15719745,0.04444444,-0.11440108,-0.01752988,-0.11069767,0.00618716,0.0563857,-0.11225983,0.03776925,-0.02018634,0.04736609,0.05069422,0.04460019,0.0566968,0.05092276,0.0006267,0.07327285,0.05670886,0.04906542,0.05905102,0.04422477,-0.01081731,0.02236025,0.05972435,0.00455063,-0.14358395,0.05638824,0.01082474,0.0110935,-0.03730394,-0.09507722,-0.03317073,-0.01997695,0.0586983,0.01093983,0.15255333,0.11637225,-0.13737155,0.10289319,0.15742511,-0.04056902,-0.01852924,0.01695547,0.05914378,-0.00176056,0.07758869,0.01564246,-0.00116822,-0.03394153
2013-06,-0.00621118,-0.26660915,-0.05454545,-0.12598425,0.00180599,-0.21870287,0.14563807,0.00811124,-0.00400534,-0.08125445,-0.07537248,-0.0989899,-0.03144654,-0.07607433,-0.03986068,-0.01474926,0.00551833,-0.13310135,-0.15005274,-0.04407243,0.3424408,-0.1300106,0.4406093,-0.25304204,0.12779783,-0.05688744,-0.05905106,0.42889864,-0.06580466,-0.08629442,0.25695581,-0.05599399,0.02380952,-0.05079131,-0.12746319,0.28607656,-0.12935194,-0.07264957,-0.01344797,-0.01376881,-0.01425404,-0.12545587,0.23390829,-0.09009694,-0.04409814,0.02278612,0.00864101,-0.12894099,-0.10793521,-0.04925544,-0.03159174,0.01713396,-0.09473684,-0.06368772,-0.12690538,-0.136121,-0.13694268,-0.07246948,-0.04074074,-0.02014218,-0.04651163,-0.12621622,-0.04645594,0.05686206,-0.02322232,-0.31357196,-0.24291773,-0.3483927,-0.11074613,-0.09062171,-0.04498393,0.01471708,-0.39423077,0.03075995,-0.13798598,-0.10451681,0.29488491
2013-05,-0.11135734,-0.12751678,0.00899326,0.09398496,0.00688013,-0.1787551,-0.10566038,-0.04827586,-0.04427577,0.03333333,0.07179972,0.02171665,-0.02210159,0.0483571,0.00235571,0.00074738,0.0068576,-0.0531401,-0.06604251,-0.08111455,0.23404255,-0.05365554,0.14830434,-0.10407007,0.05059524,-0.00571195,-0.01135484,0.19261603,-0.01234568,0.01851852,0.10051993,0.00381825,-0.05745063,-0.01723506,-0.05095316,0.09168146,-0.0445236,0.03687316,0.00763359,0.0055483,0.00225806,-0.05077574,0.16040956,0.12589228,-0.10235979,0.00157068,0.02427184,0.08720154,-0.01629159,-0.01027397,0.00246305,-0.00315956,0.02192982,-0.02427184,-0.05158151,-0.06153846,-0.06211724,0.07275877,-0.01929625,-0.04055594,0.01215917,-0.04344412,0.01330049,0.01245878,0.01783724,-0.26742919,-0.10539602,-0.15593483,-0.08775685,-0.07425501,0.00654545,0.01383812,-0.18843284,0.00679222,-0.07198795,-0.0156658,0.10963725
2013-04,-0.02896996,-0.27529156,-0.04988345,-0.08296943,-0.08222116,0.12757937,0.0569395,0.11618468,-0.01426799,0.03208955,-0.08371512,0.04160584,0.01367722,-0.02868852,-0.03820475,-0.05321739,-0.04369115,-0.09143932,-0.13925392,0.0399597,-0.22359155,-0.07937395,0.18031732,-0.15575861,0.07704785,-0.02120141,-0.01962245,0.36509901,0.08337494,-0.09400705,0.15337423,0.01934985,-0.04977376,-0.01425009,-0.076938,0.13672566,-0.09609949,0.03939394,-0.05055358,-0.04777845,-0.05133594,-0.07717042,-0.14943491,-0.08170378,0.08520791,-0.03144016,-0.03388554,-0.10776648,-0.05727069,0.01718213,-0.03500583,-0.05701754,-0.06112224,0.0751634,-0.07736699,-0.13374189,-0.13399779,0.01730852,0.02913556,-0.01037204,0.0136481,-0.08285985,-0.03674419,-0.09064885,-0.10029354,0.1778481,-0.16021241,-0.25251678,0.06827492,0.0626294,-0.0231823,-0.04653996,-0.40420082,-0.0438293,-0.13831967,0.08710218,0.24512238
2013-03,-0.01583949,-0.01795005,0.00632467,-0.06378601,0.0021692,0.29942768,0.0660091,0.02590674,-0.02543913,-0.04193019,-0.01719198,-0.0540275,-0.01385148,-0.03519553,0.01391501,0.04071247,0.05898764,0.00872038,-0.00541216,-0.04157194,-0.36004452,0.01361059,-0.04037713,0.02469406,-0.00799361,0.01062992,0.01069918,0.0182708,-0.11849073,0.02650602,-0.027833,-0.01646091,0.0009009,0.00213068,0.01318552,-0.02842857,0.00829263,-0.0342368,0.01246567,0.01449275,0.01613394,0.01305483,-0.24843945,-0.04031958,0.0445474,0.04615385,0.05179283,0.07144878,-0.00174757,-0.01442841,0.00937866,0.03975535,-0.01855469,-0.11801541,0.01273476,-0.00742574,-0.00724113,0.00497719,-0.06285714,-0.02262245,-0.0064493,0.01369534,0.00185874,0.12473272,-0.00484183,0.48190476,0.02488688,0.03519488,0.14735186,0.10051694,-0.00488741,0.04866803,-0.0291587,0.06139279,-0.00377548,-0.04016693,0.00880088
2013-02,-0.05920398,-0.20312175,-0.05548217,-0.09477414,-0.03958573,0.04916261,0.12566372,0.0633553,-0.03308183,-0.05754759,-0.05875663,-0.11876076,-0.04879825,-0.05985552,-0.05069124,-0.04482759,-0.06573117,-0.0663959,-0.1097109,0.05408163,-0.14437984,-0.05466524,0.17089679,-0.10727449,0.05316456,-0.04703247,-0.0463138,0.37411032,0.12715736,-0.12481918,0.10864745,-0.04255319,-0.01480836,-0.04471545,-0.05233819,0.10955191,-0.07225494,-0.05177112,-0.05347913,-0.05296857,-0.05711022,-0.05240444,-0.0766317,-0.0802883,-0.03427419,-0.05443845,-0.06004448,-0.03597413,-0.06138339,-0.03429796,-0.04883463,-0.04782609,-0.07001795,0.1344116,-0.05236302,-0.10384249,-0.10526316,-0.0308741,0.06937269,-0.06796315,-0.03734156,-0.05462375,-0.0474934,-0.12740018,-0.04355292,0.0839656,-0.10453415,-0.15555015,0.03451996,0.02046784,-0.04216467,-0.06105414,-0.29415761,-0.06478076,-0.11277691,-0.07766522,0.23529412
2013-01,0.00650651,0.02555143,0.02350282,-0.0331299,0.04007726,0.03437926,0.0541028,0.00559796,-0.03242035,0.04214384,0.00576701,0.01456522,-0.00144665,-0.01794872,0.02107558,0.04267631,0.0464756,-0.00739437,0.016209,-0.02059419,-0.12587719,-0.0135468,0.03119584,-0.02616114,0.01279863,0.01835564,0.02099928,-0.07938389,-0.09283088,0.04008667,0.02488688,0.03174024,-0.01880342,0.01966874,-0.0120733,0.0197763,0.0070325,0.05113636,0.03699876,0.04256613,0.03910448,-0.01219512,-0.0727323,0.00733663,-0.02321779,0.04596816,0.00074074,0.05401502,0.07286923,0.03207965,0.03103448,0.04242424,0.0,-0.08642603,-0.01244289,0.01665034,0.01737968,0.04185852,-0.04767469,0.00846408,0.01522491,-0.01809651,0.01705566,0.0887633,0.07836831,0.0455243,-0.02750809,-0.04329511,0.02850877,0.02318668,0.02019688,0.04213413,0.03044581,0.04316972,0.00900485,0.02714493,-0.04954205
